id,source,url,title,price_man,price_jpy,address,prefecture,city,lat,lon,elevation_m,elevation_pass,landslide_safe,station_raw,nearest_station,station_distance_type,station_distance_value,drive_to_station_min,transit_to_tokyo_min,total_to_tokyo_min,layout,living_room_size_j,building_sqm,land_sqm,built_year,built_year_str,view_type,view_keywords,natural_light_keywords,description,thumbnail_url,score_price,score_view,score_safety,score_layout_light,score_transit,score_total,status,notes,created_at,updated_at,monthly_fees_jpy,fees_breakdown,slope_hazard_alert,is_exact_pin,slope_hazard_detail,rebuilding_restricted,hazard_category
suumo_78604947,suumo,https://suumo.jp/chukoikkodate/nagano/sc_saku/nc_78604947/,敷地面積は100坪以上！きれいな庭があり、眺望も良好です！,250.0,2500000,長野県佐久市春日2666-1,長野県,佐久市,36.2231823010304,138.351529255196,773.2,1,1,ＪＲ小海線「佐久平」車16.2km,佐久平,drive,16.2km,37,75,112,7DK,,135.53,712.47,1963,1963年1月,nature/mountain,眺望パノラマ,陽当り良好,,https://img01.suumo.com/jj/resizeImage?src=gazo%2Fbukken%2F040%2FN010000%2Fimg%2F947%2F78604947%2F78604947_0021.jpg&w=192&h=144,22.0,20.0,15.0,10.0,6.0,76.0,discovered,,2026-09-30T00:04:43.032586,2026-10-01T23:38:18.579101,0,,,1,,0,clear
suumo_20418990,suumo,https://suumo.jp/chukoikkodate/chiba/sc_choshi/nc_20418990/,◇海近の４LDK!!◇車庫付き駐車場で３台楽々駐車◇追加リフォーム推奨物件,750.0,7500000,千葉県銚子市小浜町,千葉県,銚子市 (屏風ヶ浦・犬吠埼オーシャンビュー),35.7148839883678,140.771508915569,57.9,1,1,ＪＲ総武本線「松岸」バス15分停歩3分,松岸,bus,バス15分,15,100,115,4LDK,,114.26,171.82,2002,2002年12月,residential,,"南向き, 陽当り良好, バルコニー, 平坦地",,https://img01.suumo.com/jj/resizeImage?src=gazo%2Fbukken%2F030%2FN010000%2Fimg%2F990%2F20418990%2F20418990_0013.jpg&w=192&h=144,14.0,25.0,10.0,13.0,6.0,71.0,discovered,,2026-10-03T15:49:33.275069,2026-10-03T15:49:33.275069,0,,,1,,0,clear
suumo_20513589,suumo,https://suumo.jp/chukoikkodate/kanagawa/sc_ashigarashimogun/nc_20513589/,生活便と海ライフを兼ね備えた、湯河原町吉浜のリフォーム済戸建。,980.0,9800000,神奈川県足柄下郡湯河原町吉浜,神奈川県,足柄下郡 (湯河原/真鶴/箱根),35.1552137857073,139.118851964693,64.9,1,1,ＪＲ東海道本線「真鶴」徒歩21分,真鶴,walk,徒歩21分,21,80,101,3LDK,,91.49,135.24,1989,1989年2月,ocean,海一望/オーシャンビュー,"陽当り良好, バルコニー",,https://img01.suumo.com/jj/resizeImage?src=gazo%2Fbukken%2F030%2FN010000%2Fimg%2F589%2F20513589%2F20513589_0001.jpg&w=192&h=144,10.0,30.0,10.0,8.0,8.0,69.0,discovered,,2026-09-29T23:17:57.096471,2026-10-01T23:38:18.579101,0,,,1,,0,clear
suumo_21404313,suumo,https://suumo.jp/chukoikkodate/tochigi/sc_nasugun/nc_21404313/,那須郡那珂川町小川　2階建て8K　安心と穏やかさが叶う住まい,328.0,3280000,栃木県那須郡那珂川町小川２６９０－４,栃木県,那須郡 (那須高原),36.7624055643021,140.125496875549,121.1,1,1,ＪＲ烏山線「鴻野山」車18km,鴻野山,drive,18.0km,41,100,141,8K,,156.19,274.07,1993,1993年3月,residential,,"南向き, 陽当り良好, 通風",,https://img01.suumo.com/jj/resizeImage?src=gazo%2Fbukken%2F030%2FN010000%2Fimg%2F313%2F21404313%2F21404313_0019.jpg&w=192&h=144,22.0,18.0,12.0,10.0,4.0,69.0,discovered,,2026-10-01T23:36:16.239547,2026-10-01T23:38:18.579101,0,,,1,,0,clear
suumo_20155545,suumo,https://suumo.jp/chukoikkodate/hiroshima/sc_mihara/nc_20155545/,海の望める広い陸屋根テラスと立地が魅力、糸崎で叶える自分好みの住まい,580.0,5800000,広島県三原市糸崎４-16-19,広島県,三原市 (瀬戸内海沿岸・佐木島),34.395583170279,133.104040741481,43.7,1,1,ＪＲ山陽本線「糸崎」徒歩8分,糸崎,walk,徒歩8分,8,240,248,5DK+S（納戸）,,119.65,253.13,1974,1974年9月,ocean,海一望/オーシャンビュー,"南向き, 採光, 通風, 開放感, バルコニー, テラス",,https://img01.suumo.com/jj/resizeImage?src=gazo%2Fbukken%2F080%2FN010000%2Fimg%2F545%2F20155545%2F20155545_0001.jpg&w=192&h=144,14.0,30.0,10.0,12.0,0.0,69.0,discovered,,2026-10-03T15:43:48.514453,2026-10-03T15:43:48.514453,0,,,1,,0,clear
suumo_20641152,suumo,https://suumo.jp/chukoikkodate/ibaraki/sc_hitachi/nc_20641152/,日立市西成沢町・高台角地4LDK・海見える広い土地151坪の住まいです,680.0,6800000,茨城県日立市西成沢町４,茨城県,日立市 (太平洋オーシャンビュー断崖・特急95分),36.576869086399,140.625414389699,93.4,1,1,ＪＲ常磐線「常陸多賀」徒歩58分,常陸多賀,walk,徒歩58分,58,100,158,4LDK,,131.56,500.86,1975,1975年5月,ocean,海一望/オーシャンビュー,"バルコニー, テラス",,https://img01.suumo.com/jj/resizeImage?src=gazo%2Fbukken%2F030%2FN010000%2Fimg%2F152%2F20641152%2F20641152_0023.jpg&w=192&h=144,14.0,30.0,10.0,8.0,4.0,69.0,discovered,,2026-10-03T15:50:29.973563,2026-10-03T15:50:29.973563,0,,,1,,0,clear
suumo_76237666,suumo,https://suumo.jp/chukoikkodate/shizuoka/sc_ito/nc_76237666/,川奈（川奈駅） 420万円,420.0,4200000,静岡県伊東市川奈,静岡県,伊東市,34.949711529796,139.12235204123,112.1,1,1,伊豆急行「川奈」徒歩8分,川奈,walk,徒歩8分,8,110,118,5DK,,93.15,160.43,1973,1973年5月,residential,,"南向き, 通風, バルコニー, 平坦地",,https://img01.suumo.com/jj/resizeImage?src=gazo%2Fbukken%2F050%2FN010000%2Fimg%2F666%2F76237666%2F76237666_0002.jpg&w=192&h=144,18.0,18.0,12.0,11.0,6.0,68.0,discovered,,2026-09-29T23:15:40.213766,2026-10-01T23:38:18.579101,0,,,1,,0,clear
suumo_20934506,suumo,https://suumo.jp/chukoikkodate/yamanashi/sc_otsuki/nc_20934506/,自然に囲まれたのどかな立地にあり、南向きで日当たり良好な2階建て4DK。,300.0,3000000,山梨県大月市富浜町鳥沢主要地,山梨県,大月市,35.6133209104453,139.003364298321,364.4,1,1,ＪＲ中央線「鳥沢」徒歩13分,鳥沢,walk,徒歩13分,13,100,113,4DK,,66.79,151.99,1984,1984年7月,nature/mountain,眺望パノラマ,南向き,,https://img01.suumo.com/jj/resizeImage?src=gazo%2Fbukken%2F040%2FN010000%2Fimg%2F506%2F20934506%2F20934506_0001.jpg&w=192&h=144,22.0,20.0,12.0,5.0,6.0,68.0,discovered,,2026-09-30T00:03:54.425037,2026-10-01T23:38:18.579101,0,,,1,,0,clear
suumo_78307970,suumo,https://suumo.jp/chukoikkodate/nagano/sc_saku/nc_78307970/,鍛冶屋（中込駅） 880万円,880.0,8800000,長野県佐久市鍛冶屋５３－１０,長野県,佐久市,36.2153711511163,138.474638188531,687.7,1,1,ＪＲ小海線「中込」徒歩26分,中込,walk,徒歩26分,26,100,126,6DK,,132.87,252.4,1985,1985年12月,nature/mountain,眺望パノラマ,"南向き, バルコニー, 平坦地",,https://img01.suumo.com/jj/resizeImage?src=gazo%2Fbukken%2F040%2FN010000%2Fimg%2F970%2F78307970%2F78307970_0001.jpg&w=192&h=144,10.0,20.0,15.0,13.0,6.0,67.0,discovered,,2026-09-30T00:05:27.733952,2026-10-01T23:38:18.579101,0,,,1,,0,clear
suumo_21561131,suumo,https://suumo.jp/chukoikkodate/tochigi/sc_nasugun/nc_21561131/,大字高久乙 400万円,400.0,4000000,栃木県那須郡那須町大字高久乙,栃木県,那須郡 (那須高原),37.0747434729582,139.960393915645,771.4,1,1,ＪＲ東北本線「黒磯」車17km,黒磯,drive,17.0km,39,80,119,1LDK,,60.85,427.0,1988,1988年11月,nature/mountain,眺望パノラマ,"南向き, 通風, 吹抜, 吹抜け, ウッドデッキ, バルコニー",,https://img01.suumo.com/jj/resizeImage?src=gazo%2Fbukken%2F030%2FN010000%2Fimg%2F131%2F21561131%2F21561131_0001.jpg&w=192&h=144,18.0,20.0,15.0,7.0,6.0,66.0,discovered,,2026-10-01T23:36:35.197333,2026-10-01T23:38:18.579101,3126,"Maintenance: ¥3,126/mo (¥37,510/yr)",,1,,0,clear
suumo_77612006,suumo,https://suumo.jp/chukoikkodate/tochigi/sc_nasugun/nc_77612006/,那須郡那珂川町三輪　2階建て6DK+離れ3K,358.0,3580000,栃木県那須郡那珂川町三輪７７１,栃木県,那須郡 (那須高原),36.758006059918,140.11119024286,136.4,1,1,ＪＲ烏山線「鴻野山」車16.3km,鴻野山,drive,16.3km,37,100,137,6DK,,142.84,1125.92,1988,1988年12月,residential,,陽当り良好,,https://img01.suumo.com/jj/resizeImage?src=gazo%2Fbukken%2F030%2FN010000%2Fimg%2F006%2F77612006%2F77612006_0028.jpg&w=192&h=144,18.0,18.0,12.0,10.0,4.0,65.0,discovered,,2026-10-01T23:36:29.589672,2026-10-01T23:38:18.579101,0,,,1,,0,clear
suumo_78143754,suumo,https://suumo.jp/chukoikkodate/chiba/sc_katsuura/nc_78143754/,市野川 350万円,350.0,3500000,千葉県勝浦市市野川,千葉県,勝浦市,35.2178677224326,140.287178147411,111.4,1,1,いすみ鉄道「久我原」バス10分停歩3分,久我原,bus,バス10分,10,100,110,2LK,,70.0,298.0,1984,1984年8月,residential,,"バルコニー, テラス",,https://img01.suumo.com/jj/resizeImage?src=gazo%2Fbukken%2F030%2FN010000%2Fimg%2F754%2F78143754%2F78143754_0001.jpg&w=192&h=144,22.0,18.0,12.0,3.0,6.0,64.0,discovered,,2026-09-30T00:03:04.835094,2026-10-01T23:38:18.579101,0,,,1,,0,clear
suumo_21267549,suumo,https://suumo.jp/chukoikkodate/yamanashi/sc_fuefuki/nc_21267549/,八代町北（石和温泉駅） 680万円,680.0,6800000,山梨県笛吹市八代町北,山梨県,笛吹市 (石和温泉/甲府盆地眺望),35.6225196582247,138.641547704523,285.2,1,1,ＪＲ中央線「石和温泉」徒歩59分,石和温泉,walk,徒歩59分,59,90,149,4DK,,94.54,753.84,1953,1953年1月,nature/mountain,富士山眺望,"南向き, 平坦地",,https://img01.suumo.com/jj/resizeImage?src=gazo%2Fbukken%2F040%2FN010000%2Fimg%2F549%2F21267549%2F21267549_0001.jpg&w=192&h=144,14.0,20.0,12.0,11.0,4.0,64.0,discovered,,2026-10-01T23:05:17.615518,2026-10-01T23:38:18.579101,0,,,1,,0,clear
suumo_21621539,suumo,https://suumo.jp/chukoikkodate/yamanashi/sc_hokuto/nc_21621539/,高根町箕輪新町（長坂駅） 480万円,480.0,4800000,山梨県北杜市高根町箕輪新町,山梨県,北杜市 (八ヶ岳/清里),35.8371495298946,138.428103206076,729.1,1,1,ＪＲ中央線「長坂」徒歩85分,長坂,walk,徒歩85分,85,100,185,3DK,,69.9,314.06,1987,1987年1月,nature/mountain,眺望パノラマ,"南向き, 陽当り良好, 通風, 平坦地",,https://img01.suumo.com/jj/resizeImage?src=gazo%2Fbukken%2F040%2FN010000%2Fimg%2F539%2F21621539%2F21621539_0003.jpg&w=192&h=144,18.0,20.0,15.0,8.0,0.0,64.0,discovered,,2026-10-01T23:31:16.829517,2026-10-01T23:38:18.579101,0,,,1,,0,clear
suumo_78707691,suumo,https://suumo.jp/chukoikkodate/shizuoka/sc_tagatagun/nc_78707691/,広々土地88坪！R7、7月末リフォーム完成予定！緑の多い静かな住環境♪,900.0,9000000,静岡県田方郡函南町上沢,静岡県,田方郡 (函南町/南箱根),35.1114823343993,138.959831426313,91.2,1,1,ＪＲ東海道本線「函南」徒歩24分,函南,walk,徒歩24分,24,70,94,4LDK,,116.64,291.0,1982,1982年11月,nature/mountain,眺望パノラマ,"南向き, 日当り良好, 吹抜, バルコニー",,https://img01.suumo.com/jj/resizeImage?src=gazo%2Fbukken%2F050%2FN010000%2Fimg%2F691%2F78707691%2F78707691_0001.jpg&w=192&h=144,10.0,20.0,10.0,12.0,8.0,63.0,discovered,,2026-10-01T23:01:41.470816,2026-10-01T23:38:18.579101,0,,,1,,0,clear
suumo_20834180,suumo,https://suumo.jp/chukoikkodate/shizuoka/sc_fujinomiya/nc_20834180/,【駐車場無】【民泊NG】富士山の麓の別荘地、緑を望む閑静な2LDK,150.0,1500000,静岡県富士宮市猪之頭主要地,静岡県,富士宮市 (朝霧高原/田貫湖),35.3655797497995,138.571050532577,716.3,1,1,ＪＲ身延線「西富士宮」車18.5km,西富士宮,drive,18.5km,42,95,137,2LDK,,51.14,146.8,1977,1977年12月,residential,,,,https://img01.suumo.com/jj/resizeImage?src=gazo%2Fbukken%2F050%2FN010000%2Fimg%2F180%2F20834180%2F20834180_0015.jpg&w=192&h=144,25.0,15.0,15.0,1.0,4.0,63.0,discovered,,2026-10-01T23:27:32.914476,2026-10-01T23:38:18.579101,0,,,1,,0,clear
suumo_20355258,suumo,https://suumo.jp/chukoikkodate/shizuoka/sc_fujinomiya/nc_20355258/,大中里（西富士宮駅） 450万円,450.0,4500000,静岡県富士宮市大中里,静岡県,富士宮市 (朝霧高原/田貫湖),35.2258470350956,138.595267760565,127.9,1,1,ＪＲ身延線「西富士宮」徒歩13分,西富士宮,walk,徒歩13分,13,95,108,4DK,,75.19,137.06,1981,1981年8月,river,清流/渓流沿い,"南向き, 陽当り良好, 通風, バルコニー",,https://img01.suumo.com/jj/resizeImage?src=gazo%2Fbukken%2F050%2FN010000%2Fimg%2F258%2F20355258%2F20355258_0001.jpg&w=192&h=144,18.0,19.0,12.0,5.0,6.0,63.0,discovered,,2026-10-01T23:27:43.413684,2026-10-01T23:38:18.579101,0,,,1,,0,clear
suumo_74959726,suumo,https://suumo.jp/chukoikkodate/gumma/sc_shibukawa/nc_74959726/,北橘町真壁（渋川駅） 230万円,230.0,2300000,群馬県渋川市北橘町真壁,群馬県,渋川市 (伊香保温泉/榛名山麓),36.4840213568177,139.037636502208,236.8,1,1,ＪＲ上越線「渋川」徒歩55分,渋川,walk,徒歩55分,55,85,140,5DK,,89.41,340.92,1978,1978年3月,residential,,,,https://img01.suumo.com/jj/resizeImage?src=gazo%2Fbukken%2F030%2FN010000%2Fimg%2F726%2F74959726%2F74959726_0001.jpg&w=192&h=144,22.0,18.0,12.0,4.0,4.0,63.0,discovered,,2026-10-01T23:32:44.901502,2026-10-01T23:38:18.579101,0,,,1,,0,clear
suumo_20700492,suumo,https://suumo.jp/chukoikkodate/tochigi/sc_nasugun/nc_20700492/,大字湯本 140万円,140.0,1400000,栃木県那須郡那須町大字湯本206-324,栃木県,那須郡 (那須高原),37.1093673576195,139.992745401696,1096.4,1,1,ＪＲ東北本線「黒田原」バス23分停歩6分,黒田原,bus,バス23分,23,100,123,6DK,,123.8,419.0,1954,1954年5月,residential,,,,https://img01.suumo.com/jj/resizeImage?src=gazo%2Fbukken%2F030%2FN010000%2Fimg%2F492%2F20700492%2F20700492_0001.jpg&w=192&h=144,25.0,5.0,18.0,6.0,6.0,63.0,discovered,,2026-10-01T23:35:56.629635,2026-10-01T23:38:18.579101,0,,,1,,0,clear
suumo_21028827,suumo,https://suumo.jp/chukoikkodate/yamanashi/sc_hokuto/nc_21028827/,大泉町西井出（甲斐大泉駅） 120万円,120.0,1200000,山梨県北杜市大泉町西井出,山梨県,北杜市 (八ヶ岳/清里),35.9059717837616,138.407472424033,1262.6,1,1,ＪＲ小海線「甲斐大泉」徒歩15分,甲斐大泉,walk,徒歩15分,15,100,115,1DK+S（納戸）,,39.74,138.0,1984,1984年1月,residential,,陽当り良好,,https://img01.suumo.com/jj/resizeImage?src=gazo%2Fbukken%2F040%2FN010000%2Fimg%2F827%2F21028827%2F21028827_0008.jpg&w=192&h=144,25.0,5.0,18.0,5.0,6.0,62.0,discovered,,2026-10-01T23:31:13.030339,2026-10-01T23:38:18.579101,0,,,1,,0,clear
suumo_76755417,suumo,https://suumo.jp/chukoikkodate/yamanashi/sc_hokuto/nc_76755417/,大泉町谷戸（甲斐小泉駅） 500万円,500.0,5000000,山梨県北杜市大泉町谷戸,山梨県,北杜市 (八ヶ岳/清里),35.888226309646,138.365914506655,1138.5,1,1,ＪＲ小海線「甲斐小泉」徒歩28分,甲斐小泉,walk,徒歩28分,28,100,128,2LDK,,71.2,222.0,1997,1997年1月,nature/mountain,眺望パノラマ,"通風, 吹抜, 吹抜け, バルコニー",,https://img01.suumo.com/jj/resizeImage?src=gazo%2Fbukken%2F040%2FN010000%2Fimg%2F417%2F76755417%2F76755417_0001.jpg&w=192&h=144,18.0,20.0,18.0,3.0,6.0,62.0,discovered,,2026-10-01T23:31:21.227500,2026-10-01T23:38:18.579101,9020,"Maintenance: ¥9,020/mo (¥108,240/yr)",,1,,0,clear
suumo_20571064,suumo,https://suumo.jp/chukoikkodate/nagano/sc_ueda/nc_20571064/,真田町傍陽 190万円,190.0,1900000,長野県上田市真田町傍陽,長野県,上田市 (別所温泉/千曲川),36.4571184387201,138.279813461226,708.4,1,1,傍陽線〔中原経由〕「中組（真田町）」徒歩5分,中組（真田町）,walk,徒歩5分,5,100,105,7DK,,154.54,804.68,1932,1932年1月,residential,,,,https://img01.suumo.com/jj/resizeImage?src=gazo%2Fbukken%2F040%2FN010000%2Fimg%2F064%2F20571064%2F20571064_0001.jpg&w=192&h=144,25.0,5.0,15.0,6.0,8.0,62.0,discovered,,2026-10-01T23:31:42.889488,2026-10-01T23:38:18.579101,0,,,1,,0,clear
suumo_77678272,suumo,https://suumo.jp/chukoikkodate/gumma/sc_shibukawa/nc_77678272/,渋川並木町（渋川駅） 280万円,280.0,2800000,群馬県渋川市渋川並木町,群馬県,渋川市 (伊香保温泉/榛名山麓),36.499205323494,139.000100068876,213.1,1,1,ＪＲ上越線「渋川」徒歩22分,渋川,walk,徒歩22分,22,85,107,6DK,,52.52,502.0,1962,1962年5月,residential,,,,https://img01.suumo.com/jj/resizeImage?src=gazo%2Fbukken%2F030%2FN010000%2Fimg%2F272%2F77678272%2F77678272_0034.jpg&w=192&h=144,22.0,18.0,12.0,1.0,6.0,62.0,discovered,,2026-10-01T23:32:48.126355,2026-10-01T23:38:18.579101,0,,,1,,0,clear
suumo_75453755,suumo,https://suumo.jp/chukoikkodate/gumma/sc_shibukawa/nc_75453755/,渋川（渋川駅） 350万円,350.0,3500000,群馬県渋川市渋川,群馬県,渋川市 (伊香保温泉/榛名山麓),36.4938975570721,139.003449858242,197.1,1,1,ＪＲ上越線「渋川」徒歩42分,渋川,walk,徒歩42分,42,85,127,2K+S（納戸）,,49.68,101.33,1988,1988年3月,residential,,採光,,https://img01.suumo.com/jj/resizeImage?src=gazo%2Fbukken%2F030%2FN010000%2Fimg%2F755%2F75453755%2F75453755_0006.jpg&w=192&h=144,22.0,18.0,12.0,1.0,6.0,62.0,discovered,,2026-10-01T23:32:50.802853,2026-10-01T23:38:18.579101,0,,,1,,0,clear
suumo_20339043,suumo,https://suumo.jp/chukoikkodate/tochigi/sc_nasushiobara/nc_20339043/,下田野 190万円,190.0,1900000,栃木県那須塩原市下田野,栃木県,那須塩原市 (那須高原・新幹線70分),36.9380151720946,139.905124094476,376.3,1,1,ＪＲ東北本線「西那須野」バス24分停歩69分,西那須野,bus,バス24分,24,80,104,6K,,124.95,208.06,1977,1977年10月,residential,,平坦地,,https://img01.suumo.com/jj/resizeImage?src=gazo%2Fbukken%2F030%2FN010000%2Fimg%2F043%2F20339043%2F20339043_0012.jpg&w=192&h=144,25.0,5.0,12.0,9.0,8.0,62.0,discovered,,2026-10-03T15:47:03.843626,2026-10-03T15:47:03.843626,0,,,1,,0,clear
suumo_20843095,suumo,https://suumo.jp/chukoikkodate/yamanashi/sc_koshu/nc_20843095/,塩山下塩後（東山梨駅） 150万円,150.0,1500000,山梨県甲州市塩山下塩後,山梨県,甲州市 (勝沼ワインバレー/塩山),35.6920864663029,138.713747435851,365.9,1,1,ＪＲ中央線「東山梨」徒歩17分,東山梨,walk,徒歩17分,17,100,117,5K,,114.7,158.16,1978,1978年4月,residential,,"南向き, 陽当り良好, 陽当たり良好",,https://img01.suumo.com/jj/resizeImage?src=gazo%2Fbukken%2F040%2FN010000%2Fimg%2F095%2F20843095%2F20843095_0001.jpg&w=192&h=144,25.0,5.0,12.0,10.0,6.0,61.0,discovered,,2026-10-01T23:04:14.717462,2026-10-01T23:38:18.579101,0,,,1,,0,clear
suumo_77591765,suumo,https://suumo.jp/chukoikkodate/nagano/sc_ueda/nc_77591765/,真田町長 350万円,350.0,3500000,長野県上田市真田町長,長野県,上田市 (別所温泉/千曲川),36.4380153725447,138.299965570207,651.7,1,1,しなの鉄道「上田」車8.4km,上田,drive,8.4km,20,85,105,6DK,,84.84,240.39,1980,1980年8月,residential,,陽当り良好,,https://img01.suumo.com/jj/resizeImage?src=gazo%2Fbukken%2F040%2FN010000%2Fimg%2F765%2F77591765%2F77591765_0001.jpg&w=192&h=144,22.0,5.0,15.0,8.0,8.0,61.0,discovered,,2026-10-01T23:32:11.249859,2026-10-01T23:38:18.579101,0,,,1,,0,clear
suumo_78501530,suumo,https://suumo.jp/chukoikkodate/gumma/sc_shibukawa/nc_78501530/,渋川（渋川駅） 598万円,598.0,5980000,群馬県渋川市渋川,群馬県,渋川市 (伊香保温泉/榛名山麓),36.4938975570721,139.003449858242,197.1,1,1,ＪＲ上越線「渋川」徒歩11分,渋川,walk,徒歩11分,11,85,96,6DK+S（納戸）,,160.23,271.72,1963,1963年4月,residential,,バルコニー,,https://img01.suumo.com/jj/resizeImage?src=gazo%2Fbukken%2F030%2FN010000%2Fimg%2F530%2F78501530%2F78501530_0001.jpg&w=192&h=144,14.0,18.0,12.0,6.0,8.0,61.0,discovered,,2026-10-01T23:32:57.306262,2026-10-01T23:38:18.579101,0,,,1,,0,clear
suumo_21226207,suumo,https://suumo.jp/chukoikkodate/gumma/sc_annaka/nc_21226207/,【ララハウス☆】＼人気の平屋／松井田駅まで徒歩7分の好立地！,880.0,8800000,群馬県安中市松井田町八城,群馬県,安中市 (磯部温泉/碓氷峠),36.306842042544,138.795772081959,291.7,1,1,ＪＲ信越本線「松井田」徒歩7分,松井田,walk,徒歩7分,7,100,107,2LDK+S（納戸）,,75.83,166.62,2007,2007年9月,nature/mountain,眺望パノラマ,"南向き, 陽当り良好, 通風, 吹抜, 吹抜け, 平坦地",,https://img01.suumo.com/jj/resizeImage?src=gazo%2Fbukken%2F030%2FN010000%2Fimg%2F207%2F21226207%2F21226207_0001.jpg&w=192&h=144,10.0,20.0,12.0,10.0,6.0,61.0,discovered,,2026-10-01T23:33:49.372640,2026-10-01T23:38:18.579101,0,,,1,,0,clear
suumo_78710921,suumo,https://suumo.jp/chukoikkodate/chiba/sc_kimitsu/nc_78710921/,■■敷地広々１２１坪！菜園や川釣りでのんびり田舎暮らし■■,500.0,5000000,千葉県君津市黄和田畑348,千葉県,君津市 (亀山湖/笹川渓谷・東京75分),35.22079038631,140.133364772686,143.0,1,1,ＪＲ久留里線「上総亀山」徒歩75分,上総亀山,walk,徒歩75分,75,100,175,5DK,,107.43,400.0,1960,1960年9月,residential,,"採光, 開放感",,https://img01.suumo.com/jj/resizeImage?src=gazo%2Fbukken%2F030%2FN010000%2Fimg%2F921%2F78710921%2F78710921_0001.jpg&w=192&h=144,18.0,18.0,12.0,6.0,4.0,61.0,discovered,,2026-10-03T15:48:17.144612,2026-10-03T15:48:17.144612,0,,,1,,0,clear
suumo_77944610,suumo,https://suumo.jp/chukoikkodate/chiba/sc_katsuura/nc_77944610/,広々５ＬＤＫ戸建て♪並列駐車２台可能♪興津海水浴場まで車で5分♪,850.0,8500000,千葉県勝浦市興津久保山台,千葉県,勝浦市,35.1338716267345,140.234313593005,48.1,1,1,ＪＲ外房線「上総興津」バス14分停歩2分,上総興津,bus,バス14分,14,100,114,5LDK,,127.52,251.68,1996,1996年12月,residential,,,,https://img01.suumo.com/jj/resizeImage?src=gazo%2Fbukken%2F030%2FN010000%2Fimg%2F610%2F77944610%2F77944610_0001.jpg&w=192&h=144,10.0,25.0,10.0,6.0,6.0,60.0,discovered,,2026-09-30T00:03:14.643251,2026-10-01T23:38:18.579101,0,,,1,,0,clear
suumo_21691092,suumo,https://suumo.jp/chukoikkodate/nagano/sc_saku/nc_21691092/,矢嶋 50万円,50.0,500000,長野県佐久市矢嶋,長野県,佐久市,36.2575679558152,138.390157769872,680.4,1,1,ＪＲ小海線「中佐都」バス13分停歩25分,中佐都,bus,バス13分,13,100,113,7LDK,,252.88,687.3,1926,1926年1月,residential,,,,https://img01.suumo.com/jj/resizeImage?src=gazo%2Fbukken%2F040%2FN010000%2Fimg%2F092%2F21691092%2F21691092_0014.jpg&w=192&h=144,25.0,5.0,15.0,6.0,6.0,60.0,discovered,,2026-09-30T00:04:39.029415,2026-10-01T23:38:18.579101,0,,,1,,0,clear
suumo_97343392,suumo,https://suumo.jp/chukoikkodate/nagano/sc_saku/nc_97343392/,望月 350万円,350.0,3500000,長野県佐久市望月,長野県,佐久市,36.2635994795066,138.361954150955,683.9,1,1,北陸新幹線「佐久平」車11.1km,佐久平,drive,11.1km,26,75,101,4K,,92.55,277.57,1950,1950年1月,residential,,平坦地,,https://img01.suumo.com/jj/resizeImage?src=gazo%2Fbukken%2F040%2FN010000%2Fimg%2F392%2F97343392%2F97343392_0001.jpg&w=192&h=144,22.0,5.0,15.0,7.0,8.0,60.0,discovered,,2026-09-30T00:04:55.181439,2026-10-01T23:38:18.579101,0,,,1,,0,clear
suumo_21220087,suumo,https://suumo.jp/chukoikkodate/nagano/sc_saku/nc_21220087/,北川（臼田駅） 680万円,680.0,6800000,長野県佐久市北川,長野県,佐久市,36.1779729951071,138.48107332518,745.4,1,1,ＪＲ小海線「臼田」徒歩28分,臼田,walk,徒歩28分,28,100,128,4DK,,97.38,850.37,1977,1977年10月,residential,,,,https://img01.suumo.com/jj/resizeImage?src=gazo%2Fbukken%2F040%2FN010000%2Fimg%2F087%2F21220087%2F21220087_0001.jpg&w=192&h=144,14.0,18.0,15.0,4.0,6.0,60.0,discovered,,2026-09-30T00:05:16.082043,2026-10-01T23:38:18.579101,0,,,1,,0,clear
suumo_21804947,suumo,https://suumo.jp/chukoikkodate/gumma/sc_agatsumagun/nc_21804947/,◆続き和室◆和室 ◆物置 ◆浴室に窓 ◆土地100坪以上,198.0,1980000,群馬県吾妻郡高山村大字尻高,群馬県,吾妻郡 (草津温泉/嬬恋高原/中之条),36.6292484479092,138.92460030664,601.6,1,1,ＪＲ吾妻線「市城」バス8分停歩2分,市城,bus,バス8分,8,100,108,4DK,,146.28,396.87,1963,1963年1月,residential,,,,https://img01.suumo.com/jj/resizeImage?src=gazo%2Fbukken%2F030%2FN010000%2Fimg%2F947%2F21804947%2F21804947_0001.jpg&w=192&h=144,25.0,5.0,15.0,6.0,6.0,60.0,discovered,,2026-10-01T23:06:02.593683,2026-10-01T23:38:18.579101,0,,,1,,0,clear
suumo_21549379,suumo,https://suumo.jp/chukoikkodate/nagano/sc_ueda/nc_21549379/,◆標高１１３８ｍで毎日が自然浴♪◆畑含め５００坪の広い敷地が魅力です,200.0,2000000,長野県上田市真田町長,長野県,上田市 (別所温泉/千曲川),36.484347372859,138.35139561089,941.5,1,1,しなの鉄道「上田」車15km,上田,drive,15.0km,35,85,120,8DK,,229.09,518.88,1926,1926年1月,residential,,,,https://img01.suumo.com/jj/resizeImage?src=gazo%2Fbukken%2F040%2FN010000%2Fimg%2F379%2F21549379%2F21549379_0001.jpg&w=192&h=144,25.0,5.0,15.0,6.0,6.0,60.0,discovered,,2026-10-01T23:31:49.715048,2026-10-01T23:38:18.579101,0,,,1,,0,clear
suumo_78497535,suumo,https://suumo.jp/chukoikkodate/nagano/sc_ueda/nc_78497535/,上塩尻（西上田駅） 298万円,298.0,2980000,長野県上田市上塩尻,長野県,上田市 (別所温泉/千曲川),36.4175088105346,138.215407275296,423.8,1,1,しなの鉄道「西上田」徒歩15分,西上田,walk,徒歩15分,15,85,100,6DK,,113.18,457.44,1973,1973年1月,residential,,"南向き, 陽当り良好",,https://img01.suumo.com/jj/resizeImage?src=gazo%2Fbukken%2F040%2FN010000%2Fimg%2F535%2F78497535%2F78497535_0017.jpg&w=192&h=144,22.0,5.0,12.0,10.0,8.0,60.0,discovered,,2026-10-01T23:32:07.691891,2026-10-01T23:38:18.579101,0,,,1,,0,clear
suumo_20478983,suumo,https://suumo.jp/chukoikkodate/tochigi/sc_nikko/nc_20478983/,久次良町 190万円,190.0,1900000,栃木県日光市久次良町138-3,栃木県,日光市 (中禅寺湖/鬼怒川),36.7501179493214,139.577981688293,676.3,1,1,東武日光線「東武日光」バス12分停歩7分,東武日光,bus,バス12分,12,110,122,3DK,,54.54,506.54,1964,1964年4月,residential,,"テラス, 平坦地",,https://img01.suumo.com/jj/resizeImage?src=gazo%2Fbukken%2F030%2FN010000%2Fimg%2F983%2F20478983%2F20478983_0001.jpg&w=192&h=144,25.0,5.0,15.0,6.0,6.0,60.0,discovered,,2026-10-01T23:34:07.941918,2026-10-01T23:38:18.579101,0,,,1,,0,clear
suumo_75951521,suumo,https://suumo.jp/chukoikkodate/nagano/sc_ueda/nc_75951521/,下武石 250万円,250.0,2500000,長野県上田市下武石,長野県,上田市 (別所温泉/千曲川),36.2834248130792,138.233361598643,650.1,1,1,しなの鉄道「大屋」車12.2km,大屋,drive,12.2km,28,100,128,5DK,,92.56,751.28,1922,1922年1月,residential,,陽当り良好,,https://img01.suumo.com/jj/resizeImage?src=gazo%2Fbukken%2F040%2FN010000%2Fimg%2F521%2F75951521%2F75951521_0001.jpg&w=192&h=144,22.0,5.0,15.0,8.0,6.0,59.0,discovered,,2026-10-01T23:31:59.951490,2026-10-01T23:38:18.579101,0,,,1,,0,clear
suumo_21204691,suumo,https://suumo.jp/chukoikkodate/gumma/sc_annaka/nc_21204691/,＼夏の企画あり／イエトコ◆古民家風の平屋住宅◆駐車3台以上お庭広々,499.0,4990000,群馬県安中市松井田町松井田,群馬県,安中市 (磯部温泉/碓氷峠),36.3131663983939,138.80197682423,281.0,1,1,ＪＲ信越本線「松井田」徒歩20分,松井田,walk,徒歩20分,20,100,120,5DK,,122.16,592.3,1970,1970年2月,residential,,"南向き, 陽当り良好, 通風, ウッドデッキ, バルコニー, 平坦地",,https://img01.suumo.com/jj/resizeImage?src=gazo%2Fbukken%2F030%2FN010000%2Fimg%2F691%2F21204691%2F21204691_0038.jpg&w=192&h=144,18.0,5.0,12.0,15.0,6.0,59.0,discovered,,2026-10-01T23:33:34.947580,2026-10-01T23:38:18.579101,0,,,1,,0,clear
suumo_20701508,suumo,https://suumo.jp/chukoikkodate/ibaraki/sc_hitachi/nc_20701508/,日立市西成沢町・1970年築7K・南向きで明るい・土地70坪・駐車2台,198.0,1980000,茨城県日立市西成沢町２,茨城県,日立市 (太平洋オーシャンビュー断崖・特急95分),36.5761609308714,140.630933251224,59.4,1,1,ＪＲ常磐線「常陸多賀」車3.7km,常陸多賀,drive,3.7km,10,100,110,7K,,104.59,232.68,1970,1970年8月,residential,,"南向き, バルコニー",,https://img01.suumo.com/jj/resizeImage?src=gazo%2Fbukken%2F030%2FN010000%2Fimg%2F508%2F20701508%2F20701508_0030.jpg&w=192&h=144,25.0,5.0,10.0,10.0,6.0,59.0,discovered,,2026-10-03T15:50:07.212819,2026-10-03T15:50:07.212819,0,,,1,,0,clear
suumo_20984676,suumo,https://suumo.jp/chukoikkodate/nagano/sc_chino/nc_20984676/,北山 480万円,480.0,4800000,長野県茅野市北山,長野県,茅野市 (白樺湖/蓼科),36.038827759791,138.225648742561,969.1,1,1,ＪＲ中央線「茅野」車18km,茅野,drive,18.0km,41,125,166,1LDK+S（納戸）,,65.41,1000.0,1991,1991年11月,nature/mountain,眺望パノラマ,"陽当り良好, 吹抜, 吹抜け, ウッドデッキ, バルコニー, テラス",,https://img01.suumo.com/jj/resizeImage?src=gazo%2Fbukken%2F040%2FN010000%2Fimg%2F676%2F20984676%2F20984676_0001.jpg&w=192&h=144,18.0,20.0,15.0,7.0,4.0,58.0,discovered,,2026-10-01T23:29:47.069210,2026-10-01T23:38:18.579101,18766,"Maintenance: ¥8,600/mo (¥103,200/yr) / HOA / Fee: ¥2,083/mo (¥25,000/yr) / Land Lease: ¥8,083/mo (¥97,000/yr) / Title Transfer Fee: ¥55,000 / Title Transfer Fee: ¥70,000 / Title Transfer Fee: ¥25,000",,1,,0,clear
suumo_20571069,suumo,https://suumo.jp/chukoikkodate/nagano/sc_ueda/nc_20571069/,諏訪形（城下駅） 198万円,198.0,1980000,長野県上田市諏訪形,長野県,上田市 (別所温泉/千曲川),36.3920614729826,138.243719945929,445.1,1,1,上田電鉄別所線「城下」徒歩2分,城下,walk,徒歩2分,2,85,87,3K,,67.94,119.9,1962,1962年8月,residential,,南西向き,,https://img01.suumo.com/jj/resizeImage?src=gazo%2Fbukken%2F040%2FN010000%2Fimg%2F069%2F20571069%2F20571069_0001.jpg&w=192&h=144,25.0,5.0,12.0,5.0,8.0,58.0,discovered,,2026-10-01T23:31:46.066124,2026-10-01T23:38:18.579101,0,,,1,,0,clear
suumo_21699702,suumo,https://suumo.jp/chukoikkodate/gumma/sc_annaka/nc_21699702/,◇閑静な住宅街◇南向き陽当たり良好◇国道18号まで車で約1分,280.0,2800000,群馬県安中市原市,群馬県,安中市 (磯部温泉/碓氷峠),36.3150899490172,138.863548107086,212.0,1,1,ＪＲ信越本線「磯部」徒歩22分,磯部,walk,徒歩22分,22,75,97,5DK,,89.42,205.18,1976,1976年4月,residential,,"南向き, 陽当り良好, 陽当たり良好, 開放感, バルコニー",,https://img01.suumo.com/jj/resizeImage?src=gazo%2Fbukken%2F030%2FN010000%2Fimg%2F702%2F21699702%2F21699702_0001.jpg&w=192&h=144,22.0,5.0,12.0,8.0,8.0,58.0,discovered,,2026-10-01T23:33:25.126825,2026-10-01T23:38:18.579101,0,,,1,,0,clear
suumo_78750393,suumo,https://suumo.jp/chukoikkodate/tochigi/sc_nasugun/nc_78750393/,大きな物があってもこちらの物件は倉庫付きなので安心です,348.0,3480000,栃木県那須郡那珂川町小川3039-69,栃木県,那須郡 (那須高原),36.7623881813071,140.129272413662,122.1,1,1,ＪＲ烏山線「大金」バス23分停歩13分,大金,bus,バス23分,23,100,123,6DK+S（納戸）,,147.42,330.78,1979,1979年11月,residential,,"南向き, バルコニー",,https://img01.suumo.com/jj/resizeImage?src=gazo%2Fbukken%2F030%2FN010000%2Fimg%2F393%2F78750393%2F78750393_0001.jpg&w=192&h=144,22.0,5.0,12.0,10.0,6.0,58.0,discovered,,2026-10-01T23:36:20.389803,2026-10-01T23:38:18.579101,0,,,1,,0,clear
suumo_20564535,suumo,https://suumo.jp/chukoikkodate/saitama/sc_chichibu/nc_20564535/,栃谷（大野原駅） 500万円,500.0,5000000,埼玉県秩父市栃谷762-4,埼玉県,秩父市,36.0256590255944,139.12170503894,207.4,1,1,秩父鉄道「大野原」徒歩38分,大野原,walk,徒歩38分,38,85,123,5DK,,132.0,183.8,1989,1989年3月,residential,,"南向き, 陽当り良好, バルコニー, 平坦地",,https://img01.suumo.com/jj/resizeImage?src=gazo%2Fbukken%2F030%2FN010000%2Fimg%2F535%2F20564535%2F20564535_0001.jpg&w=192&h=144,18.0,5.0,12.0,13.0,6.0,57.0,discovered,,2026-09-29T23:18:11.086726,2026-10-01T23:38:18.579101,0,,,1,,0,clear
suumo_20629611,suumo,https://suumo.jp/chukoikkodate/nagano/sc_saku/nc_20629611/,春日 250万円,250.0,2500000,長野県佐久市春日,長野県,佐久市,36.2231817282078,138.351531203049,773.2,1,1,北陸新幹線「佐久平」車16km,佐久平,drive,16.0km,37,75,112,7DK,,171.89,712.47,1963,1963年1月,residential,,,,https://img01.suumo.com/jj/resizeImage?src=gazo%2Fbukken%2F040%2FN010000%2Fimg%2F611%2F20629611%2F20629611_0001.jpg&w=192&h=144,22.0,5.0,15.0,6.0,6.0,57.0,discovered,,2026-09-30T00:04:45.736894,2026-10-01T23:38:18.579101,0,,,1,,0,clear
suumo_21128265,suumo,https://suumo.jp/chukoikkodate/yamanashi/sc_fuefuki/nc_21128265/,「春日居町」駅徒歩14分、閑静な住宅街に位置する4Kの中古戸建です。,400.0,4000000,山梨県笛吹市春日居町熊野堂,山梨県,笛吹市 (石和温泉/甲府盆地眺望),35.6708861969121,138.650941177593,285.4,1,1,ＪＲ中央線「春日居町」徒歩14分,春日居町,walk,徒歩14分,14,100,114,4K,,105.6,172.75,1983,1983年11月,residential,,"南向き, 陽当り良好, 開放感, 平坦地",,https://img01.suumo.com/jj/resizeImage?src=gazo%2Fbukken%2F040%2FN010000%2Fimg%2F265%2F21128265%2F21128265_0001.jpg&w=192&h=144,18.0,5.0,12.0,13.0,6.0,57.0,discovered,,2026-10-01T23:05:06.835695,2026-10-01T23:38:18.579101,0,,,1,,0,clear
suumo_78579725,suumo,https://suumo.jp/chukoikkodate/gumma/sc_annaka/nc_78579725/,安中小学校まで徒歩約9分＆スーパー徒歩約4分■6LDK■日当たり良好,700.0,7000000,群馬県安中市安中４,群馬県,安中市 (磯部温泉/碓氷峠),36.3306908512158,138.902356123246,150.5,1,1,ＪＲ信越本線「安中」徒歩17分,安中,walk,徒歩17分,17,75,92,6LDK,,155.67,425.9,1996,1996年10月,residential,,"南向き, 陽当り良好, バルコニー, テラス, 平坦地",,https://img01.suumo.com/jj/resizeImage?src=gazo%2Fbukken%2F030%2FN010000%2Fimg%2F725%2F78579725%2F78579725_0008.jpg&w=192&h=144,14.0,5.0,12.0,15.0,8.0,57.0,discovered,,2026-10-01T23:33:44.781592,2026-10-01T23:38:18.579101,0,,,1,,0,clear
suumo_20658440,suumo,https://suumo.jp/chukoikkodate/tochigi/sc_nikko/nc_20658440/,猪倉 180万円,180.0,1800000,栃木県日光市猪倉,栃木県,日光市 (中禅寺湖/鬼怒川),36.6701816679447,139.778175501422,256.4,1,1,ＪＲ日光線「下野大沢」バス3分停歩34分,下野大沢,bus,バス3分,3,110,113,5DK,,128.76,396.0,1972,1972年6月,residential,,,,https://img01.suumo.com/jj/resizeImage?src=gazo%2Fbukken%2F030%2FN010000%2Fimg%2F440%2F20658440%2F20658440_0001.jpg&w=192&h=144,25.0,5.0,12.0,6.0,6.0,57.0,discovered,,2026-10-01T23:34:04.828297,2026-10-01T23:38:18.579101,0,,,1,,0,clear
suumo_20204704,suumo,https://suumo.jp/chukoikkodate/ibaraki/sc_kasama/nc_20204704/,笠間市笠間（住宅ローン対象・自己資金0円相談可）,198.0,1980000,茨城県笠間市笠間,茨城県,笠間市 (笠間焼/陶芸・里山),36.3845681929653,140.251963560078,43.2,1,1,ＪＲ水戸線「笠間」車4km,笠間,drive,4.0km,10,75,85,7DK,,133.87,494.54,1969,1969年1月,residential,,バルコニー,,https://img01.suumo.com/jj/resizeImage?src=gazo%2Fbukken%2F030%2FN010000%2Fimg%2F704%2F20204704%2F20204704_0001.jpg&w=192&h=144,25.0,5.0,10.0,6.0,8.0,57.0,discovered,,2026-10-01T23:37:05.711370,2026-10-01T23:38:18.579101,0,,,1,,0,clear
suumo_75856306,suumo,https://suumo.jp/chukoikkodate/tochigi/sc_nasushiobara/nc_75856306/,太夫塚３ 180万円,180.0,1800000,栃木県那須塩原市太夫塚３,栃木県,那須塩原市 (那須高原・新幹線70分),36.8738680155178,139.975811539576,239.9,1,1,ＪＲ東北本線「西那須野」車1.7km,西那須野,drive,1.7km,5,80,85,2K,,35.19,88.0,1975,1975年7月,residential,,平坦地,,https://img01.suumo.com/jj/resizeImage?src=gazo%2Fbukken%2F030%2FN010000%2Fimg%2F306%2F75856306%2F75856306_0018.jpg&w=192&h=144,25.0,5.0,12.0,4.0,8.0,57.0,discovered,,2026-10-03T15:46:59.431551,2026-10-03T15:46:59.431551,0,,,1,,0,clear
suumo_78968574,suumo,https://suumo.jp/chukoikkodate/yamanashi/sc_minamitsurugun/nc_78968574/,650万円,650.0,6500000,山梨県南都留郡道志村,山梨県,南都留郡 (山中湖/河口湖/忍野/西湖),35.5135633748264,139.002986949885,704.8,1,1,富士急行「都留市」バス40分停歩5分,都留市,bus,バス40分,40,85,125,1LDK,,56.31,330.58,2003,2003年2月,nature/mountain,眺望パノラマ,"陽当り良好, ウッドデッキ, バルコニー",,https://img01.suumo.com/jj/resizeImage?src=gazo%2Fbukken%2F040%2FN010000%2Fimg%2F574%2F78968574%2F78968574_0029.jpg&w=192&h=144,14.0,20.0,15.0,7.0,6.0,56.0,discovered,,2026-09-29T23:17:08.964610,2026-10-01T23:38:18.579101,16667,"Land Lease: ¥16,667/mo",,1,,0,clear
suumo_76420610,suumo,https://suumo.jp/chukoikkodate/yamanashi/sc_koshu/nc_76420610/,大和町鶴瀬（甲斐大和駅） 300万円,300.0,3000000,山梨県甲州市大和町鶴瀬,山梨県,甲州市 (勝沼ワインバレー/塩山),35.6433188656812,138.76873019925,575.8,1,1,ＪＲ中央線「甲斐大和」徒歩13分,甲斐大和,walk,徒歩13分,13,100,113,5K,,99.32,282.51,1979,1979年6月,residential,,"南向き, 陽当り良好",,https://img01.suumo.com/jj/resizeImage?src=gazo%2Fbukken%2F040%2FN010000%2Fimg%2F610%2F76420610%2F76420610_0001.jpg&w=192&h=144,22.0,5.0,12.0,8.0,6.0,56.0,discovered,,2026-10-01T23:04:19.276221,2026-10-01T23:38:18.579101,0,,,1,,0,clear
suumo_21645013,suumo,https://suumo.jp/chukoikkodate/yamanashi/sc_koshu/nc_21645013/,塩山駅徒歩7分で生活環境も良好な立地。広々した居住スペースの邸宅。,330.0,3300000,山梨県甲州市塩山上於曽,山梨県,甲州市 (勝沼ワインバレー/塩山),35.7072295032054,138.731360112288,412.3,1,1,ＪＲ中央線「塩山」徒歩7分,塩山,walk,徒歩7分,7,80,87,3LDK,,148.98,147.58,1978,1978年3月,residential,,バルコニー,,https://img01.suumo.com/jj/resizeImage?src=gazo%2Fbukken%2F040%2FN010000%2Fimg%2F013%2F21645013%2F21645013_0001.jpg&w=192&h=144,22.0,5.0,12.0,6.0,8.0,56.0,discovered,,2026-10-01T23:04:21.406815,2026-10-01T23:38:18.579101,0,,,1,,0,clear
suumo_21495025,suumo,https://suumo.jp/chukoikkodate/yamanashi/sc_koshu/nc_21495025/,塩山上於曽 330万円,330.0,3300000,山梨県甲州市塩山上於曽,山梨県,甲州市 (勝沼ワインバレー/塩山),35.7062654084949,138.729679636977,408.2,1,1,ＪＲ中央線「塩山」バス3分停歩3分,塩山,bus,バス3分,3,80,83,5LDK,,148.98,147.58,1978,1978年7月,residential,,バルコニー,,https://img01.suumo.com/jj/resizeImage?src=gazo%2Fbukken%2F040%2FN010000%2Fimg%2F025%2F21495025%2F21495025_0001.jpg&w=192&h=144,22.0,5.0,12.0,6.0,8.0,56.0,discovered,,2026-10-01T23:04:25.792976,2026-10-01T23:38:18.579101,0,,,1,,0,clear
suumo_20956865,suumo,https://suumo.jp/chukoikkodate/ibaraki/sc_kasama/nc_20956865/,◇平屋の４DK◇駐車場付き◇様々用途でお使いいただけます♪,280.0,2800000,茨城県笠間市箱田大郷戸,茨城県,笠間市 (笠間焼/陶芸・里山),36.3914475836734,140.228513166649,60.5,1,1,ＪＲ水戸線「笠間」バス9分停歩18分,笠間,bus,バス9分,9,75,84,4DK,,54.65,213.0,1977,1977年7月,residential,,"南向き, 平坦地",,https://img01.suumo.com/jj/resizeImage?src=gazo%2Fbukken%2F030%2FN010000%2Fimg%2F865%2F20956865%2F20956865_0001.jpg&w=192&h=144,22.0,5.0,10.0,8.0,8.0,56.0,discovered,,2026-10-01T23:37:13.689518,2026-10-01T23:38:18.579101,0,,,1,,0,clear
suumo_78058714,suumo,https://suumo.jp/chukoikkodate/tochigi/sc_nasushiobara/nc_78058714/,新町 450万円,450.0,4500000,栃木県那須塩原市新町,栃木県,那須塩原市 (那須高原・新幹線70分),36.9752902185355,140.036902904009,316.9,1,1,ＪＲ東北本線「黒磯」バス10分停歩20分,黒磯,bus,バス10分,10,80,90,4LDK,,118.0,237.08,1987,1987年9月,residential,,"南向き, バルコニー",,https://img01.suumo.com/jj/resizeImage?src=gazo%2Fbukken%2F030%2FN010000%2Fimg%2F714%2F78058714%2F78058714_0001.jpg&w=192&h=144,18.0,5.0,12.0,10.0,8.0,56.0,discovered,,2026-10-03T15:47:30.616207,2026-10-03T15:47:30.616207,0,,,1,,0,clear
suumo_21782607,suumo,https://suumo.jp/chukoikkodate/shizuoka/sc_kamogun/nc_21782607/,奈良本 300万円,300.0,3000000,静岡県賀茂郡東伊豆町奈良本,静岡県,賀茂郡 (東伊豆/河津/南伊豆),34.8131114298207,139.063126424018,82.2,1,1,伊豆急行「伊豆熱川」バス7分停歩3分,伊豆熱川,bus,バス7分,7,140,147,5K,,81.56,142.09,1975,1975年4月,residential,,"南向き, バルコニー, 平坦地",,https://img01.suumo.com/jj/resizeImage?src=gazo%2Fbukken%2F050%2FN010000%2Fimg%2F607%2F21782607%2F21782607_0001.jpg&w=192&h=144,22.0,5.0,10.0,11.0,4.0,55.0,discovered,,2026-09-30T00:01:15.580518,2026-10-01T23:38:18.579101,0,,,1,,0,clear
suumo_77823575,suumo,https://suumo.jp/chukoikkodate/nagano/sc_saku/nc_77823575/,春日 800万円,800.0,8000000,長野県佐久市春日,長野県,佐久市,36.2002096205494,138.339018149623,893.5,1,1,北陸新幹線「佐久平」車18.7km,佐久平,drive,18.7km,43,75,118,ワンルーム,,76.18,800.0,1991,1991年11月,nature/mountain,眺望パノラマ,,,https://img01.suumo.com/jj/resizeImage?src=gazo%2Fbukken%2F040%2FN010000%2Fimg%2F575%2F77823575%2F77823575_0001.jpg&w=192&h=144,10.0,20.0,15.0,1.0,6.0,55.0,discovered,,2026-09-30T00:05:24.632640,2026-10-01T23:38:18.579101,0,,,1,,0,clear
suumo_78827342,suumo,https://suumo.jp/chukoikkodate/gumma/sc_agatsumagun/nc_78827342/,大字伊勢町（中之条駅） 70万円,70.0,700000,群馬県吾妻郡中之条町大字伊勢町697-6,群馬県,吾妻郡 (草津温泉/嬬恋高原/中之条),36.5861712470484,138.856025412692,335.5,1,1,ＪＲ吾妻線「中之条」徒歩9分,中之条,walk,徒歩9分,9,120,129,4K,,80.0,68.4,1967,1967年1月,residential,,,,https://img01.suumo.com/jj/resizeImage?src=gazo%2Fbukken%2F030%2FN010000%2Fimg%2F342%2F78827342%2F78827342_0001.jpg&w=192&h=144,25.0,5.0,12.0,4.0,6.0,55.0,discovered,,2026-10-01T23:06:15.187408,2026-10-01T23:38:18.579101,0,,,1,,0,clear
suumo_75493727,suumo,https://suumo.jp/chukoikkodate/nagano/sc_ueda/nc_75493727/,真田町傍陽 88万円,88.0,880000,長野県上田市真田町傍陽,長野県,上田市 (別所温泉/千曲川),36.4503501578297,138.294851497949,674.5,1,1,しなの鉄道「上田」車13.3km,上田,drive,13.3km,31,85,116,4K,,66.77,123.93,1912,1912年1月,residential,,,,https://img01.suumo.com/jj/resizeImage?src=gazo%2Fbukken%2F040%2FN010000%2Fimg%2F727%2F75493727%2F75493727_0001.jpg&w=192&h=144,25.0,5.0,15.0,1.0,6.0,55.0,discovered,,2026-10-01T23:31:40.746848,2026-10-01T23:38:18.579101,0,,,1,,0,clear
suumo_79108202,suumo,https://suumo.jp/chukoikkodate/gumma/sc_annaka/nc_79108202/,東上磯部（磯部駅） 350万円,350.0,3500000,群馬県安中市東上磯部1837-5,群馬県,安中市 (磯部温泉/碓氷峠),36.3064326997379,138.871347830003,185.5,1,1,ＪＲ信越本線「磯部」徒歩32分,磯部,walk,徒歩32分,32,75,107,6DK,,70.07,269.82,1976,1976年12月,residential,,"南向き, バルコニー, テラス",,https://img01.suumo.com/jj/resizeImage?src=gazo%2Fbukken%2F030%2FN010000%2Fimg%2F202%2F79108202%2F79108202_0001.jpg&w=192&h=144,22.0,5.0,12.0,7.0,6.0,55.0,discovered,,2026-10-01T23:33:31.086253,2026-10-01T23:38:18.579101,0,,,1,,0,clear
suumo_20471110,suumo,https://suumo.jp/chukoikkodate/tochigi/sc_nasugun/nc_20471110/,大字高久乙 298万円,298.0,2980000,栃木県那須郡那須町大字高久乙,栃木県,那須郡 (那須高原),37.0545161215624,139.988026506489,517.5,1,1,ＪＲ東北本線「黒磯」車16.5km,黒磯,drive,16.5km,38,80,118,4K,,72.87,400.0,1977,1977年8月,residential,,"南向き, 開放感, テラス",,https://img01.suumo.com/jj/resizeImage?src=gazo%2Fbukken%2F030%2FN010000%2Fimg%2F110%2F20471110%2F20471110_0001.jpg&w=192&h=144,22.0,5.0,12.0,7.0,6.0,55.0,discovered,,2026-10-01T23:36:11.020819,2026-10-01T23:38:18.579101,0,,,1,,0,clear
suumo_78787823,suumo,https://suumo.jp/chukoikkodate/ibaraki/sc_kasama/nc_78787823/,笠間市石井（住宅ローン対象・自己資金0円相談可）,148.0,1480000,茨城県笠間市石井,茨城県,笠間市 (笠間焼/陶芸・里山),36.387095653107,140.24631127506,44.8,1,1,ＪＲ水戸線「笠間」車3km,笠間,drive,3.0km,8,75,83,4DK,,95.22,95.27,1949,1949年11月,residential,,バルコニー,,https://img01.suumo.com/jj/resizeImage?src=gazo%2Fbukken%2F030%2FN010000%2Fimg%2F823%2F78787823%2F78787823_0001.jpg&w=192&h=144,25.0,5.0,10.0,4.0,8.0,55.0,discovered,,2026-10-01T23:36:58.560741,2026-10-01T23:38:18.579101,0,,,1,,0,clear
suumo_21064341,suumo,https://suumo.jp/chukoikkodate/kanagawa/sc_sagamiharashimidori/nc_21064341/,■眺望と開放感を楽しむ屋上バルコニー付■耐久性に優れた鉄骨造住宅,780.0,7800000,神奈川県相模原市緑区三ケ木,神奈川県,相模原市緑区 (相模湖/津久井湖),35.5876135958363,139.23315306435,199.5,1,1,ＪＲ横浜線「橋本」バス38分停歩3分,橋本,bus,バス38分,38,100,138,4LDK,,109.48,102.0,1974,1974年4月,nature/mountain,眺望パノラマ,"開放感, バルコニー",,https://img01.suumo.com/jj/resizeImage?src=gazo%2Fbukken%2F030%2FN010000%2Fimg%2F341%2F21064341%2F21064341_0001.jpg&w=192&h=144,10.0,20.0,12.0,6.0,4.0,55.0,discovered,,2026-10-03T15:38:00.784907,2026-10-03T15:38:00.784907,0,,,1,,0,clear
suumo_20927506,suumo,https://suumo.jp/chukoikkodate/shizuoka/sc_kamogun/nc_20927506/,白田（片瀬白田駅） 350万円,350.0,3500000,静岡県賀茂郡東伊豆町白田,静岡県,賀茂郡 (東伊豆/河津/南伊豆),34.8018992443728,139.060105472513,11.7,0,1,伊豆急行「片瀬白田」徒歩3分,片瀬白田,walk,徒歩3分,3,145,148,3LDK,,91.49,129.09,1989,1989年5月,ocean,海一望/オーシャンビュー,"南向き, 南東向き, 陽当り良好, 通風, バルコニー, 平坦地",,https://img01.suumo.com/jj/resizeImage?src=gazo%2Fbukken%2F050%2FN010000%2Fimg%2F506%2F20927506%2F20927506_0001.jpg&w=192&h=144,22.0,30.0,-16.0,11.0,4.0,54.0,discovered,,2026-09-30T00:01:23.400281,2026-10-01T23:38:18.579101,0,,,1,,0,clear
suumo_21080462,suumo,https://suumo.jp/chukoikkodate/nagano/sc_komoro/nc_21080462/,大字御影新田谷地原（三岡駅） 600万円,600.0,6000000,長野県小諸市大字御影新田谷地原２４８８－２９,長野県,小諸市 (浅間山麓/高原避暑地),36.3006221030807,138.45732027435,721.8,1,1,ＪＲ小海線「三岡」徒歩17分,三岡,walk,徒歩17分,17,100,117,4DK,,92.62,268.64,1982,1982年10月,residential,,"南向き, 平坦地",,https://img01.suumo.com/jj/resizeImage?src=gazo%2Fbukken%2F040%2FN010000%2Fimg%2F462%2F21080462%2F21080462_0001.jpg&w=192&h=144,14.0,5.0,15.0,11.0,6.0,54.0,discovered,,2026-10-01T23:05:49.935072,2026-10-01T23:38:18.579101,0,,,1,,0,clear
suumo_20774540,suumo,https://suumo.jp/chukoikkodate/nagano/sc_ueda/nc_20774540/,諏訪形（三好町駅） 270万円,270.0,2700000,長野県上田市諏訪形,長野県,上田市 (別所温泉/千曲川),36.3850650386801,138.237015202345,478.0,1,1,上田電鉄別所線「三好町」徒歩15分,三好町,walk,徒歩15分,15,85,100,5DK,,81.14,180.25,1973,1973年6月,residential,,,,https://img01.suumo.com/jj/resizeImage?src=gazo%2Fbukken%2F040%2FN010000%2Fimg%2F540%2F20774540%2F20774540_0001.jpg&w=192&h=144,22.0,5.0,12.0,4.0,8.0,54.0,discovered,,2026-10-01T23:32:01.535242,2026-10-01T23:38:18.579101,0,,,1,,0,clear
suumo_20860035,suumo,https://suumo.jp/chukoikkodate/tochigi/sc_nasugun/nc_20860035/,小口 350万円,350.0,3500000,栃木県那須郡那珂川町小口1417,栃木県,那須郡 (那須高原),36.7559085902033,140.14553265022,107.5,1,1,ＪＲ烏山線「烏山」バス30分停歩21分,烏山,bus,バス30分,30,100,130,8LDK,,140.0,933.68,1977,1977年1月,residential,,,,https://img01.suumo.com/jj/resizeImage?src=gazo%2Fbukken%2F030%2FN010000%2Fimg%2F035%2F20860035%2F20860035_0001.jpg&w=192&h=144,22.0,5.0,12.0,6.0,6.0,54.0,discovered,,2026-10-01T23:36:26.156674,2026-10-01T23:38:18.579101,0,,,1,,0,clear
suumo_21022753,suumo,https://suumo.jp/chukoikkodate/tochigi/sc_nasugun/nc_21022753/,市街地に近く、お出かけにも便利な物件です,380.0,3800000,栃木県那須郡那珂川町馬頭289,栃木県,那須郡 (那須高原),36.7360243617774,140.167077075689,115.8,1,1,ＪＲ烏山線「烏山」バス34分停歩3分,烏山,bus,バス34分,34,100,134,6DK+S（納戸）,,118.17,424.06,1993,1993年1月,residential,,"南向き, 陽当り良好",,https://img01.suumo.com/jj/resizeImage?src=gazo%2Fbukken%2F030%2FN010000%2Fimg%2F753%2F21022753%2F21022753_0001.jpg&w=192&h=144,18.0,5.0,12.0,10.0,6.0,54.0,discovered,,2026-10-01T23:36:33.016520,2026-10-01T23:38:18.579101,0,,,1,,0,clear
suumo_76029708,suumo,https://suumo.jp/chukoikkodate/ibaraki/sc_kasama/nc_76029708/,笠間市福原（住宅ローン対象・自己資金0円相談可）,248.0,2480000,茨城県笠間市福原,茨城県,笠間市 (笠間焼/陶芸・里山),36.3507787568754,140.183879478282,60.9,1,1,ＪＲ水戸線「福原」車1km,福原,drive,1.0km,4,100,104,5DK,,135.09,274.32,1970,1970年1月,residential,,,,https://img01.suumo.com/jj/resizeImage?src=gazo%2Fbukken%2F030%2FN010000%2Fimg%2F708%2F76029708%2F76029708_0031.jpg&w=192&h=144,22.0,5.0,10.0,6.0,8.0,54.0,discovered,,2026-10-01T23:37:09.687741,2026-10-01T23:38:18.579101,0,,,1,,0,clear
suumo_21508499,suumo,https://suumo.jp/chukoikkodate/ibaraki/sc_kasama/nc_21508499/,鉄骨造３階建て、1Fに広々とした倉庫・駐車スペースあり,348.0,3480000,茨城県笠間市笠間,茨城県,笠間市 (笠間焼/陶芸・里山),36.3845681929653,140.251963560078,43.2,1,1,ＪＲ水戸線「笠間」車3.5km,笠間,drive,3.5km,9,75,84,6DK,,122.27,154.66,1976,1976年1月,residential,,,,https://img01.suumo.com/jj/resizeImage?src=gazo%2Fbukken%2F030%2FN010000%2Fimg%2F499%2F21508499%2F21508499_0001.jpg&w=192&h=144,22.0,5.0,10.0,6.0,8.0,54.0,discovered,,2026-10-01T23:37:30.701198,2026-10-01T23:38:18.579101,0,,,1,,0,clear
suumo_20822043,suumo,https://suumo.jp/chukoikkodate/tochigi/sc_nasushiobara/nc_20822043/,寺子（高久駅） 140万円,140.0,1400000,栃木県那須塩原市寺子,栃木県,那須塩原市 (那須高原・新幹線70分),36.967533899233,140.119032817726,260.8,1,1,ＪＲ東北本線「高久」徒歩61分,高久,walk,徒歩61分,61,100,161,1LDK,,56.7,292.0,1973,1973年6月,residential,,陽当り良好,,https://img01.suumo.com/jj/resizeImage?src=gazo%2Fbukken%2F030%2FN010000%2Fimg%2F043%2F20822043%2F20822043_0001.jpg&w=192&h=144,25.0,5.0,12.0,5.0,4.0,54.0,discovered,,2026-10-03T15:46:51.304628,2026-10-03T15:46:51.304628,0,,,1,,0,clear
suumo_20094128,suumo,https://suumo.jp/chukoikkodate/shizuoka/sc_ito/nc_20094128/,岡 130万円,130.0,1300000,静岡県伊東市岡,静岡県,伊東市,34.9523758177465,139.096015602897,67.7,1,1,-,,walk,,10,100,110,4K,,83.97,97.68,1973,1973年12月,residential,,,,https://img01.suumo.com/jj/resizeImage?src=gazo%2Fbukken%2F050%2FN010000%2Fimg%2F128%2F20094128%2F20094128_0001.jpg&w=192&h=144,25.0,5.0,10.0,4.0,6.0,53.0,discovered,,2026-09-29T23:15:07.317885,2026-10-01T23:38:18.579101,0,,,1,,0,clear
suumo_78795967,suumo,https://suumo.jp/chukoikkodate/nagano/sc_saku/nc_78795967/,甲 380万円,380.0,3800000,長野県佐久市甲,長野県,佐久市,36.2613684097908,138.401456303331,674.1,1,1,ＪＲ小海線「中佐都」車6.2km,中佐都,drive,6.2km,15,100,115,9DK,,190.07,303.0,1960,1960年9月,residential,,,,https://img01.suumo.com/jj/resizeImage?src=gazo%2Fbukken%2F040%2FN010000%2Fimg%2F967%2F78795967%2F78795967_0001.jpg&w=192&h=144,18.0,5.0,15.0,6.0,6.0,53.0,discovered,,2026-09-30T00:04:58.942708,2026-10-01T23:38:18.579101,0,,,1,,0,clear
suumo_21390708,suumo,https://suumo.jp/chukoikkodate/nagano/sc_saku/nc_21390708/,湯原 400万円,400.0,4000000,長野県佐久市湯原,長野県,佐久市,36.1904017447126,138.472896084039,716.4,1,1,ＪＲ小海線「臼田」車3km,臼田,drive,3.0km,8,100,108,8DK,,207.49,325.08,1956,1956年4月,residential,,,,https://img01.suumo.com/jj/resizeImage?src=gazo%2Fbukken%2F040%2FN010000%2Fimg%2F708%2F21390708%2F21390708_0001.jpg&w=192&h=144,18.0,5.0,15.0,6.0,6.0,53.0,discovered,,2026-09-30T00:05:02.240159,2026-10-01T23:38:18.579101,0,,,1,,0,clear
suumo_21603696,suumo,https://suumo.jp/chukoikkodate/yamanashi/sc_hokuto/nc_21603696/,須玉町江草 680万円,680.0,6800000,山梨県北杜市須玉町江草,山梨県,北杜市 (八ヶ岳/清里),35.8342260238517,138.498317423978,829.6,1,1,-,,walk,,10,100,110,9LDK,,203.3,203.3,1926,1926年12月,residential,,"陽当り良好, 通風, 開放感",,https://img01.suumo.com/jj/resizeImage?src=gazo%2Fbukken%2F040%2FN010000%2Fimg%2F696%2F21603696%2F21603696_0001.jpg&w=192&h=144,14.0,5.0,15.0,10.0,6.0,53.0,discovered,,2026-10-01T23:31:26.027775,2026-10-01T23:38:18.579101,0,,,1,,0,clear
suumo_21788134,suumo,https://suumo.jp/chukoikkodate/tochigi/sc_nikko/nc_21788134/,日光市柄倉　2階建て4K　休日が楽しみになる一戸建て,198.0,1980000,栃木県日光市柄倉１３５－１１,栃木県,日光市 (中禅寺湖/鬼怒川),36.7831760453464,139.699279373944,339.9,1,1,東武鬼怒川線「新高徳」徒歩28分,新高徳,walk,徒歩28分,28,110,138,4K,,83.63,204.27,1983,1983年7月,residential,,,,https://img01.suumo.com/jj/resizeImage?src=gazo%2Fbukken%2F030%2FN010000%2Fimg%2F134%2F21788134%2F21788134_0001.jpg&w=192&h=144,25.0,5.0,12.0,4.0,4.0,53.0,discovered,,2026-10-01T23:34:11.880348,2026-10-01T23:38:18.579101,0,,,1,,0,clear
suumo_21363971,suumo,https://suumo.jp/chukoikkodate/tochigi/sc_nasugun/nc_21363971/,家庭菜園ができるので、家族全員で家庭菜園を楽しむことができます,150.0,1500000,栃木県那須郡那須町大字豊原乙,栃木県,那須郡 (那須高原),37.0807514915379,140.128625633937,436.9,1,1,ＪＲ東北本線「豊原」徒歩43分,豊原,walk,徒歩43分,43,100,143,3DK+S（納戸）,,80.77,400.77,1978,1978年2月,residential,,,,https://img01.suumo.com/jj/resizeImage?src=gazo%2Fbukken%2F030%2FN010000%2Fimg%2F971%2F21363971%2F21363971_0001.jpg&w=192&h=144,25.0,5.0,12.0,4.0,4.0,53.0,discovered,,2026-10-01T23:36:01.141927,2026-10-01T23:38:18.579101,0,,,1,,0,clear
suumo_21532824,suumo,https://suumo.jp/chukoikkodate/hiroshima/sc_onomichi/nc_21532824/,約145坪のゆとりある敷地×高台の開放感。和の趣を活かし自分らしい住まいへ,780.0,7800000,広島県尾道市栗原町1268-19,広島県,尾道市 (しまなみ海道・向島/因島/生口島),34.434388250229,133.195274873748,90.8,1,1,ＪＲ山陽本線「尾道」バス19分停歩3分,尾道,bus,バス19分,19,235,254,8DK,,166.64,482.24,1978,1978年9月,nature/mountain,眺望パノラマ,"南向き, 陽当り良好, 採光, 通風, 開放感",,https://img01.suumo.com/jj/resizeImage?src=gazo%2Fbukken%2F080%2FN010000%2Fimg%2F824%2F21532824%2F21532824_0008.jpg&w=192&h=144,10.0,20.0,10.0,10.0,0.0,53.0,discovered,,2026-10-03T15:38:29.937759,2026-10-03T15:39:36.286629,0,,,1,,0,clear
suumo_21464673,suumo,https://suumo.jp/chukoikkodate/tochigi/sc_nasushiobara/nc_21464673/,鍋掛（黒磯駅） 150万円,150.0,1500000,栃木県那須塩原市鍋掛,栃木県,那須塩原市 (那須高原・新幹線70分),36.959745561556,140.069558712694,277.4,1,1,ＪＲ東北本線「黒磯」徒歩73分,黒磯,walk,徒歩73分,73,80,153,3LDK,,52.17,200.0,1992,1992年7月,residential,,平坦地,,https://img01.suumo.com/jj/resizeImage?src=gazo%2Fbukken%2F030%2FN010000%2Fimg%2F673%2F21464673%2F21464673_0001.jpg&w=192&h=144,25.0,5.0,12.0,4.0,4.0,53.0,discovered,,2026-10-03T15:46:55.279850,2026-10-03T15:46:55.279850,0,,,1,,0,clear
suumo_21667211,suumo,https://suumo.jp/chukoikkodate/shizuoka/sc_kamogun/nc_21667211/,エンゼルフォレスト内、土地89坪の4DK戸建,350.0,3500000,静岡県賀茂郡東伊豆町奈良本,静岡県,賀茂郡 (東伊豆/河津/南伊豆),34.8286239580978,139.050227087205,273.7,1,1,伊豆急行「伊豆熱川」徒歩42分,伊豆熱川,walk,徒歩42分,42,140,182,4DK,,101.62,295.0,1974,1974年5月,residential,,"南向き, 陽当り良好",,https://img01.suumo.com/jj/resizeImage?src=gazo%2Fbukken%2F050%2FN010000%2Fimg%2F211%2F21667211%2F21667211_0001.jpg&w=192&h=144,22.0,5.0,12.0,10.0,0.0,52.0,discovered,,2026-09-30T00:01:20.111372,2026-10-01T23:38:18.579101,0,,,1,,0,clear
suumo_75111218,suumo,https://suumo.jp/chukoikkodate/nagano/sc_saku/nc_75111218/,値下げしました！中佐都インターまで車で約5分♪,300.0,3000000,長野県佐久市鳴瀬,長野県,佐久市,36.2584432860483,138.42835569217,644.7,1,1,北陸新幹線「佐久平」徒歩60分,佐久平,walk,徒歩60分,60,75,135,4DK,,64.98,159.0,1964,1964年6月,residential,,,,https://img01.suumo.com/jj/resizeImage?src=gazo%2Fbukken%2F040%2FN010000%2Fimg%2F218%2F75111218%2F75111218_0001.jpg&w=192&h=144,22.0,5.0,15.0,1.0,6.0,52.0,discovered,,2026-09-30T00:04:48.940825,2026-10-01T23:38:18.579101,0,,,1,,0,clear
suumo_20629586,suumo,https://suumo.jp/chukoikkodate/nagano/sc_saku/nc_20629586/,塩名田（佐久平駅） 340万円,340.0,3400000,長野県佐久市塩名田,長野県,佐久市,36.2713005575283,138.421140576642,630.5,1,1,ＪＲ小海線「佐久平」徒歩60分,佐久平,walk,徒歩60分,60,75,135,7DK,,71.14,1129.12,1975,1975年11月,residential,,,,https://img01.suumo.com/jj/resizeImage?src=gazo%2Fbukken%2F040%2FN010000%2Fimg%2F586%2F20629586%2F20629586_0001.jpg&w=192&h=144,22.0,5.0,15.0,1.0,6.0,52.0,discovered,,2026-09-30T00:04:51.619491,2026-10-01T23:38:18.579101,0,,,1,,0,clear
suumo_78485243,suumo,https://suumo.jp/chukoikkodate/nagano/sc_suwagun/nc_78485243/,原山 300万円,300.0,3000000,長野県諏訪郡原村原山,長野県,諏訪郡 (富士見町/原村・八ヶ岳高原),35.9713630999998,138.291762738758,1458.8,1,1,ＪＲ中央線「すずらんの里」車10km,すずらんの里,drive,10.0km,24,135,159,2LDK,,58.1,866.32,1972,1972年12月,residential,,ウッドデッキ,,https://img01.suumo.com/jj/resizeImage?src=gazo%2Fbukken%2F040%2FN010000%2Fimg%2F243%2F78485243%2F78485243_0001.jpg&w=192&h=144,22.0,5.0,18.0,3.0,4.0,52.0,discovered,,2026-10-01T23:02:54.864624,2026-10-01T23:38:18.579101,4505,"Land Lease: ¥4,505/mo (¥54,058/yr)",,1,,0,clear
suumo_21207390,suumo,https://suumo.jp/chukoikkodate/shizuoka/sc_fujinomiya/nc_21207390/,【駐車場0台】続き間和室と繋がる3DK平屋、静かな住環境で暮らす住まい,170.0,1700000,静岡県富士宮市大中里主要地,静岡県,富士宮市 (朝霧高原/田貫湖),35.2227038076755,138.593446700581,139.6,1,1,ＪＲ身延線「西富士宮」徒歩15分,西富士宮,walk,徒歩15分,15,95,110,3DK,,44.71,242.03,1973,1973年8月,residential,,通風,,https://img01.suumo.com/jj/resizeImage?src=gazo%2Fbukken%2F050%2FN010000%2Fimg%2F390%2F21207390%2F21207390_0001.jpg&w=192&h=144,25.0,5.0,12.0,1.0,6.0,52.0,discovered,,2026-10-01T23:27:37.006424,2026-10-01T23:38:18.579101,0,,,1,,0,clear
suumo_75291028,suumo,https://suumo.jp/chukoikkodate/shizuoka/sc_numazu/nc_75291028/,戸田港まで徒歩4分！,300.0,3000000,静岡県沼津市戸田,静岡県,沼津市 (戸田/駿河湾),34.9685498308714,138.794357978453,67.7,1,1,伊豆箱根鉄道駿豆線「修善寺」車23km,修善寺,drive,23.0km,52,120,172,4DK,,95.85,116.33,1972,1972年5月,residential,,"陽当り良好, 採光, 通風, バルコニー",,https://img01.suumo.com/jj/resizeImage?src=gazo%2Fbukken%2F050%2FN010000%2Fimg%2F028%2F75291028%2F75291028_0001.jpg&w=192&h=144,22.0,5.0,10.0,8.0,4.0,52.0,discovered,,2026-10-01T23:27:51.193071,2026-10-01T23:38:18.579101,0,,,1,,0,clear
suumo_20487884,suumo,https://suumo.jp/chukoikkodate/gumma/sc_tonegun/nc_20487884/,新巻（上毛高原駅） 450万円,450.0,4500000,群馬県利根郡みなかみ町新巻,群馬県,利根郡 (みなかみ温泉/川場村/谷川岳),36.680620992,138.948012770419,419.5,1,1,上越新幹線「上毛高原」徒歩77分,上毛高原,walk,徒歩77分,77,66,143,5DK+S（納戸）,,147.18,480.06,1965,1965年1月,residential,,南向き,,https://img01.suumo.com/jj/resizeImage?src=gazo%2Fbukken%2F030%2FN010000%2Fimg%2F884%2F20487884%2F20487884_0001.jpg&w=192&h=144,18.0,5.0,12.0,10.0,4.0,52.0,discovered,,2026-10-01T23:32:26.595802,2026-10-01T23:38:18.579101,0,,,1,,0,clear
suumo_20659672,suumo,https://suumo.jp/chukoikkodate/gumma/sc_shibukawa/nc_20659672/,渋川（金島駅） 600万円,600.0,6000000,群馬県渋川市渋川,群馬県,渋川市 (伊香保温泉/榛名山麓),36.4938975570721,139.003449858242,197.1,1,1,ＪＲ吾妻線「金島」徒歩68分,金島,walk,徒歩68分,68,100,168,4K,,67.3,290.97,1970,1970年5月,residential,,,,https://img01.suumo.com/jj/resizeImage?src=gazo%2Fbukken%2F030%2FN010000%2Fimg%2F672%2F20659672%2F20659672_0001.jpg&w=192&h=144,14.0,18.0,12.0,1.0,4.0,52.0,discovered,,2026-10-01T23:33:00.923673,2026-10-01T23:38:18.579101,0,,,1,,0,clear
suumo_20468654,suumo,https://suumo.jp/chukoikkodate/gumma/sc_annaka/nc_20468654/,岩井（安中駅） 250万円,250.0,2500000,群馬県安中市岩井,群馬県,安中市 (磯部温泉/碓氷峠),36.3299073993606,138.929249698942,127.5,1,1,ＪＲ信越本線「安中」徒歩26分,安中,walk,徒歩26分,26,75,101,5DK,,107.63,311.92,1974,1974年1月,residential,,南向き,,https://img01.suumo.com/jj/resizeImage?src=gazo%2Fbukken%2F030%2FN010000%2Fimg%2F654%2F20468654%2F20468654_0001.jpg&w=192&h=144,22.0,5.0,4.0,10.0,8.0,52.0,discovered,,2026-10-01T23:33:22.847497,2026-10-01T23:38:18.579101,0,,,1,,1,clear
suumo_79010721,suumo,https://suumo.jp/chukoikkodate/gumma/sc_annaka/nc_79010721/,簗瀬 590万円,590.0,5900000,群馬県安中市簗瀬,群馬県,安中市 (磯部温泉/碓氷峠),36.3099932757231,138.864301076236,186.1,1,1,ＪＲ信越本線「磯部」バス9分停歩9分,磯部,bus,バス9分,9,75,84,5DK,,144.21,1520.0,1983,1983年1月,residential,,"南向き, バルコニー",,https://img01.suumo.com/jj/resizeImage?src=gazo%2Fbukken%2F030%2FN010000%2Fimg%2F721%2F79010721%2F79010721_0024.jpg&w=192&h=144,14.0,5.0,12.0,10.0,8.0,52.0,discovered,,2026-10-01T23:33:37.129324,2026-10-01T23:38:18.579101,0,,,1,,0,clear
suumo_79042991,suumo,https://suumo.jp/chukoikkodate/ibaraki/sc_kasama/nc_79042991/,清流のせせらぎと緑の山々に抱かれ、理想のスローライフが叶う自然豊かな住環境,390.0,3900000,茨城県笠間市福原5411,茨城県,笠間市 (笠間焼/陶芸・里山),36.3336248238822,140.198158396224,132.0,1,0,ＪＲ水戸線「福原」徒歩37分,福原,walk,徒歩37分,37,100,137,5LDK,,130.13,278.33,1971,1971年9月,residential,,"南向き, 平坦地",,https://img01.suumo.com/jj/resizeImage?src=gazo%2Fbukken%2F030%2FN010000%2Fimg%2F991%2F79042991%2F79042991_0001.jpg&w=192&h=144,18.0,18.0,-4.0,13.0,4.0,52.0,discovered,,2026-10-01T23:37:36.285942,2026-10-01T23:38:18.579101,0,,,1,,0,debris_flow
suumo_78659185,suumo,https://suumo.jp/chukoikkodate/tochigi/sc_nasushiobara/nc_78659185/,那須塩原市東原　2階建て6DK,398.0,3980000,栃木県那須塩原市東原３５３－６,栃木県,那須塩原市 (那須高原・新幹線70分),36.9987025580585,140.018665325062,363.7,1,1,ＪＲ東北本線「黒磯」徒歩66分,黒磯,walk,徒歩66分,66,80,146,6DK,,110.13,279.26,1985,1985年7月,residential,,"陽当り良好, 通風, バルコニー",,https://img01.suumo.com/jj/resizeImage?src=gazo%2Fbukken%2F030%2FN010000%2Fimg%2F185%2F78659185%2F78659185_0023.jpg&w=192&h=144,18.0,5.0,12.0,10.0,4.0,52.0,discovered,,2026-10-03T15:47:17.803152,2026-10-03T15:47:17.803152,0,,,1,,0,clear
suumo_21401344,suumo,https://suumo.jp/chukoikkodate/tochigi/sc_nasushiobara/nc_21401344/,那須塩原市豊町　2階建て6DK　暮らしを楽しむ一戸建て,498.0,4980000,栃木県那須塩原市豊町１－７,栃木県,那須塩原市 (那須高原・新幹線70分),36.9702028364044,140.052594006471,302.4,1,1,ＪＲ東北本線「黒磯」徒歩10分,黒磯,walk,徒歩10分,10,80,90,6DK,,113.94,300.82,1975,1975年8月,residential,,バルコニー,,https://img01.suumo.com/jj/resizeImage?src=gazo%2Fbukken%2F030%2FN010000%2Fimg%2F344%2F21401344%2F21401344_0016.jpg&w=192&h=144,18.0,5.0,12.0,6.0,8.0,52.0,discovered,,2026-10-03T15:47:36.991621,2026-10-03T15:47:36.991621,0,,,1,,0,clear
suumo_75459217,suumo,https://suumo.jp/chukoikkodate/shizuoka/sc_atami/nc_75459217/,伊豆山 250万円,250.0,2500000,静岡県熱海市伊豆山,静岡県,熱海市,35.11131672765,139.085311216586,42.5,1,0,ＪＲ東海道本線「熱海」車5.6km,熱海,drive,5.6km,14,45,59,3LDK,,67.23,265.0,1971,1971年6月,nature/mountain,眺望パノラマ,"南西向き, 陽当り良好, 通風, バルコニー",,https://img01.suumo.com/jj/resizeImage?src=gazo%2Fbukken%2F050%2FN010000%2Fimg%2F217%2F75459217%2F75459217_0001.jpg&w=192&h=144,22.0,20.0,-6.0,5.0,10.0,51.0,discovered,,2026-09-29T23:13:44.090157,2026-10-01T23:38:18.579101,2000,"Town / Community: ¥500/mo (¥6,000/yr) / Common Utility: ¥1,500/mo (¥18,000/yr) / Water Rights: ¥700,000",,1,,0,debris_flow
suumo_20595700,suumo,https://suumo.jp/chukoikkodate/nagano/sc_saku/nc_20595700/,根岸 450万円,450.0,4500000,長野県佐久市根岸,長野県,佐久市,36.1905323211284,138.400047038929,1009.9,1,1,ＪＲ小海線「中込」車11km,中込,drive,11.0km,26,100,126,2LDK,,53.82,1070.0,1985,1985年5月,residential,,,,https://img01.suumo.com/jj/resizeImage?src=gazo%2Fbukken%2F040%2FN010000%2Fimg%2F700%2F20595700%2F20595700_0001.jpg&w=192&h=144,18.0,5.0,18.0,1.0,6.0,51.0,discovered,,2026-09-30T00:05:05.055992,2026-10-01T23:38:18.579101,0,,,1,,0,clear
suumo_20595704,suumo,https://suumo.jp/chukoikkodate/nagano/sc_saku/nc_20595704/,甲 580万円,580.0,5800000,長野県佐久市甲,長野県,佐久市,36.2665228388585,138.401386982968,669.8,1,1,北陸新幹線「佐久平」車6.9km,佐久平,drive,6.9km,17,75,92,6DK,,110.24,305.48,1969,1969年11月,residential,,,,https://img01.suumo.com/jj/resizeImage?src=gazo%2Fbukken%2F040%2FN010000%2Fimg%2F704%2F20595704%2F20595704_0001.jpg&w=192&h=144,14.0,5.0,15.0,6.0,8.0,51.0,discovered,,2026-09-30T00:05:07.870537,2026-10-01T23:38:18.579101,0,,,1,,0,clear
suumo_71259940,suumo,https://suumo.jp/chukoikkodate/shizuoka/sc_tagatagun/nc_71259940/,平井 390万円,390.0,3900000,静岡県田方郡函南町平井,静岡県,田方郡 (函南町/南箱根),35.0892385696143,138.964847918779,40.8,1,1,東海道新幹線「熱海」車15km,熱海,drive,15.0km,35,45,80,1LDK,,61.82,246.0,1996,1996年3月,residential,,"南向き, 陽当り良好, 吹抜, 吹抜け, ウッドデッキ, 平坦地",,https://img01.suumo.com/jj/resizeImage?src=gazo%2Fbukken%2F050%2FN010000%2Fimg%2F940%2F71259940%2F71259940_0001.jpg&w=192&h=144,18.0,5.0,10.0,10.0,8.0,51.0,discovered,,2026-10-01T23:02:05.418803,2026-10-01T23:38:18.579101,6700,"Common Utility: ¥4,500/mo (¥54,000/yr) / Water Base: ¥2,200/mo",,1,,0,clear
suumo_21336685,suumo,https://suumo.jp/chukoikkodate/nagano/sc_ueda/nc_21336685/,諏訪形朝日ケ丘（三好町駅） 234万円,234.0,2340000,長野県上田市諏訪形朝日ケ丘,長野県,上田市 (別所温泉/千曲川),36.3845680962933,138.238298740011,478.0,1,1,上田電鉄別所線「三好町」徒歩14分,三好町,walk,徒歩14分,14,85,99,4DK,,63.75,168.4,1975,1975年8月,residential,,バルコニー,,https://img01.suumo.com/jj/resizeImage?src=gazo%2Fbukken%2F040%2FN010000%2Fimg%2F685%2F21336685%2F21336685_0001.jpg&w=192&h=144,22.0,5.0,12.0,1.0,8.0,51.0,discovered,,2026-10-01T23:31:53.781970,2026-10-01T23:38:18.579101,0,,,1,,0,clear
suumo_77247206,suumo,https://suumo.jp/chukoikkodate/tochigi/sc_nasushiobara/nc_77247206/,駐車スペースも広々。駅まで徒歩15分の物件です。,240.0,2400000,栃木県那須塩原市原町1086-89,栃木県,那須塩原市 (那須高原・新幹線70分),36.9667291717482,140.06739365486,285.6,1,1,ＪＲ東北本線「黒磯」バス9分停歩10分,黒磯,bus,バス9分,9,80,89,3LDK,,76.41,198.0,1976,1976年2月,residential,,,,https://img01.suumo.com/jj/resizeImage?src=gazo%2Fbukken%2F030%2FN010000%2Fimg%2F206%2F77247206%2F77247206_0015.jpg&w=192&h=144,22.0,5.0,12.0,1.0,8.0,51.0,discovered,,2026-10-03T15:47:06.311203,2026-10-03T15:47:06.311203,0,,,1,,0,clear
suumo_21449748,suumo,https://suumo.jp/chukoikkodate/tochigi/sc_nasushiobara/nc_21449748/,西岩崎 580万円,580.0,5800000,栃木県那須塩原市西岩崎,栃木県,那須塩原市 (那須高原・新幹線70分),37.0285044056847,139.982833802118,459.7,1,1,ＪＲ東北本線「黒磯」車10km,黒磯,drive,10.0km,24,80,104,1LDK,,708.0,48.85,1990,1990年8月,residential,,"陽当り良好, 通風, ウッドデッキ, バルコニー",,https://img01.suumo.com/jj/resizeImage?src=gazo%2Fbukken%2F030%2FN010000%2Fimg%2F748%2F21449748%2F21449748_0001.jpg&w=192&h=144,14.0,5.0,12.0,12.0,8.0,51.0,discovered,,2026-10-03T15:47:47.770701,2026-10-03T15:47:47.770701,3750,"Maintenance: ¥3,750/mo (¥45,000/yr) / Water Rights: ¥1,900,000",,1,,0,clear
suumo_20417226,suumo,https://suumo.jp/chukoikkodate/ibaraki/sc_hitachi/nc_20417226/,1972年12月築・眺望のよい4LDK。土地217.96㎡(65坪)日立市西成沢町,500.0,5000000,茨城県日立市西成沢町４,茨城県,日立市 (太平洋オーシャンビュー断崖・特急95分),36.576869086399,140.625414389699,93.4,1,1,ＪＲ常磐線「常陸多賀」徒歩65分,常陸多賀,walk,徒歩65分,65,100,165,4LDK,,69.19,217.96,1972,1972年12月,residential,,バルコニー,,https://img01.suumo.com/jj/resizeImage?src=gazo%2Fbukken%2F030%2FN010000%2Fimg%2F226%2F20417226%2F20417226_0021.jpg&w=192&h=144,18.0,15.0,10.0,1.0,4.0,51.0,discovered,,2026-10-03T15:50:24.857810,2026-10-03T15:50:24.857810,0,,,1,,0,clear
suumo_20491159,suumo,https://suumo.jp/chukoikkodate/chiba/sc_kamogawa/nc_20491159/,母屋と小屋３棟付きの古民家物件♪,298.0,2980000,千葉県鴨川市横尾,千葉県,鴨川市,35.144558364283,140.010421205384,67.7,1,1,ＪＲ内房線「安房鴨川」車11.7km,安房鴨川,drive,11.7km,27,120,147,4LDK,,170.24,595.04,1926,1926年3月,residential,,,,https://img01.suumo.com/jj/resizeImage?src=gazo%2Fbukken%2F030%2FN010000%2Fimg%2F159%2F20491159%2F20491159_0013.jpg&w=192&h=144,22.0,5.0,10.0,6.0,4.0,50.0,discovered,,2026-09-30T00:02:25.539929,2026-10-01T23:38:18.579101,0,,,1,,0,clear
suumo_79169049,suumo,https://suumo.jp/chukoikkodate/nagano/sc_suwagun/nc_79169049/,西四王（下諏訪駅） 580万円,580.0,5800000,長野県諏訪郡下諏訪町西四王,長野県,諏訪郡 (富士見町/原村・八ヶ岳高原),36.0711652229629,138.085469592851,764.4,1,1,ＪＲ中央線「下諏訪」徒歩6分,下諏訪,walk,徒歩6分,6,140,146,5K,,122.29,158.97,1970,1970年1月,residential,,平坦地,,https://img01.suumo.com/jj/resizeImage?src=gazo%2Fbukken%2Fsystem%2Fimg%2FDummy_Photo_021_132_99.jpg&w=192&h=144,14.0,5.0,15.0,9.0,4.0,50.0,discovered,,2026-10-01T23:02:57.767492,2026-10-01T23:38:18.579101,0,,,1,,0,clear
suumo_78318781,suumo,https://suumo.jp/chukoikkodate/nagano/sc_suwagun/nc_78318781/,南四王（下諏訪駅） 690万円,690.0,6900000,長野県諏訪郡下諏訪町南四王,長野県,諏訪郡 (富士見町/原村・八ヶ岳高原),36.0682811753853,138.087143457274,761.9,1,1,ＪＲ中央線「下諏訪」徒歩10分,下諏訪,walk,徒歩10分,10,140,150,7DK,,121.16,215.0,1977,1977年11月,residential,,平坦地,,https://img01.suumo.com/jj/resizeImage?src=gazo%2Fbukken%2F040%2FN010000%2Fimg%2F781%2F78318781%2F78318781_0001.jpg&w=192&h=144,14.0,5.0,15.0,9.0,4.0,50.0,discovered,,2026-10-01T23:03:03.926324,2026-10-01T23:38:18.579101,0,,,1,,0,clear
suumo_21518721,suumo,https://suumo.jp/chukoikkodate/yamanashi/sc_koshu/nc_21518721/,勝沼町勝沼（勝沼ぶどう郷駅） 480万円,480.0,4800000,山梨県甲州市勝沼町勝沼,山梨県,甲州市 (勝沼ワインバレー/塩山),35.6639983789068,138.723786463404,386.6,1,1,ＪＲ中央線「勝沼ぶどう郷」徒歩27分,勝沼ぶどう郷,walk,徒歩27分,27,80,107,5DK,,138.68,242.46,1978,1978年12月,residential,,,,https://img01.suumo.com/jj/resizeImage?src=gazo%2Fbukken%2F040%2FN010000%2Fimg%2F721%2F21518721%2F21518721_0001.jpg&w=192&h=144,18.0,5.0,12.0,6.0,6.0,50.0,discovered,,2026-10-01T23:04:32.752410,2026-10-01T23:38:18.579101,0,,,1,,0,clear
suumo_76059119,suumo,https://suumo.jp/chukoikkodate/yamanashi/sc_koshu/nc_76059119/,閑静な住宅街！和室が多く落ち着いた雰囲気◎窓が多いので通風良好◎,540.0,5400000,山梨県甲州市塩山上於曽,山梨県,甲州市 (勝沼ワインバレー/塩山),35.7035733437601,138.723168734685,393.4,1,1,ＪＲ中央線「塩山」徒歩16分,塩山,walk,徒歩16分,16,80,96,5K,,92.95,210.79,1984,1984年1月,residential,,"南向き, 通風",,https://img01.suumo.com/jj/resizeImage?src=gazo%2Fbukken%2F040%2FN010000%2Fimg%2F119%2F76059119%2F76059119_0001.jpg&w=192&h=144,14.0,5.0,12.0,8.0,8.0,50.0,discovered,,2026-10-01T23:04:40.595597,2026-10-01T23:38:18.579101,0,,,1,,0,clear
suumo_78826142,suumo,https://suumo.jp/chukoikkodate/yamanashi/sc_fuefuki/nc_78826142/,石和町小石和（石和温泉駅） 500万円,500.0,5000000,山梨県笛吹市石和町小石和273-8,山梨県,笛吹市 (石和温泉/甲府盆地眺望),35.6270308016915,138.620981438748,256.6,1,1,ＪＲ中央線「石和温泉」徒歩51分,石和温泉,walk,徒歩51分,51,90,141,5DK,,99.36,167.15,1979,1979年2月,residential,,"陽当り良好, 通風, 開放感",,https://img01.suumo.com/jj/resizeImage?src=gazo%2Fbukken%2F040%2FN010000%2Fimg%2F142%2F78826142%2F78826142_0001.jpg&w=192&h=144,18.0,5.0,12.0,8.0,4.0,50.0,discovered,,2026-10-01T23:05:10.009781,2026-10-01T23:38:18.579101,0,,,1,,0,clear
suumo_21824271,suumo,https://suumo.jp/chukoikkodate/yamanashi/sc_fuefuki/nc_21824271/,100坪超のゆとりある敷地に建つ中古戸建。2駅利用可能で通勤・通学にも便利,500.0,5000000,山梨県笛吹市石和町川中島,山梨県,笛吹市 (石和温泉/甲府盆地眺望),35.6592007563497,138.653692434576,278.7,1,1,ＪＲ中央線「石和温泉」徒歩25分,石和温泉,walk,徒歩25分,25,90,115,6DK,,163.8,367.77,1967,1967年7月,residential,,"開放感, バルコニー",,https://img01.suumo.com/jj/resizeImage?src=gazo%2Fbukken%2F040%2FN010000%2Fimg%2F271%2F21824271%2F21824271_0001.jpg&w=192&h=144,18.0,5.0,12.0,6.0,6.0,50.0,discovered,,2026-10-01T23:05:14.515818,2026-10-01T23:38:18.579101,0,,,1,,0,clear
suumo_77548620,suumo,https://suumo.jp/chukoikkodate/nagano/sc_ueda/nc_77548620/,神畑（神畑駅） 385万円,385.0,3850000,長野県上田市神畑,長野県,上田市 (別所温泉/千曲川),36.3764493169316,138.217520270943,453.1,1,1,上田電鉄別所線「神畑」徒歩7分,神畑,walk,徒歩7分,7,85,92,4DK,,80.98,235.0,1979,1979年2月,residential,,,,https://img01.suumo.com/jj/resizeImage?src=gazo%2Fbukken%2F040%2FN010000%2Fimg%2F620%2F77548620%2F77548620_0013.jpg&w=192&h=144,18.0,5.0,12.0,4.0,8.0,50.0,discovered,,2026-10-01T23:32:15.779375,2026-10-01T23:38:18.579101,0,,,1,,0,clear
suumo_20540419,suumo,https://suumo.jp/chukoikkodate/gumma/sc_shibukawa/nc_20540419/,中郷 498万円,498.0,4980000,群馬県渋川市中郷2260-112,群馬県,渋川市 (伊香保温泉/榛名山麓),36.5291828401947,139.014234311242,236.9,1,1,ＪＲ吾妻線「金島」バス18分停歩22分,金島,bus,バス18分,18,100,118,4DK,,109.45,666.23,1985,1985年10月,residential,,,,https://img01.suumo.com/jj/resizeImage?src=gazo%2Fbukken%2F030%2FN010000%2Fimg%2F419%2F20540419%2F20540419_0001.jpg&w=192&h=144,18.0,5.0,12.0,6.0,6.0,50.0,discovered,,2026-10-01T23:32:56.486442,2026-10-01T23:38:18.579101,0,,,1,,0,clear
suumo_20925984,suumo,https://suumo.jp/chukoikkodate/chiba/sc_futtsu/nc_20925984/,いつでも海をみることができます♪眺望良好◎,298.0,2980000,千葉県富津市金谷,千葉県,富津市,35.1675335756114,139.822596143188,4.0,0,1,ＪＲ内房線「浜金谷」徒歩14分,浜金谷,walk,徒歩14分,14,105,119,2DK,,46.93,66.11,1963,1963年9月,ocean,海一望/オーシャンビュー,"南向き, 陽当り良好",,https://img01.suumo.com/jj/resizeImage?src=gazo%2Fbukken%2F030%2FN010000%2Fimg%2F984%2F20925984%2F20925984_0003.jpg&w=192&h=144,22.0,30.0,-16.0,5.0,6.0,50.0,discovered,,2026-10-01T23:35:04.604198,2026-10-01T23:38:18.579101,0,,,1,,0,clear
suumo_20670090,suumo,https://suumo.jp/chukoikkodate/ibaraki/sc_kasama/nc_20670090/,笠間市池野辺（住宅ローン対象・自己資金0円相談可）,48.0,480000,茨城県笠間市池野辺,茨城県,笠間市 (笠間焼/陶芸・里山),36.4051785992746,140.341364303071,77.5,1,1,ＪＲ常磐線「内原」車6km,内原,drive,6.0km,15,100,115,2DK,,58.79,551.38,1955,1955年1月,residential,,,,https://img01.suumo.com/jj/resizeImage?src=gazo%2Fbukken%2F030%2FN010000%2Fimg%2F090%2F20670090%2F20670090_0001.jpg&w=192&h=144,25.0,5.0,10.0,1.0,6.0,50.0,discovered,,2026-10-01T23:36:54.337872,2026-10-01T23:38:18.579101,0,,,1,,0,clear
suumo_76335377,suumo,https://suumo.jp/chukoikkodate/ibaraki/sc_kasama/nc_76335377/,人気の平屋,300.0,3000000,茨城県笠間市池野辺,茨城県,笠間市 (笠間焼/陶芸・里山),36.4051785992746,140.341364303071,77.5,1,1,ＪＲ常磐線「内原」車7km,内原,drive,7.0km,17,100,117,5DK,,97.41,438.51,1961,1961年1月,residential,,,,https://img01.suumo.com/jj/resizeImage?src=gazo%2Fbukken%2F030%2FN010000%2Fimg%2F377%2F76335377%2F76335377_0001.jpg&w=192&h=144,22.0,5.0,10.0,4.0,6.0,50.0,discovered,,2026-10-01T23:37:23.100145,2026-10-01T23:38:18.579101,0,,,1,,0,clear
suumo_21745243,suumo,https://suumo.jp/chukoikkodate/kanagawa/sc_sagamiharashimidori/nc_21745243/,◆オープンキッチン ◆バルコニー ◆シャワー ◆洗面所に窓 ◆和室,398.0,3980000,神奈川県相模原市緑区寸沢嵐,神奈川県,相模原市緑区 (相模湖/津久井湖),35.5981110770399,139.206923838066,205.7,1,1,ＪＲ中央線「相模湖」バス16分停歩7分,相模湖,bus,バス16分,16,65,81,4DK,,88.6,153.08,1978,1978年3月,residential,,バルコニー,,https://img01.suumo.com/jj/resizeImage?src=gazo%2Fbukken%2F030%2FN010000%2Fimg%2F243%2F21745243%2F21745243_0001.jpg&w=192&h=144,18.0,5.0,12.0,4.0,8.0,50.0,discovered,,2026-10-03T15:37:17.978262,2026-10-03T15:37:17.978262,0,,,1,,0,clear
suumo_21616671,suumo,https://suumo.jp/chukoikkodate/hiroshima/sc_onomichi/nc_21616671/,高台の景色の良い立地。リフォームも当社にお任せ,199.0,1990000,広島県尾道市美ノ郷町三成,広島県,尾道市 (しまなみ海道・向島/因島/生口島),34.4348027672736,133.201170491408,129.2,1,1,山陽新幹線「新尾道」徒歩22分,新尾道,walk,徒歩22分,22,235,257,3DK,,53.05,74.68,1983,1983年9月,residential,,"陽当り良好, バルコニー",,https://img01.suumo.com/jj/resizeImage?src=gazo%2Fbukken%2F080%2FN010000%2Fimg%2F671%2F21616671%2F21616671_0467.jpg&w=192&h=144,25.0,5.0,12.0,5.0,0.0,50.0,discovered,,2026-10-03T15:38:19.267270,2026-10-03T15:39:32.083851,0,,,1,,0,clear
suumo_21486060,suumo,https://suumo.jp/chukoikkodate/tochigi/sc_nasushiobara/nc_21486060/,司法書士売主指定、現況引渡し、上水道、汲み取り、プロパンガス,498.0,4980000,栃木県那須塩原市石林,栃木県,那須塩原市 (那須高原・新幹線70分),36.8894120918387,140.009107523986,234.3,1,1,ＪＲ東北本線「西那須野」バス10分停歩5分,西那須野,bus,バス10分,10,80,90,4DK,,79.49,268.0,1981,1981年1月,residential,,平坦地,,https://img01.suumo.com/jj/resizeImage?src=gazo%2Fbukken%2F030%2FN010000%2Fimg%2F060%2F21486060%2F21486060_0001.jpg&w=192&h=144,18.0,5.0,12.0,4.0,8.0,50.0,discovered,,2026-10-03T15:47:39.550406,2026-10-03T15:47:39.550406,0,,,1,,0,clear
suumo_21068986,suumo,https://suumo.jp/chukoikkodate/chiba/sc_choshi/nc_21068986/,東京駅～特急しおさい最短1時間50分！駅徒歩6分。在宅ワークにもおすすめ！,500.0,5000000,千葉県銚子市春日町,千葉県,銚子市 (屏風ヶ浦・犬吠埼オーシャンビュー),35.7217347797454,140.809653618599,47.1,1,1,ＪＲ成田線「銚子」徒歩6分,銚子,walk,徒歩6分,6,110,116,4DK,,90.5,145.45,1967,1967年8月,residential,,"南向き, 通風, バルコニー",,https://img01.suumo.com/jj/resizeImage?src=gazo%2Fbukken%2F030%2FN010000%2Fimg%2F986%2F21068986%2F21068986_0017.jpg&w=192&h=144,18.0,5.0,10.0,8.0,6.0,50.0,discovered,,2026-10-03T15:49:09.786194,2026-10-03T15:49:09.786194,0,,,1,,0,clear
suumo_21284456,suumo,https://suumo.jp/chukoikkodate/yamanashi/sc_otsuki/nc_21284456/,富浜町鳥沢（鳥沢駅） 250万円,250.0,2500000,山梨県大月市富浜町鳥沢,山梨県,大月市,35.6091144724761,139.002989421918,320.1,1,1,ＪＲ中央線「鳥沢」徒歩13分,鳥沢,walk,徒歩13分,13,100,113,2DK,,53.74,108.0,1980,1980年1月,residential,,,,https://img01.suumo.com/jj/resizeImage?src=gazo%2Fbukken%2F040%2FN010000%2Fimg%2F456%2F21284456%2F21284456_0001.jpg&w=192&h=144,22.0,5.0,12.0,1.0,6.0,49.0,discovered,,2026-09-30T00:03:51.330574,2026-10-01T23:38:18.579101,0,,,1,,0,clear
suumo_78795966,suumo,https://suumo.jp/chukoikkodate/nagano/sc_saku/nc_78795966/,今井（北中込駅） 700万円,700.0,7000000,長野県佐久市今井,長野県,佐久市,36.2504925817608,138.44991585133,671.7,1,1,ＪＲ小海線「北中込」徒歩34分,北中込,walk,徒歩34分,34,100,134,7DK,,151.29,283.25,1967,1967年4月,residential,,,,https://img01.suumo.com/jj/resizeImage?src=gazo%2Fbukken%2F040%2FN010000%2Fimg%2F966%2F78795966%2F78795966_0001.jpg&w=192&h=144,14.0,5.0,15.0,6.0,6.0,49.0,discovered,,2026-09-30T00:05:20.337155,2026-10-01T23:38:18.579101,0,,,1,,0,clear
suumo_76747201,suumo,https://suumo.jp/chukoikkodate/tochigi/sc_nasugun/nc_76747201/,【店舗兼住宅】建物約144坪、土地約184坪の大きな物件,830.0,8300000,栃木県那須郡那珂川町小川,栃木県,那須郡 (那須高原),36.7621132698929,140.129775216595,121.8,1,1,ＪＲ烏山線「烏山」バス24分停歩7分,烏山,bus,バス24分,24,100,124,6K,,476.41,609.2,1982,1982年8月,residential,,"南向き, 陽当り良好, 平坦地",,https://img01.suumo.com/jj/resizeImage?src=gazo%2Fbukken%2F030%2FN010000%2Fimg%2F201%2F76747201%2F76747201_0008.jpg&w=192&h=144,10.0,5.0,12.0,13.0,6.0,49.0,discovered,,2026-10-01T23:35:49.038865,2026-10-01T23:38:18.579101,0,,,1,,0,clear
suumo_21798598,suumo,https://suumo.jp/chukoikkodate/tochigi/sc_nasugun/nc_21798598/,◆バス・トイレ別 ◆キッチンに窓 ◆シャワー ◆洗面所に窓 ◆和室,298.0,2980000,栃木県那須郡那須町大字高久丙,栃木県,那須郡 (那須高原),37.0701843582188,140.050319615018,495.5,1,1,ＪＲ東北本線「豊原」バス21分停歩99分,豊原,bus,バス21分,21,100,121,3DK,,39.33,400.0,1987,1987年4月,residential,,,,https://img01.suumo.com/jj/resizeImage?src=gazo%2Fbukken%2F030%2FN010000%2Fimg%2F598%2F21798598%2F21798598_0001.jpg&w=192&h=144,22.0,5.0,12.0,1.0,6.0,49.0,discovered,,2026-10-01T23:36:13.649626,2026-10-01T23:38:18.579101,0,,,1,,0,clear
suumo_76335379,suumo,https://suumo.jp/chukoikkodate/ibaraki/sc_kasama/nc_76335379/,旧国道50線沿い,300.0,3000000,茨城県笠間市笠間,茨城県,笠間市 (笠間焼/陶芸・里山),36.3845681929653,140.251963560078,43.2,1,1,ＪＲ水戸線「笠間」車3km,笠間,drive,3.0km,8,75,83,3DK,,79.33,452.1,1962,1962年9月,residential,,,,https://img01.suumo.com/jj/resizeImage?src=gazo%2Fbukken%2F030%2FN010000%2Fimg%2F379%2F76335379%2F76335379_0001.jpg&w=192&h=144,22.0,5.0,10.0,1.0,8.0,49.0,discovered,,2026-10-01T23:37:18.868859,2026-10-01T23:38:18.579101,0,,,1,,0,clear
suumo_20606598,suumo,https://suumo.jp/chukoikkodate/tochigi/sc_nasushiobara/nc_20606598/,東北新幹線「那須塩原駅」まで車で約10分　約4Km,720.0,7200000,栃木県那須塩原市埼玉,栃木県,那須塩原市 (那須高原・新幹線70分),36.9629875464574,140.004047865773,321.3,1,1,ＪＲ東北本線「那須塩原」徒歩52分,那須塩原,walk,徒歩52分,52,70,122,3LDK,,108.0,365.43,1995,1995年8月,residential,,平坦地,,https://img01.suumo.com/jj/resizeImage?src=gazo%2Fbukken%2F030%2FN010000%2Fimg%2F598%2F20606598%2F20606598_0001.jpg&w=192&h=144,14.0,5.0,12.0,9.0,6.0,49.0,discovered,,2026-10-03T15:46:38.596373,2026-10-03T15:46:38.596373,0,,,1,,0,clear
suumo_77272791,suumo,https://suumo.jp/chukoikkodate/tochigi/sc_nasushiobara/nc_77272791/,那須塩原市上塩原　2階建て3LK【別荘にもおすすめ！】,398.0,3980000,栃木県那須塩原市上塩原６４７－２８,栃木県,那須塩原市 (那須高原・新幹線70分),36.9844928756092,139.785821505967,628.6,1,1,野岩鉄道「上三依塩原温泉口」徒歩99分,上三依塩原温泉口,walk,徒歩99分,99,100,199,3LK,,96.34,237.07,1992,1992年10月,residential,,"南向き, 陽当り良好, 通風, 開放感",,https://img01.suumo.com/jj/resizeImage?src=gazo%2Fbukken%2F030%2FN010000%2Fimg%2F791%2F77272791%2F77272791_0015.jpg&w=192&h=144,18.0,5.0,15.0,8.0,0.0,49.0,discovered,,2026-10-03T15:47:21.125704,2026-10-03T15:47:21.125704,0,,,1,,0,clear
suumo_20154084,suumo,https://suumo.jp/chukoikkodate/tochigi/sc_nasushiobara/nc_20154084/,上塩原 500万円,500.0,5000000,栃木県那須塩原市上塩原,栃木県,那須塩原市 (那須高原・新幹線70分),36.9817198211771,139.778497352708,653.6,1,1,-,,walk,,10,100,110,2LDK,,123.0,330.0,1992,1992年12月,residential,,"吹抜, 吹抜け",,https://img01.suumo.com/jj/resizeImage?src=gazo%2Fbukken%2F030%2FN010000%2Fimg%2F084%2F20154084%2F20154084_0001.jpg&w=192&h=144,18.0,5.0,15.0,8.0,6.0,49.0,discovered,,2026-10-03T15:47:43.160285,2026-10-03T15:47:43.160285,15000,"HOA / Fee: ¥15,000/mo (¥180,000/yr) / Title Transfer Fee: ¥15,000",,1,,0,clear
suumo_20245302,suumo,https://suumo.jp/chukoikkodate/yamanashi/sc_otsuki/nc_20245302/,猿橋町藤崎（鳥沢駅） 550万円,550.0,5500000,山梨県大月市猿橋町藤崎,山梨県,大月市,35.611258411292,138.988824577331,352.5,1,1,ＪＲ中央線「鳥沢」徒歩27分,鳥沢,walk,徒歩27分,27,100,127,5LDK,,96.88,204.49,1981,1981年9月,residential,,陽当り良好,,https://img01.suumo.com/jj/resizeImage?src=gazo%2Fbukken%2F040%2FN010000%2Fimg%2F302%2F20245302%2F20245302_0001.jpg&w=192&h=144,14.0,5.0,12.0,8.0,6.0,48.0,discovered,,2026-09-30T00:03:58.832563,2026-10-01T23:38:18.579101,0,,,1,,0,clear
suumo_21524042,suumo,https://suumo.jp/chukoikkodate/yamanashi/sc_otsuki/nc_21524042/,猿橋町藤崎 960万円,960.0,9600000,山梨県大月市猿橋町藤崎,山梨県,大月市,35.611258411292,138.988824577331,352.5,1,1,桂台・藤崎線「四季の丘（山梨県）」徒歩3分,四季の丘（山梨県）,walk,徒歩3分,3,100,103,5LDK,,119.87,197.04,1983,1983年5月,residential,,南向き,,https://img01.suumo.com/jj/resizeImage?src=gazo%2Fbukken%2Fsystem%2Fimg%2FDummy_Photo_021_132_99.jpg&w=192&h=144,10.0,5.0,12.0,10.0,8.0,48.0,discovered,,2026-09-30T00:04:03.140318,2026-10-01T23:38:18.579101,0,,,1,,0,clear
suumo_21802146,suumo,https://suumo.jp/chukoikkodate/shizuoka/sc_tagatagun/nc_21802146/,平井 500万円,500.0,5000000,静岡県田方郡函南町平井,静岡県,田方郡 (函南町/南箱根),35.0892385696143,138.964847918779,40.8,1,1,東海道新幹線「熱海」車13km,熱海,drive,13.0km,30,45,75,2LDK,,77.84,286.0,1993,1993年12月,residential,,"南西向き, 陽当り良好, 採光, 通風, バルコニー",,https://img01.suumo.com/jj/resizeImage?src=gazo%2Fbukken%2F050%2FN010000%2Fimg%2F146%2F21802146%2F21802146_0001.jpg&w=192&h=144,18.0,5.0,10.0,5.0,10.0,48.0,discovered,,2026-10-01T23:02:09.010965,2026-10-01T23:38:18.579101,5646,"HOA / Fee: ¥5,646/mo (¥67,749/yr)",,1,,0,clear
suumo_20571066,suumo,https://suumo.jp/chukoikkodate/nagano/sc_ueda/nc_20571066/,古安曽（下之郷駅） 440万円,440.0,4400000,長野県上田市古安曽,長野県,上田市 (別所温泉/千曲川),36.3487907643241,138.222091599339,502.1,1,1,上田電鉄別所線「下之郷」徒歩23分,下之郷,walk,徒歩23分,23,85,108,5DK,,99.69,326.56,1968,1968年4月,residential,,,,https://img01.suumo.com/jj/resizeImage?src=gazo%2Fbukken%2F040%2FN010000%2Fimg%2F066%2F20571066%2F20571066_0001.jpg&w=192&h=144,18.0,5.0,12.0,4.0,6.0,48.0,discovered,,2026-10-01T23:32:18.517160,2026-10-01T23:38:18.579101,0,,,1,,0,clear
suumo_79077570,suumo,https://suumo.jp/chukoikkodate/gumma/sc_annaka/nc_79077570/,中野谷（磯部駅） 890万円,890.0,8900000,群馬県安中市中野谷1877-3,群馬県,安中市 (磯部温泉/碓氷峠),36.2913671858929,138.86411541439,236.9,1,1,ＪＲ信越本線「磯部」徒歩28分,磯部,walk,徒歩28分,28,75,103,5DK,,110.12,686.2,2009,2009年3月,residential,,"南向き, バルコニー",,https://img01.suumo.com/jj/resizeImage?src=gazo%2Fbukken%2F030%2FN010000%2Fimg%2F570%2F79077570%2F79077570_0001.jpg&w=192&h=144,10.0,5.0,12.0,10.0,8.0,48.0,discovered,,2026-10-01T23:33:52.928186,2026-10-01T23:38:18.579101,0,,,1,,0,clear
suumo_21003991,suumo,https://suumo.jp/chukoikkodate/tochigi/sc_nasugun/nc_21003991/,那須郡那須町湯本　2階建て3DK 小鳥のさえずりで目覚める家,298.0,2980000,栃木県那須郡那須町大字湯本５３３－５４,栃木県,那須郡 (那須高原),37.0642269931038,140.010627009591,559.2,1,1,ＪＲ東北本線「高久」車11.9km,高久,drive,11.9km,28,100,128,3DK,,71.62,387.0,1987,1987年8月,residential,,ウッドデッキ,,https://img01.suumo.com/jj/resizeImage?src=gazo%2Fbukken%2F030%2FN010000%2Fimg%2F991%2F21003991%2F21003991_0001.jpg&w=192&h=144,22.0,5.0,12.0,3.0,6.0,48.0,discovered,,2026-10-01T23:36:08.647311,2026-10-01T23:38:18.579101,7700,"Maintenance: ¥3,300/mo (¥39,600/yr) / Water Base: ¥4,400/mo (¥52,800/yr)",,1,,0,clear
suumo_21745843,suumo,https://suumo.jp/chukoikkodate/kanagawa/sc_sagamiharashimidori/nc_21745843/,三井 600万円,600.0,6000000,神奈川県相模原市緑区三井,神奈川県,相模原市緑区 (相模湖/津久井湖),35.5916790347395,139.264600021899,155.0,1,0,ＪＲ横浜線「橋本」バス45分停歩15分,橋本,bus,バス45分,45,100,145,3DK,,66.1,208.98,1980,1980年1月,lake,湖一望/レイクビュー,,,https://img01.suumo.com/jj/resizeImage?src=gazo%2Fbukken%2F030%2FN010000%2Fimg%2F843%2F21745843%2F21745843_0001.jpg&w=192&h=144,14.0,30.0,-4.0,1.0,4.0,48.0,discovered,,2026-10-03T15:37:29.933997,2026-10-03T15:37:29.933997,0,,,1,,0,debris_flow
suumo_21833145,suumo,https://suumo.jp/chukoikkodate/kanagawa/sc_sagamiharashimidori/nc_21833145/,長竹 650万円,650.0,6500000,神奈川県相模原市緑区長竹,神奈川県,相模原市緑区 (相模湖/津久井湖),35.5689911842434,139.264870339086,214.1,1,1,ＪＲ横浜線「橋本」バス35分停歩19分,橋本,bus,バス35分,35,100,135,3LDK,,70.22,127.67,1986,1986年12月,residential,,"南向き, 陽当り良好, バルコニー, 平坦地",,https://img01.suumo.com/jj/resizeImage?src=gazo%2Fbukken%2F030%2FN010000%2Fimg%2F145%2F21833145%2F21833145_0001.jpg&w=192&h=144,14.0,5.0,12.0,8.0,6.0,48.0,discovered,,2026-10-03T15:37:37.702824,2026-10-03T15:37:37.702824,0,,,1,,0,clear
suumo_77858865,suumo,https://suumo.jp/chukoikkodate/kanagawa/sc_sagamiharashimidori/nc_77858865/,ゆとりの間取り　6LDK。土地約52坪。室内丁寧にお使いです。,697.0,6970000,神奈川県相模原市緑区鳥屋,神奈川県,相模原市緑区 (相模湖/津久井湖),35.5473369982626,139.220684802418,272.4,1,1,ＪＲ横浜線「橋本」バス43分停歩3分,橋本,bus,バス43分,43,100,143,6LDK,,150.37,171.73,1986,1986年12月,residential,,"南向き, 開放感, バルコニー",,https://img01.suumo.com/jj/resizeImage?src=gazo%2Fbukken%2F030%2FN010000%2Fimg%2F865%2F77858865%2F77858865_0054.jpg&w=192&h=144,14.0,5.0,12.0,10.0,4.0,48.0,discovered,,2026-10-03T15:37:53.656952,2026-10-03T15:37:53.656952,0,,,1,,0,clear
suumo_20912791,suumo,https://suumo.jp/chukoikkodate/hiroshima/sc_onomichi/nc_20912791/,昭和のぬくもり、今こそ再発見。。。,250.0,2500000,広島県尾道市長江３-11番10号,広島県,尾道市 (しまなみ海道・向島/因島/生口島),34.4201906279753,133.1985775358,54.8,1,1,山陽新幹線「新尾道」徒歩21分,新尾道,walk,徒歩21分,21,235,256,7DK,,98.4,144.29,1965,1965年8月,residential,,"南向き, バルコニー",,https://img01.suumo.com/jj/resizeImage?src=gazo%2Fbukken%2F080%2FN010000%2Fimg%2F791%2F20912791%2F20912791_0026.jpg&w=192&h=144,22.0,5.0,10.0,8.0,0.0,48.0,discovered,,2026-10-03T15:39:56.586293,2026-10-03T15:39:56.586293,0,,,1,,0,clear
suumo_21531652,suumo,https://suumo.jp/chukoikkodate/tochigi/sc_nasushiobara/nc_21531652/,上下水道接続済。作業スペースとしても使える車庫付き。,380.0,3800000,栃木県那須塩原市塩原2414-1,栃木県,那須塩原市 (那須高原・新幹線70分),36.9706184499993,139.817713024412,564.9,1,1,ＪＲ東北本線「西那須野」徒歩99分,西那須野,walk,徒歩99分,99,80,179,5DK,,170.84,190.68,1961,1961年6月,residential,,,,https://img01.suumo.com/jj/resizeImage?src=gazo%2Fbukken%2F030%2FN010000%2Fimg%2F652%2F21531652%2F21531652_0001.jpg&w=192&h=144,18.0,5.0,12.0,6.0,4.0,48.0,discovered,,2026-10-03T15:47:15.473267,2026-10-03T15:47:15.473267,0,,,1,,0,clear
suumo_20554768,suumo,https://suumo.jp/chukoikkodate/tochigi/sc_nasushiobara/nc_20554768/,すぐに入居できるので、お急ぎの方も安心してお問い合わせください,440.0,4400000,栃木県那須塩原市寺子205-53,栃木県,那須塩原市 (那須高原・新幹線70分),36.967533899233,140.119032817726,260.8,1,1,ＪＲ東北本線「高久」バス8分停歩30分,高久,bus,バス8分,8,100,108,2LDK+S（納戸）,,87.76,272.0,1996,1996年5月,residential,,,,https://img01.suumo.com/jj/resizeImage?src=gazo%2Fbukken%2F030%2FN010000%2Fimg%2F768%2F20554768%2F20554768_0001.jpg&w=192&h=144,18.0,5.0,12.0,4.0,6.0,48.0,discovered,,2026-10-03T15:47:26.035042,2026-10-03T15:47:26.035042,0,,,1,,0,clear
suumo_79023609,suumo,https://suumo.jp/chukoikkodate/tochigi/sc_nasushiobara/nc_79023609/,寺子 480万円,480.0,4800000,栃木県那須塩原市寺子,栃木県,那須塩原市 (那須高原・新幹線70分),36.967533899233,140.119032817726,260.8,1,1,ＪＲ東北本線「黒磯」車10km,黒磯,drive,10.0km,24,80,104,2DK,,49.68,332.0,1995,1995年10月,residential,,"南向き, 陽当り良好, 通風",,https://img01.suumo.com/jj/resizeImage?src=gazo%2Fbukken%2F030%2FN010000%2Fimg%2F609%2F79023609%2F79023609_0007.jpg&w=192&h=144,18.0,5.0,12.0,5.0,8.0,48.0,discovered,,2026-10-03T15:47:32.089826,2026-10-03T15:47:32.089826,5550,"Maintenance: ¥4,000/mo (¥48,000/yr) / HOA / Fee: ¥1,550/mo (¥18,600/yr) / Title Transfer Fee: ¥20,000 / Hot Spring Transfer Fee: ¥110,000",,1,,0,clear
suumo_21832983,suumo,https://suumo.jp/chukoikkodate/tochigi/sc_nasushiobara/nc_21832983/,三区町 580万円,580.0,5800000,栃木県那須塩原市三区町,栃木県,那須塩原市 (那須高原・新幹線70分),36.8742477362106,139.948128633252,257.1,1,1,ＪＲ東北本線「西那須野」バス22分停歩15分,西那須野,bus,バス22分,22,80,102,4LDK,,125.51,116.28,1996,1996年9月,residential,,,,https://img01.suumo.com/jj/resizeImage?src=gazo%2Fbukken%2F030%2FN010000%2Fimg%2F983%2F21832983%2F21832983_0001.jpg&w=192&h=144,14.0,5.0,12.0,6.0,8.0,48.0,discovered,,2026-10-03T15:47:52.107767,2026-10-03T15:47:52.107767,0,,,1,,0,clear
suumo_21317806,suumo,https://suumo.jp/chukoikkodate/chiba/sc_choshi/nc_21317806/,豊里台１（下総豊里駅） 560万円,560.0,5600000,千葉県銚子市豊里台１,千葉県,銚子市 (屏風ヶ浦・犬吠埼オーシャンビュー),35.7858379025647,140.709945275994,47.2,1,1,ＪＲ成田線「下総豊里」徒歩17分,下総豊里,walk,徒歩17分,17,100,117,4LDK,,127.49,139.26,1991,1991年3月,residential,,"南西向き, 陽当り良好, 通風, 開放感",,https://img01.suumo.com/jj/resizeImage?src=gazo%2Fbukken%2F030%2FN010000%2Fimg%2F806%2F21317806%2F21317806_0001.jpg&w=192&h=144,14.0,5.0,10.0,10.0,6.0,48.0,discovered,,2026-10-03T15:49:18.714348,2026-10-03T15:49:18.714348,0,,,1,,0,clear
suumo_78336561,suumo,https://suumo.jp/chukoikkodate/chiba/sc_choshi/nc_78336561/,敷地広々９３坪角地の４ＬＤＫ+Ｓ戸建て♪お庭が広いのでBBQ等も楽しめます♪,690.0,6900000,千葉県銚子市三崎町１,千葉県,銚子市 (屏風ヶ浦・犬吠埼オーシャンビュー),35.7150711189625,140.80122366563,46.0,1,1,ＪＲ総武本線「銚子」バス8分停歩14分,銚子,bus,バス8分,8,110,118,4LDK+S（納戸）,,125.86,310.08,1985,1985年6月,residential,,"陽当り良好, 通風, バルコニー",,https://img01.suumo.com/jj/resizeImage?src=gazo%2Fbukken%2F030%2FN010000%2Fimg%2F561%2F78336561%2F78336561_0061.jpg&w=192&h=144,14.0,5.0,10.0,10.0,6.0,48.0,discovered,,2026-10-03T15:49:26.343949,2026-10-03T15:49:26.343949,0,,,1,,0,clear
suumo_21742033,suumo,https://suumo.jp/chukoikkodate/nagano/sc_kitasakugun/nc_21742033/,1000m林道北側の避暑地、別荘使いに。,560.0,5600000,長野県北佐久郡軽井沢町大字追分1781-3,長野県,北佐久郡 (軽井沢町/御代田町),36.3373197730037,138.539696802125,980.1,1,1,しなの鉄道「信濃追分」車5km,信濃追分,drive,5.0km,13,85,98,3LDK,,75.19,517.53,1976,1976年5月,residential,,"南向き, バルコニー",,https://img01.suumo.com/jj/resizeImage?src=gazo%2Fbukken%2F040%2FN010000%2Fimg%2F033%2F21742033%2F21742033_0009.jpg&w=192&h=144,14.0,5.0,15.0,5.0,8.0,47.0,discovered,,2026-09-30T00:04:23.593765,2026-10-01T23:38:18.579101,2542,"Town / Community: ¥2,542/mo (¥30,500/yr)",,1,,0,clear
suumo_21728767,suumo,https://suumo.jp/chukoikkodate/nagano/sc_saku/nc_21728767/,協和 600万円,600.0,6000000,長野県佐久市協和,長野県,佐久市,36.1856748880818,138.316819545805,1152.9,1,1,北陸新幹線「佐久平」車23.2km,佐久平,drive,23.2km,53,75,128,2LDK,,73.97,1660.0,1998,1998年4月,residential,,"南向き, 陽当り良好, 通風, ウッドデッキ, バルコニー, 平坦地",,https://img01.suumo.com/jj/resizeImage?src=gazo%2Fbukken%2F040%2FN010000%2Fimg%2F767%2F21728767%2F21728767_0001.jpg&w=192&h=144,14.0,5.0,18.0,10.0,6.0,47.0,discovered,,2026-09-30T00:05:11.990024,2026-10-01T23:38:18.579101,29880,"Land Lease: ¥29,880/mo",,1,,0,clear
suumo_76851685,suumo,https://suumo.jp/chukoikkodate/shizuoka/sc_tagatagun/nc_76851685/,平井 380万円,380.0,3800000,静岡県田方郡函南町平井,静岡県,田方郡 (函南町/南箱根),35.0892385696143,138.964847918779,40.8,1,1,東海道新幹線「熱海」車12.1km,熱海,drive,12.1km,28,45,73,2LDK,,76.19,290.0,1980,1980年12月,residential,,"陽当り良好, 採光, 通風, ウッドデッキ, バルコニー",,https://img01.suumo.com/jj/resizeImage?src=gazo%2Fbukken%2F050%2FN010000%2Fimg%2F685%2F76851685%2F76851685_0001.jpg&w=192&h=144,18.0,5.0,10.0,7.0,10.0,47.0,discovered,,2026-10-01T23:01:58.397339,2026-10-01T23:38:18.579101,10070,"Hot Spring: ¥2,200/mo / HOA / Fee: ¥5,670/mo (¥68,035/yr) / Water Base: ¥2,200/mo",,1,,0,clear
suumo_20287425,suumo,https://suumo.jp/chukoikkodate/yamanashi/sc_koshu/nc_20287425/,塩山上於曽（塩山駅） 880万円,880.0,8800000,山梨県甲州市塩山上於曽,山梨県,甲州市 (勝沼ワインバレー/塩山),35.7046173724913,138.723415647238,396.3,1,1,ＪＲ中央線「塩山」徒歩15分,塩山,walk,徒歩15分,15,80,95,6K,,134.4,450.54,1957,1957年12月,residential,,生活至便,,https://img01.suumo.com/jj/resizeImage?src=gazo%2Fbukken%2Fsystem%2Fimg%2FDummy_Photo_021_132_99.jpg&w=192&h=144,10.0,5.0,12.0,9.0,8.0,47.0,discovered,,2026-10-01T23:04:50.464987,2026-10-01T23:38:18.579101,0,,,1,,0,clear
suumo_21094884,suumo,https://suumo.jp/chukoikkodate/nagano/sc_komoro/nc_21094884/,己 600万円,600.0,6000000,長野県小諸市己,長野県,小諸市 (浅間山麓/高原避暑地),36.3523115361454,138.457785531455,1025.9,1,1,しなの鉄道「小諸」車5.5km,小諸,drive,5.5km,14,105,119,2LDK,,63.62,515.7,1974,1974年8月,residential,,開放感,,https://img01.suumo.com/jj/resizeImage?src=gazo%2Fbukken%2F040%2FN010000%2Fimg%2F884%2F21094884%2F21094884_0001.jpg&w=192&h=144,14.0,5.0,18.0,1.0,6.0,47.0,discovered,,2026-10-01T23:05:46.585684,2026-10-01T23:38:18.579101,0,,,1,,0,clear
suumo_21406381,suumo,https://suumo.jp/chukoikkodate/shizuoka/sc_fujinomiya/nc_21406381/,☆　平屋建てなので効率よい生活動線が確保出来ます。,400.0,4000000,静岡県富士宮市内房,静岡県,富士宮市 (朝霧高原/田貫湖),35.2003545088595,138.551210031736,66.5,1,1,ＪＲ身延線「芝川」徒歩27分,芝川,walk,徒歩27分,27,100,127,3DK,,73.28,455.87,1982,1982年12月,residential,,"南向き, 陽当り良好, 通風",,https://img01.suumo.com/jj/resizeImage?src=gazo%2Fbukken%2F050%2FN010000%2Fimg%2F381%2F21406381%2F21406381_0001.jpg&w=192&h=144,18.0,5.0,10.0,5.0,6.0,47.0,discovered,,2026-10-01T23:27:40.867618,2026-10-01T23:38:18.579101,0,,,1,,0,clear
suumo_21245320,suumo,https://suumo.jp/chukoikkodate/chiba/sc_choseigun/nc_21245320/,☆白子海岸まで車で３分！マリンスポーツが好きな方に♪■永住や別荘に！,650.0,6500000,千葉県長生郡白子町古所,千葉県,長生郡 (一宮/白子/長南),35.4442644380773,140.397912669174,1.6,0,1,ＪＲ外房線「新茂原」車9.7km,新茂原,drive,9.7km,23,55,78,3DK,,105.99,107.0,1991,1991年1月,residential,,"陽当り良好, 平坦地",,https://img01.suumo.com/jj/resizeImage?src=gazo%2Fbukken%2F030%2FN010000%2Fimg%2F320%2F21245320%2F21245320_0010.jpg&w=192&h=144,14.0,25.0,-16.0,13.0,8.0,47.0,discovered,,2026-10-01T23:28:41.558228,2026-10-01T23:38:18.579101,0,,,1,,0,clear
suumo_21358399,suumo,https://suumo.jp/chukoikkodate/yamanashi/sc_hokuto/nc_21358399/,【７DK中古住宅。リフォームもエスティケイにお任せください♪】,940.0,9400000,山梨県北杜市高根町長澤,山梨県,北杜市 (八ヶ岳/清里),35.8707018659554,138.428978176863,857.6,1,1,ＪＲ小海線「甲斐大泉」徒歩57分,甲斐大泉,walk,徒歩57分,57,100,157,7DK,,113.88,1584.27,1970,1970年10月,residential,,"南向き, 陽当り良好, 通風",,https://img01.suumo.com/jj/resizeImage?src=gazo%2Fbukken%2F040%2FN010000%2Fimg%2F399%2F21358399%2F21358399_0001.jpg&w=192&h=144,10.0,5.0,15.0,10.0,4.0,47.0,discovered,,2026-10-01T23:31:08.590918,2026-10-01T23:38:18.579101,0,,,1,,0,clear
suumo_21744932,suumo,https://suumo.jp/chukoikkodate/ibaraki/sc_kasama/nc_21744932/,下市毛 280万円,280.0,2800000,茨城県笠間市下市毛,茨城県,笠間市 (笠間焼/陶芸・里山),36.3719057249396,140.253971956085,45.8,1,1,ＪＲ水戸線「笠間」バス31分停歩10分,笠間,bus,バス31分,31,75,106,5DK,,42.23,217.08,1966,1966年11月,residential,,バルコニー,,https://img01.suumo.com/jj/resizeImage?src=gazo%2Fbukken%2F030%2FN010000%2Fimg%2F932%2F21744932%2F21744932_0001.jpg&w=192&h=144,22.0,5.0,10.0,1.0,6.0,47.0,discovered,,2026-10-01T23:37:17.010403,2026-10-01T23:38:18.579101,0,,,1,,0,clear
suumo_21791094,suumo,https://suumo.jp/chukoikkodate/shizuoka/sc_shimoda/nc_21791094/,大賀茂 250万円,250.0,2500000,静岡県下田市大賀茂,静岡県,下田市 (南伊豆・白浜/吉佐美/外浦海岸),34.677839612203,138.924783679512,117.3,1,1,伊豆急行「伊豆急下田」バス11分停歩5分,伊豆急下田,bus,バス11分,11,165,176,2DK,,39.74,172.0,1977,1977年11月,residential,,,,https://img01.suumo.com/jj/resizeImage?src=gazo%2Fbukken%2F050%2FN010000%2Fimg%2F094%2F21791094%2F21791094_0001.jpg&w=192&h=144,22.0,5.0,12.0,1.0,4.0,47.0,discovered,,2026-10-03T15:45:40.735088,2026-10-03T15:45:40.735088,0,,,1,,0,clear
suumo_20994968,suumo,https://suumo.jp/chukoikkodate/tochigi/sc_nasushiobara/nc_20994968/,徒歩圏でお買い物、病院、駅も御利用可能です。,468.0,4680000,栃木県那須塩原市東町,栃木県,那須塩原市 (那須高原・新幹線70分),36.8880475868922,139.987234677096,245.2,1,1,ＪＲ東北本線「西那須野」徒歩8分,西那須野,walk,徒歩8分,8,80,88,3DK,,52.99,104.15,1970,1970年3月,residential,,,,https://img01.suumo.com/jj/resizeImage?src=gazo%2Fbukken%2F030%2FN010000%2Fimg%2F968%2F20994968%2F20994968_0001.jpg&w=192&h=144,18.0,5.0,12.0,1.0,8.0,47.0,discovered,,2026-10-03T15:46:35.327349,2026-10-03T15:46:35.327349,0,,,1,,0,clear
suumo_78710918,suumo,https://suumo.jp/chukoikkodate/chiba/sc_minamiboso/nc_78710918/,＼＼　海歩7分のリゾート海浜別荘　／／◎海の街白浜でのんびりリゾートラ,650.0,6500000,千葉県南房総市白浜町滝口5246-8,千葉県,南房総市,34.9105854278081,139.864420232067,18.2,0,1,ＪＲ内房線「館山」バス25分停歩8分,館山,bus,バス25分,25,110,135,5LDK+S（納戸）,,116.34,255.69,1979,1979年8月,ocean,海一望/オーシャンビュー,平坦地,,https://img01.suumo.com/jj/resizeImage?src=gazo%2Fbukken%2F030%2FN010000%2Fimg%2F918%2F78710918%2F78710918_0001.jpg&w=192&h=144,14.0,30.0,-16.0,9.0,6.0,46.0,discovered,,2026-09-29T23:16:12.378200,2026-10-01T23:38:18.579101,0,,,1,,0,clear
suumo_20983821,suumo,https://suumo.jp/chukoikkodate/yamanashi/sc_minamitsurugun/nc_20983821/,590万円,590.0,5900000,山梨県南都留郡鳴沢村,山梨県,南都留郡 (山中湖/河口湖/忍野/西湖),35.4588303934894,138.711667596019,1103.1,1,1,富士急行「河口湖」車13km,河口湖,drive,13.0km,30,115,145,2LDK,,65.41,544.0,1980,1980年5月,residential,,"南向き, バルコニー",,https://img01.suumo.com/jj/resizeImage?src=gazo%2Fbukken%2F040%2FN010000%2Fimg%2F821%2F20983821%2F20983821_0001.jpg&w=192&h=144,14.0,5.0,18.0,5.0,4.0,46.0,discovered,,2026-09-29T23:17:06.153474,2026-10-01T23:38:18.579101,3750,"Maintenance: ¥3,750/mo (¥45,000/yr) / Reserve Deposit: ¥544,000",,1,,0,clear
suumo_78239761,suumo,https://suumo.jp/chukoikkodate/yamanashi/sc_fuefuki/nc_78239761/,〇日当たり良好！３LDK中古住宅！駐車スペース２台分可能！ご検討ください♪,790.0,7900000,山梨県笛吹市石和町小石和,山梨県,笛吹市 (石和温泉/甲府盆地眺望),35.6289879468672,138.631188156651,261.9,1,1,ＪＲ中央線「石和温泉」車4.3km,石和温泉,drive,4.3km,11,90,101,3LDK,,98.55,154.57,1990,1990年7月,residential,,"陽当り良好, バルコニー",,https://img01.suumo.com/jj/resizeImage?src=gazo%2Fbukken%2F040%2FN010000%2Fimg%2F761%2F78239761%2F78239761_0042.jpg&w=192&h=144,10.0,5.0,12.0,8.0,8.0,46.0,discovered,,2026-10-01T23:05:03.011276,2026-10-01T23:38:18.579101,0,,,1,,0,clear
suumo_78364604,suumo,https://suumo.jp/chukoikkodate/nagano/sc_komoro/nc_78364604/,己（小諸駅） 478万円,478.0,4780000,長野県小諸市己,長野県,小諸市 (浅間山麓/高原避暑地),36.3544311095206,138.449025174537,980.0,1,1,ＪＲ小海線「小諸」徒歩59分,小諸,walk,徒歩59分,59,105,164,3DK,,72.15,271.81,1989,1989年4月,residential,,,,https://img01.suumo.com/jj/resizeImage?src=gazo%2Fbukken%2F040%2FN010000%2Fimg%2F604%2F78364604%2F78364604_0044.jpg&w=192&h=144,18.0,5.0,15.0,1.0,4.0,46.0,discovered,,2026-10-01T23:05:38.482844,2026-10-01T23:38:18.579101,0,,,1,,0,clear
suumo_21778430,suumo,https://suumo.jp/chukoikkodate/gumma/sc_shibukawa/nc_21778430/,【駅徒歩15分】部屋数ゆったり5K！陽当たり良好＆駐車3台可能な平屋建て☆,980.0,9800000,群馬県渋川市渋川,群馬県,渋川市 (伊香保温泉/榛名山麓),36.4938975570721,139.003449858242,197.1,1,1,ＪＲ上越線「渋川」徒歩15分,渋川,walk,徒歩15分,15,85,100,5K,,85.29,326.28,1970,1970年12月,residential,,"南向き, 陽当り良好, 陽当たり良好",,https://img01.suumo.com/jj/resizeImage?src=gazo%2Fbukken%2F030%2FN010000%2Fimg%2F430%2F21778430%2F21778430_0022.jpg&w=192&h=144,10.0,5.0,12.0,8.0,8.0,46.0,discovered,,2026-10-01T23:32:41.600563,2026-10-01T23:38:18.579101,0,,,1,,0,clear
suumo_75820635,suumo,https://suumo.jp/chukoikkodate/gumma/sc_shibukawa/nc_75820635/,☆南西角地で陽当たり良好◎☆スカイランドパークまで約1.5ｋｍで,690.0,6900000,群馬県渋川市金井2734-618,群馬県,渋川市 (伊香保温泉/榛名山麓),36.5066508226076,138.977444074504,381.5,1,1,ＪＲ吾妻線「金島」バス45分停歩14分,金島,bus,バス45分,45,100,145,4LDK,,83.63,163.48,1991,1991年7月,residential,,"陽当り良好, 陽当たり良好, バルコニー",,https://img01.suumo.com/jj/resizeImage?src=gazo%2Fbukken%2F030%2FN010000%2Fimg%2F635%2F75820635%2F75820635_0001.jpg&w=192&h=144,14.0,5.0,12.0,8.0,4.0,46.0,discovered,,2026-10-01T23:33:09.253994,2026-10-01T23:38:18.579101,0,,,1,,0,clear
suumo_74813625,suumo,https://suumo.jp/chukoikkodate/gumma/sc_annaka/nc_74813625/,松井田町行田（松井田駅） 600万円,600.0,6000000,群馬県安中市松井田町行田,群馬県,安中市 (磯部温泉/碓氷峠),36.3055622477073,138.788843245368,327.4,1,1,ＪＲ信越本線「松井田」徒歩17分,松井田,walk,徒歩17分,17,100,117,7DK,,141.4,534.48,1979,1979年3月,residential,,,,https://img01.suumo.com/jj/resizeImage?src=gazo%2Fbukken%2F030%2FN010000%2Fimg%2F625%2F74813625%2F74813625_0017.jpg&w=192&h=144,14.0,5.0,12.0,6.0,6.0,46.0,discovered,,2026-10-01T23:33:41.259191,2026-10-01T23:38:18.579101,0,,,1,,0,clear
suumo_21637962,suumo,https://suumo.jp/chukoikkodate/kanagawa/sc_miura/nc_21637962/,ー喫茶店利用履歴有テナント付中古戸建ー三崎港すぐそばの立地,680.0,6800000,神奈川県三浦市三崎４,神奈川県,三浦市,35.142079132875,139.618164897425,5.3,0,1,京急久里浜線「三崎口」バス16分停歩2分,三崎口,bus,バス16分,16,75,91,4LDK+S（納戸）,,95.83,67.04,1950,1950年1月,ocean,海一望/オーシャンビュー,平坦地,,https://img01.suumo.com/jj/resizeImage?src=gazo%2Fbukken%2F030%2FN010000%2Fimg%2F962%2F21637962%2F21637962_0025.jpg&w=192&h=144,14.0,30.0,-16.0,7.0,8.0,46.0,discovered,,2026-10-01T23:34:45.682949,2026-10-01T23:38:18.579101,0,,,1,,0,clear
suumo_78300613,suumo,https://suumo.jp/chukoikkodate/chiba/sc_futtsu/nc_78300613/,富津岬や海水浴場にアクセス良く、海好きの方や別荘にもおすすめ。,450.0,4500000,千葉県富津市富津,千葉県,富津市,35.3140285162105,139.817409588481,2.4,0,1,ＪＲ内房線「青堀」車5.1km,青堀,drive,5.1km,13,80,93,2LDK,,85.49,169.18,1991,1991年8月,residential,,"南向き, 陽当り良好",,https://img01.suumo.com/jj/resizeImage?src=gazo%2Fbukken%2F030%2FN010000%2Fimg%2F613%2F78300613%2F78300613_0001.jpg&w=192&h=144,18.0,25.0,-16.0,8.0,8.0,46.0,discovered,,2026-10-01T23:35:07.603890,2026-10-01T23:38:18.579101,0,,,1,,0,clear
suumo_20674198,suumo,https://suumo.jp/chukoikkodate/chiba/sc_awagun/nc_20674198/,■■■角地×海近×駅近×車庫付■■■,498.0,4980000,千葉県安房郡鋸南町竜島,千葉県,安房郡 (鋸南町),35.1139111913221,139.832764131996,3.1,0,1,ＪＲ内房線「安房勝山」徒歩5分,安房勝山,walk,徒歩5分,5,115,120,5LDK,,130.41,183.22,1983,1983年5月,residential,,陽当り良好,,https://img01.suumo.com/jj/resizeImage?src=gazo%2Fbukken%2F030%2FN010000%2Fimg%2F198%2F20674198%2F20674198_0044.jpg&w=192&h=144,18.0,25.0,-16.0,10.0,6.0,46.0,discovered,,2026-10-01T23:35:38.214392,2026-10-01T23:38:18.579101,0,,,1,,0,clear
suumo_20554767,suumo,https://suumo.jp/chukoikkodate/tochigi/sc_nasugun/nc_20554767/,大字高久乙（高久駅） 248万円,248.0,2480000,栃木県那須郡那須町大字高久乙3375-2059,栃木県,那須郡 (那須高原),37.0752124136444,139.954002461734,790.1,1,1,ＪＲ東北本線「高久」徒歩99分,高久,walk,徒歩99分,99,100,199,ワンルーム,,75.35,407.0,2004,2004年11月,residential,,,,https://img01.suumo.com/jj/resizeImage?src=gazo%2Fbukken%2F030%2FN010000%2Fimg%2F767%2F20554767%2F20554767_0001.jpg&w=192&h=144,22.0,5.0,15.0,1.0,0.0,46.0,discovered,,2026-10-01T23:36:04.896959,2026-10-01T23:38:18.579101,0,,,1,,0,clear
suumo_21501065,suumo,https://suumo.jp/chukoikkodate/kanagawa/sc_sagamiharashimidori/nc_21501065/,寸沢嵐 600万円,600.0,6000000,神奈川県相模原市緑区寸沢嵐,神奈川県,相模原市緑区 (相模湖/津久井湖),35.5981110770399,139.206923838066,205.7,1,1,ＪＲ中央線「相模湖」バス16分停歩10分,相模湖,bus,バス16分,16,65,81,5DK,,66.5,116.27,1983,1983年8月,residential,,"バルコニー, 平坦地",,https://img01.suumo.com/jj/resizeImage?src=gazo%2Fbukken%2F030%2FN010000%2Fimg%2F065%2F21501065%2F21501065_0001.jpg&w=192&h=144,14.0,5.0,12.0,4.0,8.0,46.0,discovered,,2026-10-03T15:37:24.324291,2026-10-03T15:37:24.324291,0,,,1,,0,clear
suumo_21086887,suumo,https://suumo.jp/chukoikkodate/kanagawa/sc_sagamiharashimidori/nc_21086887/,寸沢嵐 680万円,680.0,6800000,神奈川県相模原市緑区寸沢嵐,神奈川県,相模原市緑区 (相模湖/津久井湖),35.5981110770399,139.206923838066,205.7,1,1,ＪＲ中央線「相模湖」バス11分停歩3分,相模湖,bus,バス11分,11,65,76,4DK,,90.87,144.28,1992,1992年2月,residential,,バルコニー,,https://img01.suumo.com/jj/resizeImage?src=gazo%2Fbukken%2F030%2FN010000%2Fimg%2F887%2F21086887%2F21086887_0001.jpg&w=192&h=144,14.0,5.0,12.0,4.0,8.0,46.0,discovered,,2026-10-03T15:37:43.674977,2026-10-03T15:37:43.674977,0,,,1,,0,clear
suumo_20695683,suumo,https://suumo.jp/chukoikkodate/kanagawa/sc_sagamiharashimidori/nc_20695683/,＼三方向角地で陽当たり良好／自然たっぷり♪5LDKの広々とした中古戸建,680.0,6800000,神奈川県相模原市緑区青山,神奈川県,相模原市緑区 (相模湖/津久井湖),35.566157910084,139.247763620438,221.8,1,1,ＪＲ横浜線「橋本」バス36分停歩11分,橋本,bus,バス36分,36,100,136,5LDK,,99.38,158.15,1987,1987年7月,residential,,"陽当たり良好, 採光",,https://img01.suumo.com/jj/resizeImage?src=gazo%2Fbukken%2F030%2FN010000%2Fimg%2F683%2F20695683%2F20695683_0001.jpg&w=192&h=144,14.0,5.0,12.0,8.0,4.0,46.0,discovered,,2026-10-03T15:37:48.395595,2026-10-03T15:37:48.395595,0,,,1,,0,clear
suumo_78745173,suumo,https://suumo.jp/chukoikkodate/hiroshima/sc_onomichi/nc_78745173/,【自然豊かな古民家風の5LDK】年月を重ねた住まいの味わいが魅力です♪,290.0,2900000,広島県尾道市栗原東１-6-52,広島県,尾道市 (しまなみ海道・向島/因島/生口島),34.412913858732,133.193091601603,42.4,1,1,ＪＲ山陽本線「尾道」徒歩18分,尾道,walk,徒歩18分,18,235,253,5LDK,,100.53,249.41,1969,1969年11月,residential,,バルコニー,,https://img01.suumo.com/jj/resizeImage?src=gazo%2Fbukken%2F080%2FN010000%2Fimg%2F173%2F78745173%2F78745173_0001.jpg&w=192&h=144,22.0,5.0,10.0,6.0,0.0,46.0,discovered,,2026-10-03T15:40:14.576140,2026-10-03T15:40:14.576140,0,,,1,,0,clear
suumo_76945009,suumo,https://suumo.jp/chukoikkodate/ehime/sc_imabari/nc_76945009/,角地にある庭付き5DKの中古住宅です！,480.0,4800000,愛媛県今治市新谷乙219-91,愛媛県,今治市 (しまなみ海道・大三島/伯方島/大島),34.0224185909486,132.98190432787,44.5,1,1,ＪＲ予讃線「伊予富田」徒歩46分,伊予富田,walk,徒歩46分,46,315,361,5DK,,101.08,189.74,1980,1980年5月,residential,,南向き,,https://img01.suumo.com/jj/resizeImage?src=gazo%2Fbukken%2F070%2FN010000%2Fimg%2F009%2F76945009%2F76945009_0001.jpg&w=192&h=144,18.0,5.0,10.0,10.0,0.0,46.0,discovered,,2026-10-03T15:42:19.387690,2026-10-03T15:42:19.387690,0,,,1,,0,clear
suumo_21510045,suumo,https://suumo.jp/chukoikkodate/hiroshima/sc_mihara/nc_21510045/,◆高坂町の静けさが魅力の角地物件◆空家のため、随時内覧いただけます。,490.0,4900000,広島県三原市高坂町真良830-4,広島県,三原市 (瀬戸内海沿岸・佐木島),34.4340386099259,132.999033146099,41.4,1,1,ＪＲ山陽本線「本郷」徒歩28分,本郷,walk,徒歩28分,28,240,268,4DK,,88.37,203.5,1984,1984年12月,residential,,"南向き, 採光, テラス",,https://img01.suumo.com/jj/resizeImage?src=gazo%2Fbukken%2F080%2FN010000%2Fimg%2F045%2F21510045%2F21510045_0004.jpg&w=192&h=144,18.0,5.0,10.0,10.0,0.0,46.0,discovered,,2026-10-03T15:43:38.038293,2026-10-03T15:43:38.038293,0,,,1,,0,clear
suumo_21043293,suumo,https://suumo.jp/chukoikkodate/tochigi/sc_nasushiobara/nc_21043293/,駅徒歩11分の暮らしやすい住環境,780.0,7800000,栃木県那須塩原市西栄町,栃木県,那須塩原市 (那須高原・新幹線70分),36.8885001971179,139.984893210408,247.0,1,1,ＪＲ東北本線「西那須野」徒歩11分,西那須野,walk,徒歩11分,11,80,91,5DK,,97.58,252.73,1977,1977年11月,residential,,南向き,,https://img01.suumo.com/jj/resizeImage?src=gazo%2Fbukken%2Fsystem%2Fimg%2FDummy_Photo_021_132_99.jpg&w=192&h=144,10.0,5.0,12.0,8.0,8.0,46.0,discovered,,2026-10-03T15:46:42.339541,2026-10-03T15:46:42.339541,0,,,1,,0,clear
suumo_20565513,suumo,https://suumo.jp/chukoikkodate/chiba/sc_choshi/nc_20565513/,春日町 398万円,398.0,3980000,千葉県銚子市春日町,千葉県,銚子市 (屏風ヶ浦・犬吠埼オーシャンビュー),35.7217347797454,140.809653618599,47.1,1,1,ＪＲ総武本線「銚子」バス4分停歩9分,銚子,bus,バス4分,4,110,114,4LDK,,92.73,185.57,1995,1995年2月,residential,,バルコニー,,https://img01.suumo.com/jj/resizeImage?src=gazo%2Fbukken%2F030%2FN010000%2Fimg%2F513%2F20565513%2F20565513_0001.jpg&w=192&h=144,18.0,5.0,10.0,4.0,6.0,46.0,discovered,,2026-10-03T15:49:08.071317,2026-10-03T15:49:08.071317,0,,,1,,0,clear
suumo_20462223,suumo,https://suumo.jp/chukoikkodate/ibaraki/sc_hitachi/nc_20462223/,【かみね公園まで車11分-ベニマルまで車4分-周辺物件まとめてご案内☆彡】,938.0,9380000,茨城県日立市西成沢町１,茨城県,日立市 (太平洋オーシャンビュー断崖・特急95分),36.5839181919735,140.63485205217,114.2,1,1,ＪＲ常磐線「日立」バス20分停歩7分,日立,bus,バス20分,20,95,115,3DK+S（納戸）,,108.68,387.88,1969,1969年1月,residential,,"南向き, 陽当り良好, 通風, 開放感",,https://img01.suumo.com/jj/resizeImage?src=gazo%2Fbukken%2F030%2FN010000%2Fimg%2F223%2F20462223%2F20462223_0001.jpg&w=192&h=144,10.0,5.0,12.0,10.0,6.0,46.0,discovered,,2026-10-03T15:50:36.359914,2026-10-03T15:50:36.359914,0,,,1,,0,clear
suumo_78850570,suumo,https://suumo.jp/chukoikkodate/yamanashi/sc_minamitsurugun/nc_78850570/,富士ヶ嶺 480万円,480.0,4800000,山梨県南都留郡富士河口湖町富士ヶ嶺,山梨県,南都留郡 (山中湖/河口湖/忍野/西湖),35.4148854787633,138.619497190619,1029.7,1,1,富士急行「河口湖」車20km,河口湖,drive,20.0km,46,115,161,1LDK,,49.68,469.0,1998,1998年8月,residential,,"吹抜, 吹抜け",,https://img01.suumo.com/jj/resizeImage?src=gazo%2Fbukken%2F040%2FN010000%2Fimg%2F570%2F78850570%2F78850570_0001.jpg&w=192&h=144,18.0,5.0,18.0,3.0,4.0,45.0,discovered,,2026-09-29T23:16:51.471474,2026-10-01T23:38:18.579101,12133,"Town / Community: ¥300/mo (¥3,600/yr) / Maintenance: ¥11,000/mo (¥132,000/yr) / Reserve Fund: ¥833/mo (¥10,000/yr) / Reserve Deposit: ¥100,000",,1,,0,clear
suumo_21365603,suumo,https://suumo.jp/chukoikkodate/yamanashi/sc_minamitsurugun/nc_21365603/,680万円,680.0,6800000,山梨県南都留郡鳴沢村,山梨県,南都留郡 (山中湖/河口湖/忍野/西湖),35.4814721694045,138.706692683772,975.5,1,1,富士急行「河口湖」車9.3km,河口湖,drive,9.3km,22,115,137,1LDK,,64.58,219.0,1987,1987年8月,residential,,"陽当り良好, 通風, ウッドデッキ, バルコニー",,https://img01.suumo.com/jj/resizeImage?src=gazo%2Fbukken%2F040%2FN010000%2Fimg%2F603%2F21365603%2F21365603_0077.jpg&w=192&h=144,14.0,5.0,15.0,7.0,4.0,45.0,discovered,,2026-09-29T23:17:13.146323,2026-10-01T23:38:18.579101,3850,"Maintenance: ¥3,850/mo (¥46,200/yr) / Title Transfer Fee: ¥100,000",,1,,0,clear
suumo_21698061,suumo,https://suumo.jp/chukoikkodate/shizuoka/sc_kamogun/nc_21698061/,片瀬（片瀬白田駅） 250万円,250.0,2500000,静岡県賀茂郡東伊豆町片瀬,静岡県,賀茂郡 (東伊豆/河津/南伊豆),34.803703794797,139.061312552381,9.3,0,1,伊豆急行「片瀬白田」徒歩5分,片瀬白田,walk,徒歩5分,5,145,150,4DK+S（納戸）,,111.08,80.4,1976,1976年12月,river,清流/渓流沿い,"陽当り良好, 通風, 平坦地",,https://img01.suumo.com/jj/resizeImage?src=gazo%2Fbukken%2F050%2FN010000%2Fimg%2F061%2F21698061%2F21698061_0001.jpg&w=192&h=144,22.0,19.0,-16.0,13.0,4.0,45.0,discovered,,2026-09-30T00:01:03.733155,2026-10-01T23:38:18.579101,0,,,1,,0,clear
suumo_78669145,suumo,https://suumo.jp/chukoikkodate/nagano/sc_kitasakugun/nc_78669145/,大字芦田 850万円,850.0,8500000,長野県北佐久郡立科町大字芦田,長野県,北佐久郡 (軽井沢町/御代田町),36.283396789677,138.333164160563,670.8,1,1,北陸新幹線「佐久平」車16.2km,佐久平,drive,16.2km,37,75,112,4DK+S（納戸）,,112.17,270.95,1980,1980年12月,residential,,,,https://img01.suumo.com/jj/resizeImage?src=gazo%2Fbukken%2F040%2FN010000%2Fimg%2F145%2F78669145%2F78669145_0001.jpg&w=192&h=144,10.0,5.0,15.0,6.0,6.0,45.0,discovered,,2026-09-30T00:04:31.992526,2026-10-01T23:38:18.579101,0,,,1,,0,clear
suumo_77951450,suumo,https://suumo.jp/chukoikkodate/yamanashi/sc_koshu/nc_77951450/,塩山下粟生野（塩山駅） 730万円,730.0,7300000,山梨県甲州市塩山下粟生野,山梨県,甲州市 (勝沼ワインバレー/塩山),35.7157952066489,138.750563305782,513.8,1,1,ＪＲ中央線「塩山」徒歩26分,塩山,walk,徒歩26分,26,80,106,4DK,,59.5,479.58,1944,1944年1月,residential,,"南向き, 陽当り良好",,https://img01.suumo.com/jj/resizeImage?src=gazo%2Fbukken%2F040%2FN010000%2Fimg%2F450%2F77951450%2F77951450_0001.jpg&w=192&h=144,14.0,5.0,12.0,5.0,6.0,45.0,discovered,,2026-10-01T23:04:48.944112,2026-10-01T23:38:18.579101,0,,,1,,0,clear
suumo_88234322,suumo,https://suumo.jp/chukoikkodate/nagano/sc_suwa/nc_88234322/,大字上諏訪 580万円,580.0,5800000,長野県諏訪市大字上諏訪6666-207,長野県,諏訪市 (諏訪湖),36.0478095904959,138.123921955199,874.6,1,1,ＪＲ中央線「上諏訪」車2.7km,上諏訪,drive,2.7km,7,135,142,4DK,,81.77,299.55,1978,1978年5月,residential,,,,https://img01.suumo.com/jj/resizeImage?src=gazo%2Fbukken%2F040%2FN010000%2Fimg%2F322%2F88234322%2F88234322_0001.jpg&w=192&h=144,14.0,5.0,15.0,4.0,4.0,45.0,discovered,,2026-10-01T23:29:32.603119,2026-10-01T23:38:18.579101,0,,,1,,0,clear
suumo_21671841,suumo,https://suumo.jp/chukoikkodate/tochigi/sc_nasugun/nc_21671841/,駐車スペース困らない、駐車5台以上の物件になります,420.0,4200000,栃木県那須郡那須町大字富岡474-420,栃木県,那須郡 (那須高原),37.0225256022788,140.155830284131,325.5,1,1,ＪＲ東北本線「黒田原」徒歩54分,黒田原,walk,徒歩54分,54,100,154,1DK+S（納戸）,,77.76,697.0,1990,1990年9月,residential,,"開放感, 吹抜, 吹抜け, バルコニー",,https://img01.suumo.com/jj/resizeImage?src=gazo%2Fbukken%2F030%2FN010000%2Fimg%2F841%2F21671841%2F21671841_0001.jpg&w=192&h=144,18.0,5.0,12.0,3.0,4.0,45.0,discovered,,2026-10-01T23:35:45.130629,2026-10-01T23:38:18.579101,0,,,1,,0,clear
suumo_20584816,suumo,https://suumo.jp/chukoikkodate/kanagawa/sc_sagamiharashimidori/nc_20584816/,■家族＋来客も安心のカースペース3台■第一種低層ならではの静かな暮らし,750.0,7500000,神奈川県相模原市緑区根小屋,神奈川県,相模原市緑区 (相模湖/津久井湖),35.5790257651247,139.268294670618,225.2,1,1,ＪＲ横浜線「橋本」バス28分停歩22分,橋本,bus,バス28分,28,100,128,3DK,,74.36,115.72,1988,1988年3月,residential,,陽当り良好,,https://img01.suumo.com/jj/resizeImage?src=gazo%2Fbukken%2F030%2FN010000%2Fimg%2F816%2F20584816%2F20584816_0001.jpg&w=192&h=144,14.0,5.0,12.0,5.0,6.0,45.0,discovered,,2026-10-03T15:37:55.677995,2026-10-03T15:37:55.677995,0,,,1,,0,clear
suumo_20525261,suumo,https://suumo.jp/chukoikkodate/tochigi/sc_nasushiobara/nc_20525261/,那須塩原市油井　平屋3K,420.0,4200000,栃木県那須塩原市油井１８－１１,栃木県,那須塩原市 (那須高原・新幹線70分),37.0439703258208,139.943282406779,537.1,1,1,ＪＲ東北本線「黒磯」車14.2km,黒磯,drive,14.2km,33,80,113,3K,,28.98,700.0,1972,1972年3月,residential,,,,https://img01.suumo.com/jj/resizeImage?src=gazo%2Fbukken%2F030%2FN010000%2Fimg%2F261%2F20525261%2F20525261_0001.jpg&w=192&h=144,18.0,5.0,12.0,1.0,6.0,45.0,discovered,,2026-10-03T15:47:24.243591,2026-10-03T15:47:24.243591,0,,,1,,0,clear
suumo_20436205,suumo,https://suumo.jp/chukoikkodate/chiba/sc_choshi/nc_20436205/,豊里台２ 980万円,980.0,9800000,千葉県銚子市豊里台２,千葉県,銚子市 (屏風ヶ浦・犬吠埼オーシャンビュー),35.7862235943498,140.702367971484,44.0,1,1,ＪＲ成田線「下総豊里」車2.2km,下総豊里,drive,2.2km,6,100,106,4LDK,,98.54,195.06,1998,1998年2月,residential,,"陽当り良好, 通風, 平坦地",,https://img01.suumo.com/jj/resizeImage?src=gazo%2Fbukken%2F030%2FN010000%2Fimg%2F205%2F20436205%2F20436205_0001.jpg&w=192&h=144,10.0,5.0,10.0,11.0,6.0,45.0,discovered,,2026-10-03T15:49:52.182008,2026-10-03T15:49:52.182008,0,,,1,,0,clear
suumo_76122925,suumo,https://suumo.jp/chukoikkodate/kanagawa/sc_ashigarashimogun/nc_76122925/,吉浜（真鶴駅） 980万円,980.0,9800000,神奈川県足柄下郡湯河原町吉浜,神奈川県,足柄下郡 (湯河原/真鶴/箱根),35.1561006469483,139.127798125663,45.1,1,1,ＪＲ東海道本線「真鶴」徒歩19分,真鶴,walk,徒歩19分,19,80,99,2LDK+S（納戸）,,91.2,153.39,1981,1981年4月,residential,,"陽当り良好, 陽当たり良好, バルコニー",,https://img01.suumo.com/jj/resizeImage?src=gazo%2Fbukken%2F030%2FN010000%2Fimg%2F925%2F76122925%2F76122925_0002.jpg&w=192&h=144,10.0,5.0,10.0,8.0,8.0,44.0,discovered,,2026-09-29T23:18:00.182270,2026-10-01T23:38:18.579101,0,,,1,,0,clear
suumo_21019024,suumo,https://suumo.jp/chukoikkodate/kanagawa/sc_sagamiharashimidori/nc_21019024/,◆いつでも内見可能です◇,600.0,6000000,神奈川県相模原市緑区又野,神奈川県,相模原市緑区 (相模湖/津久井湖),35.5948259472723,139.251262341289,157.7,1,1,ＪＲ横浜線「橋本」バス37分停歩13分,橋本,bus,バス37分,37,100,137,4DK,,80.32,209.07,1988,1988年4月,residential,,"吹抜, 吹抜け, バルコニー",,https://img01.suumo.com/jj/resizeImage?src=gazo%2Fbukken%2F030%2FN010000%2Fimg%2F024%2F21019024%2F21019024_0025.jpg&w=192&h=144,14.0,5.0,12.0,6.0,4.0,44.0,discovered,,2026-09-30T00:02:09.748753,2026-10-03T15:37:13.574213,0,,,1,,0,clear
suumo_21505492,suumo,https://suumo.jp/chukoikkodate/chiba/sc_isumi/nc_21505492/,【海まで10分】広い庭付き、大人の隠れ家一軒家。【いすみ市で田舎暮らし】,420.0,4200000,千葉県いすみ市岬町榎沢,千葉県,いすみ市,35.3168838741056,140.365299387335,11.9,0,1,ＪＲ外房線「太東」徒歩24分,太東,walk,徒歩24分,24,100,124,4LDK,,74.52,260.36,1977,1977年6月,residential,,"南西向き, 陽当り良好, 通風, バルコニー, 平坦地",,https://img01.suumo.com/jj/resizeImage?src=gazo%2Fbukken%2F030%2FN010000%2Fimg%2F492%2F21505492%2F21505492_0004.jpg&w=192&h=144,18.0,25.0,-16.0,8.0,6.0,44.0,discovered,,2026-09-30T00:03:25.863973,2026-10-01T23:38:18.579101,0,,,1,,0,clear
suumo_78299058,suumo,https://suumo.jp/chukoikkodate/shizuoka/sc_gotemba/nc_78299058/,☆国道246号線アクセス良好。周辺は静かな住環境です。,800.0,8000000,静岡県御殿場市神場,静岡県,御殿場市 (富士山麓/高原),35.2672407489983,138.912074131851,391.9,1,1,ＪＲ御殿場線「富士岡」車1.9km,富士岡,drive,1.9km,6,85,91,4LDK,,119.92,290.16,1980,1980年12月,residential,,バルコニー,,https://img01.suumo.com/jj/resizeImage?src=gazo%2Fbukken%2F050%2FN010000%2Fimg%2F058%2F78299058%2F78299058_0002.jpg&w=192&h=144,10.0,5.0,12.0,6.0,8.0,44.0,discovered,,2026-10-01T23:01:31.825695,2026-10-01T23:38:18.579101,0,,,1,,0,clear
suumo_21314005,suumo,https://suumo.jp/chukoikkodate/shizuoka/sc_tagatagun/nc_21314005/,平井 380万円,380.0,3800000,静岡県田方郡函南町平井,静岡県,田方郡 (函南町/南箱根),35.0892385696143,138.964847918779,40.8,1,1,東海道新幹線「熱海」車12.7km,熱海,drive,12.7km,29,45,74,3LDK,,89.25,302.0,1978,1978年8月,residential,,通風,,https://img01.suumo.com/jj/resizeImage?src=gazo%2Fbukken%2F050%2FN010000%2Fimg%2F005%2F21314005%2F21314005_0002.jpg&w=192&h=144,18.0,5.0,10.0,4.0,10.0,44.0,discovered,,2026-10-01T23:02:01.979985,2026-10-01T23:38:18.579101,10141,"Hot Spring: ¥2,200/mo / HOA / Fee: ¥5,741/mo (¥68,893/yr) / Water Base: ¥2,200/mo",,1,,0,clear
suumo_20595705,suumo,https://suumo.jp/chukoikkodate/nagano/sc_komoro/nc_20595705/,大字大久保 580万円,580.0,5800000,長野県小諸市大字大久保,長野県,小諸市 (浅間山麓/高原避暑地),36.3249741365968,138.367226721208,701.2,1,1,しなの鉄道「滋野」車5km,滋野,drive,5.0km,13,100,113,1LDK,,70.39,673.0,1991,1991年1月,residential,,,,https://img01.suumo.com/jj/resizeImage?src=gazo%2Fbukken%2F040%2FN010000%2Fimg%2F705%2F20595705%2F20595705_0001.jpg&w=192&h=144,14.0,5.0,15.0,1.0,6.0,44.0,discovered,,2026-10-01T23:05:42.417649,2026-10-01T23:38:18.579101,0,,,1,,0,clear
suumo_20327434,suumo,https://suumo.jp/chukoikkodate/nagano/sc_komoro/nc_20327434/,大字柏木（乙女駅） 648万円,648.0,6480000,長野県小諸市大字柏木,長野県,小諸市 (浅間山麓/高原避暑地),36.3265418494884,138.448100444693,786.2,1,1,ＪＲ小海線「乙女」徒歩27分,乙女,walk,徒歩27分,27,100,127,1DK,,33.53,210.9,1987,1987年1月,residential,,,,https://img01.suumo.com/jj/resizeImage?src=gazo%2Fbukken%2F040%2FN010000%2Fimg%2F434%2F20327434%2F20327434_0001.jpg&w=192&h=144,14.0,5.0,15.0,1.0,6.0,44.0,discovered,,2026-10-01T23:05:53.976575,2026-10-01T23:38:18.579101,0,,,1,,0,clear
suumo_78318779,suumo,https://suumo.jp/chukoikkodate/nagano/sc_suwa/nc_78318779/,大字四賀（茅野駅） 850万円,850.0,8500000,長野県諏訪市大字四賀,長野県,諏訪市 (諏訪湖),36.0120019501758,138.13147878131,762.6,1,1,ＪＲ中央線「茅野」徒歩43分,茅野,walk,徒歩43分,43,125,168,4DK+S（納戸）,,99.15,230.84,1974,1974年12月,residential,,平坦地,,https://img01.suumo.com/jj/resizeImage?src=gazo%2Fbukken%2F040%2FN010000%2Fimg%2F779%2F78318779%2F78318779_0001.jpg&w=192&h=144,10.0,5.0,15.0,7.0,4.0,44.0,discovered,,2026-10-01T23:29:39.981507,2026-10-01T23:38:18.579101,0,,,1,,0,clear
suumo_20988271,suumo,https://suumo.jp/chukoikkodate/yamanashi/sc_hokuto/nc_20988271/,大泉町西井出 850万円,850.0,8500000,山梨県北杜市大泉町西井出,山梨県,北杜市 (八ヶ岳/清里),35.9059717837616,138.407472424033,1262.6,1,1,ＪＲ小海線「甲斐大泉」車1.5km,甲斐大泉,drive,1.5km,5,100,105,3DK,,56.85,265.46,1977,1977年12月,residential,,"ウッドデッキ, バルコニー",,https://img01.suumo.com/jj/resizeImage?src=gazo%2Fbukken%2F040%2FN010000%2Fimg%2F271%2F20988271%2F20988271_0001.jpg&w=192&h=144,10.0,5.0,18.0,3.0,8.0,44.0,discovered,,2026-10-01T23:31:27.719714,2026-10-01T23:38:18.579101,2317,"HOA / Fee: ¥2,317/mo (¥27,800/yr)",,1,,0,clear
suumo_20571079,suumo,https://suumo.jp/chukoikkodate/nagano/sc_ueda/nc_20571079/,上丸子 250万円,250.0,2500000,長野県上田市上丸子,長野県,上田市 (別所温泉/千曲川),36.3179290087167,138.270713750159,540.4,1,0,武石線「三反田（長野県）」徒歩1分,三反田（長野県）,walk,徒歩1分,1,100,101,7DK,,114.21,172.06,1970,1970年12月,residential,,南西向き,,https://img01.suumo.com/jj/resizeImage?src=gazo%2Fbukken%2F040%2FN010000%2Fimg%2F079%2F20571079%2F20571079_0001.jpg&w=192&h=144,22.0,5.0,-4.0,10.0,8.0,44.0,discovered,,2026-10-01T23:31:56.892911,2026-10-01T23:38:18.579101,0,,,1,,0,debris_flow
suumo_21098223,suumo,https://suumo.jp/chukoikkodate/gumma/sc_shibukawa/nc_21098223/,敷地282坪越えの大空間邸宅☆土地ビロ■オール電化■駐車3台OK■納戸,830.0,8300000,群馬県渋川市北橘町小室,群馬県,渋川市 (伊香保温泉/榛名山麓),36.4997282724916,139.047607584322,323.1,1,1,ＪＲ上越線「渋川」徒歩55分,渋川,walk,徒歩55分,55,85,140,3LDK+S（納戸）,,107.64,935.0,2008,2008年7月,residential,,"南向き, 陽当り良好, 通風, バルコニー",,https://img01.suumo.com/jj/resizeImage?src=gazo%2Fbukken%2F030%2FN010000%2Fimg%2F223%2F21098223%2F21098223_0009.jpg&w=192&h=144,10.0,5.0,12.0,10.0,4.0,44.0,discovered,,2026-10-01T23:32:38.812553,2026-10-01T23:38:18.579101,0,,,1,,0,clear
suumo_71286526,suumo,https://suumo.jp/chukoikkodate/gumma/sc_shibukawa/nc_71286526/,半田（八木原駅） 680万円,680.0,6800000,群馬県渋川市半田,群馬県,渋川市 (伊香保温泉/榛名山麓),36.4682588495785,139.029040510139,151.1,1,1,ＪＲ上越線「八木原」徒歩14分,八木原,walk,徒歩14分,14,100,114,5K,,81.96,253.4,1967,1967年5月,residential,,,,https://img01.suumo.com/jj/resizeImage?src=gazo%2Fbukken%2F030%2FN010000%2Fimg%2F526%2F71286526%2F71286526_0049.jpg&w=192&h=144,14.0,5.0,12.0,4.0,6.0,44.0,discovered,,2026-10-01T23:33:05.570880,2026-10-01T23:38:18.579101,0,,,1,,0,clear
suumo_21692150,suumo,https://suumo.jp/chukoikkodate/kanagawa/sc_sagamiharashimidori/nc_21692150/,■南ひな壇！津久井の山々を望む平屋住宅！陶芸用の窯あります♪,600.0,6000000,神奈川県相模原市緑区三井,神奈川県,相模原市緑区 (相模湖/津久井湖),35.5916790347395,139.264600021899,155.0,1,0,ＪＲ横浜線「橋本」バス30分停歩15分,橋本,bus,バス30分,30,100,130,3DK,,66.1,208.98,1980,1980年1月,nature/mountain,眺望パノラマ,"南向き, 陽当り良好",,https://img01.suumo.com/jj/resizeImage?src=gazo%2Fbukken%2F030%2FN010000%2Fimg%2F150%2F21692150%2F21692150_0006.jpg&w=192&h=144,14.0,20.0,-4.0,5.0,6.0,44.0,discovered,,2026-10-03T15:37:31.916691,2026-10-03T15:37:31.916691,0,,,1,,0,debris_flow
suumo_20708865,suumo,https://suumo.jp/chukoikkodate/hiroshima/sc_mihara/nc_20708865/,リノベーション向き４DK！南向き角地で解放感があり日当たり風通し良好です♪,490.0,4900000,広島県三原市高坂町真良,広島県,三原市 (瀬戸内海沿岸・佐木島),34.4340386099259,132.999033146099,41.4,1,1,ＪＲ山陽本線「本郷」徒歩30分,本郷,walk,徒歩30分,30,240,270,4DK,,88.37,203.5,1984,1984年12月,residential,,"南向き, 陽当り良好, 通風",,https://img01.suumo.com/jj/resizeImage?src=gazo%2Fbukken%2F080%2FN010000%2Fimg%2F865%2F20708865%2F20708865_0001.jpg&w=192&h=144,18.0,5.0,10.0,8.0,0.0,44.0,discovered,,2026-10-03T15:43:40.440474,2026-10-03T15:43:40.440474,0,,,1,,0,clear
suumo_21486868,suumo,https://suumo.jp/chukoikkodate/chiba/sc_kimitsu/nc_21486868/,◆庭 ◆キッチンに窓 ◆駅徒歩10分以内 ◆洗面所に窓 ◆土地150坪以上,680.0,6800000,千葉県君津市久留里市場,千葉県,君津市 (亀山湖/笹川渓谷・東京75分),35.2951810504366,140.077379600983,41.8,1,1,ＪＲ久留里線「久留里」徒歩10分,久留里,walk,徒歩10分,10,100,110,5LK,,142.06,585.84,1968,1968年12月,residential,,,,https://img01.suumo.com/jj/resizeImage?src=gazo%2Fbukken%2F030%2FN010000%2Fimg%2F868%2F21486868%2F21486868_0001.jpg&w=192&h=144,14.0,5.0,10.0,6.0,6.0,44.0,discovered,,2026-10-03T15:48:30.954502,2026-10-03T15:48:30.954502,0,,,1,,0,clear
suumo_20417225,suumo,https://suumo.jp/chukoikkodate/ibaraki/sc_hitachi/nc_20417225/,高台で眺め良好な4SLDK。浴室リフォーム済みで収納も充実の住まい。,490.0,4900000,茨城県日立市滑川町３,茨城県,日立市 (太平洋オーシャンビュー断崖・特急95分),36.6123049721409,140.660737349319,51.9,1,1,ＪＲ常磐線「小木津」徒歩42分,小木津,walk,徒歩42分,42,100,142,4LDK+S（納戸）,,99.36,143.95,1978,1978年4月,residential,,バルコニー,,https://img01.suumo.com/jj/resizeImage?src=gazo%2Fbukken%2F030%2FN010000%2Fimg%2F225%2F20417225%2F20417225_0046.jpg&w=192&h=144,18.0,5.0,10.0,4.0,4.0,44.0,discovered,,2026-10-03T15:50:20.585989,2026-10-03T15:50:20.585989,0,,,1,,0,clear
suumo_20717106,suumo,https://suumo.jp/chukoikkodate/ibaraki/sc_hitachi/nc_20717106/,【赤羽緑地公園まで車9分-マルトまで車3分-周辺物件まとめてご案内☆彡】,1000.0,10000000,茨城県日立市みかの原町２,茨城県,日立市 (太平洋オーシャンビュー断崖・特急95分),36.5249779314616,140.611982017546,96.2,1,1,ＪＲ常磐線「大甕」徒歩30分,大甕,walk,徒歩30分,30,100,130,4LDK+S（納戸）,,154.02,236.97,1976,1976年2月,residential,,"南向き, 陽当り良好, 通風, バルコニー",,https://img01.suumo.com/jj/resizeImage?src=gazo%2Fbukken%2F030%2FN010000%2Fimg%2F106%2F20717106%2F20717106_0001.jpg&w=192&h=144,10.0,5.0,10.0,10.0,6.0,44.0,discovered,,2026-10-03T15:50:47.074254,2026-10-03T15:50:47.074254,0,,,1,,0,clear
suumo_77999058,suumo,https://suumo.jp/chukoikkodate/shizuoka/sc_ito/nc_77999058/,富戸大室高原 200万円,200.0,2000000,静岡県伊東市富戸大室高原,静岡県,伊東市,34.9058705726485,139.134546079645,26.2,0,1,伊豆急行「伊豆高原」バス13分停歩3分,伊豆高原,bus,バス13分,13,120,133,3DK,,66.24,340.0,1973,1973年9月,nature/mountain,眺望パノラマ,"南向き, 陽当り良好, 通風, 平坦地",,https://img01.suumo.com/jj/resizeImage?src=gazo%2Fbukken%2F050%2FN010000%2Fimg%2F058%2F77999058%2F77999058_0066.jpg&w=192&h=144,25.0,20.0,-16.0,8.0,6.0,43.0,discovered,,2026-09-29T23:15:10.657627,2026-10-01T23:38:18.579101,1000,"Town / Community: ¥1,000/mo (¥12,000/yr) / Water Rights Transfer Fee: ¥33,000",,1,,0,clear
suumo_20582155,suumo,https://suumo.jp/chukoikkodate/yamanashi/sc_koshu/nc_20582155/,周辺には生活利便性が充実しています！〇甲州市立塩山中学校まで徒歩約10分,700.0,7000000,山梨県甲州市塩山下於曽,山梨県,甲州市 (勝沼ワインバレー/塩山),35.6977246404324,138.723108012828,380.1,1,1,ＪＲ中央線「塩山」バス5分停歩11分,塩山,bus,バス5分,5,80,85,4DK,,76.17,145.64,1985,1985年10月,residential,,開放感,,https://img01.suumo.com/jj/resizeImage?src=gazo%2Fbukken%2F040%2FN010000%2Fimg%2F155%2F20582155%2F20582155_0001.jpg&w=192&h=144,14.0,5.0,12.0,1.0,8.0,43.0,discovered,,2026-10-01T23:04:44.571401,2026-10-01T23:38:18.579101,0,,,1,,0,clear
suumo_21222599,suumo,https://suumo.jp/chukoikkodate/yamanashi/sc_fuefuki/nc_21222599/,石和温泉駅まで徒歩約8分！閑静な住宅街に佇む南向きの平屋住宅です。,870.0,8700000,山梨県笛吹市石和町松本,山梨県,笛吹市 (石和温泉/甲府盆地眺望),35.6554613547756,138.630932406774,268.4,1,1,ＪＲ中央線「石和温泉」徒歩8分,石和温泉,walk,徒歩8分,8,90,98,3K+S（納戸）,,60.45,157.44,1998,1998年2月,residential,,"南向き, 陽当り良好, 陽当たり良好, 通風",,https://img01.suumo.com/jj/resizeImage?src=gazo%2Fbukken%2F040%2FN010000%2Fimg%2F599%2F21222599%2F21222599_0001.jpg&w=192&h=144,10.0,5.0,12.0,5.0,8.0,43.0,discovered,,2026-10-01T23:05:26.524066,2026-10-01T23:38:18.579101,0,,,1,,0,clear
suumo_20876181,suumo,https://suumo.jp/chukoikkodate/yamanashi/sc_hokuto/nc_20876181/,長坂町長坂上条（長坂駅） 980万円,980.0,9800000,山梨県北杜市長坂町長坂上条,山梨県,北杜市 (八ヶ岳/清里),35.8155597538497,138.376169227816,670.8,1,1,ＪＲ中央線「長坂」徒歩27分,長坂,walk,徒歩27分,27,100,127,5K,,89.25,950.66,1945,1945年1月,residential,,,,https://img01.suumo.com/jj/resizeImage?src=gazo%2Fbukken%2F040%2FN010000%2Fimg%2F181%2F20876181%2F20876181_0001.jpg&w=192&h=144,10.0,5.0,15.0,4.0,6.0,43.0,discovered,,2026-10-01T23:31:32.946690,2026-10-01T23:38:18.579101,0,,,1,,0,clear
suumo_20947570,suumo,https://suumo.jp/chukoikkodate/tochigi/sc_nasugun/nc_20947570/,現地は林に囲まれており、長く暑い夏を涼しく過ごすには適した環境です。,400.0,4000000,栃木県那須郡那須町大字富岡,栃木県,那須郡 (那須高原),37.0064830895004,140.138285788543,291.7,1,1,ＪＲ東北本線「黒田原」徒歩46分,黒田原,walk,徒歩46分,46,100,146,2DK,,53.82,300.0,2000,2000年12月,residential,,,,https://img01.suumo.com/jj/resizeImage?src=gazo%2Fbukken%2F030%2FN010000%2Fimg%2F570%2F20947570%2F20947570_0001.jpg&w=192&h=144,18.0,5.0,12.0,1.0,4.0,43.0,discovered,,2026-10-01T23:36:38.629671,2026-10-01T23:38:18.579101,0,,,1,,0,clear
suumo_20571156,suumo,https://suumo.jp/chukoikkodate/tochigi/sc_nasugun/nc_20571156/,那須郡那須町高久乙　2階建て3LDK,438.0,4380000,栃木県那須郡那須町大字高久乙３３７０－２０３２,栃木県,那須郡 (那須高原),37.0770018288111,139.984663262342,707.4,1,1,ＪＲ東北本線「高久」車16.5km,高久,drive,16.5km,38,100,138,3LDK,,92.89,330.0,1991,1991年12月,residential,,,,https://img01.suumo.com/jj/resizeImage?src=gazo%2Fbukken%2F030%2FN010000%2Fimg%2F156%2F20571156%2F20571156_0015.jpg&w=192&h=144,18.0,5.0,15.0,4.0,4.0,43.0,discovered,,2026-10-01T23:36:42.577893,2026-10-01T23:38:18.579101,8366,"Common Utility: ¥7,266/mo (¥87,196/yr) / HOA / Fee: ¥1,100/mo (¥13,200/yr)",,1,,0,clear
suumo_21729307,suumo,https://suumo.jp/chukoikkodate/hiroshima/sc_onomichi/nc_21729307/,向島町 70万円,70.0,700000,広島県尾道市向島町,広島県,尾道市 (しまなみ海道・向島/因島/生口島),34.4024734163773,133.202960901741,2.7,0,1,ＪＲ山陽本線「尾道」バス30分停歩7分,尾道,bus,バス30分,30,235,265,3DK,,60.72,138.84,1962,1962年9月,ocean,海一望/オーシャンビュー,,,https://img01.suumo.com/jj/resizeImage?src=gazo%2Fbukken%2F080%2FN010000%2Fimg%2F307%2F21729307%2F21729307_0001.jpg&w=192&h=144,25.0,30.0,-16.0,1.0,0.0,43.0,discovered,,2026-10-03T15:38:46.349721,2026-10-03T15:39:42.068084,0,,,1,,0,clear
suumo_21088733,suumo,https://suumo.jp/chukoikkodate/ehime/sc_imabari/nc_21088733/,～価格が安い。閑静な住宅街。～,380.0,3800000,愛媛県今治市新谷,愛媛県,今治市 (しまなみ海道・大三島/伯方島/大島),34.022372207237,132.98257394911,41.2,1,1,ＪＲ予讃線「伊予富田」徒歩45分,伊予富田,walk,徒歩45分,45,315,360,4DK,,86.6,232.17,1981,1981年12月,residential,,平坦地,,https://img01.suumo.com/jj/resizeImage?src=gazo%2Fbukken%2F070%2FN010000%2Fimg%2F733%2F21088733%2F21088733_0001.jpg&w=192&h=144,18.0,5.0,10.0,7.0,0.0,43.0,discovered,,2026-10-03T15:41:35.351500,2026-10-03T15:41:35.351500,0,,,1,,0,clear
suumo_72583464,suumo,https://suumo.jp/chukoikkodate/hiroshima/sc_mihara/nc_72583464/,こちらのページから内見予約や資料請求が可能です！購入や売却、その他ご相談な,600.0,6000000,広島県三原市久井町江木,広島県,三原市 (瀬戸内海沿岸・佐木島),34.5403853950532,133.036722900434,367.2,1,1,中国バス「泉別れ」徒歩2分,泉別れ,bus,,10,240,250,10LDK,,273.67,273.67,1986,1986年4月,residential,,平坦地,,https://img01.suumo.com/jj/resizeImage?src=gazo%2Fbukken%2F080%2FN010000%2Fimg%2F464%2F72583464%2F72583464_0176.jpg&w=192&h=144,14.0,5.0,12.0,9.0,0.0,43.0,discovered,,2026-10-03T15:43:57.343605,2026-10-03T15:43:57.343605,0,,,1,,0,clear
suumo_21532823,suumo,https://suumo.jp/chukoikkodate/hiroshima/sc_fukuyama/nc_21532823/,海と山の自然を身近に感じる穏やかな住環境。ゆったり暮らせる一戸建て♪,380.0,3800000,広島県福山市田尻町822,広島県,福山市 (鞆の浦・瀬戸内海沿岸),34.4264525951429,133.38432390155,14.1,0,1,ＪＲ山陽本線「福山」バス23分停歩3分,福山,bus,バス23分,23,215,238,5LDK,,99.78,130.25,1976,1976年12月,residential,,"南向き, 陽当り良好, 通風, 開放感, ウッドデッキ, 平坦地",,https://img01.suumo.com/jj/resizeImage?src=gazo%2Fbukken%2F080%2FN010000%2Fimg%2F823%2F21532823%2F21532823_0008.jpg&w=192&h=144,18.0,25.0,-16.0,13.0,0.0,43.0,discovered,,2026-10-03T15:44:25.507082,2026-10-03T15:44:25.507082,0,,,1,,0,clear
suumo_21188712,suumo,https://suumo.jp/chukoikkodate/yamanashi/sc_minamitsurugun/nc_21188712/,【土砂災害警戒区域、駐車場0台】土地約97坪　自然に囲まれた平屋住宅,400.0,4000000,山梨県南都留郡西桂町下暮地主要地,山梨県,南都留郡 (山中湖/河口湖/忍野/西湖),35.5276457495126,138.842579383184,622.3,1,0,富士急行「三つ峠」徒歩10分,三つ峠,walk,徒歩10分,10,100,110,4K,,93.52,323.9,1967,1967年3月,residential,,"南西向き, 平坦地",,https://img01.suumo.com/jj/resizeImage?src=gazo%2Fbukken%2F040%2FN010000%2Fimg%2F712%2F21188712%2F21188712_0001.jpg&w=192&h=144,18.0,5.0,-1.0,11.0,6.0,42.0,discovered,,2026-09-29T23:16:47.430910,2026-10-01T23:38:18.579101,0,,,1,,0,debris_flow
suumo_20971252,suumo,https://suumo.jp/chukoikkodate/nagano/sc_kitasakugun/nc_20971252/,大字豊昇（御代田駅） 580万円,580.0,5800000,長野県北佐久郡御代田町大字豊昇,長野県,北佐久郡 (軽井沢町/御代田町),36.2971667476161,138.529124363053,809.2,1,1,しなの鉄道「御代田」徒歩54分,御代田,walk,徒歩54分,54,95,149,1LK,,56.92,765.91,1989,1989年1月,residential,,,,https://img01.suumo.com/jj/resizeImage?src=gazo%2Fbukken%2F040%2FN010000%2Fimg%2F252%2F20971252%2F20971252_0001.jpg&w=192&h=144,14.0,5.0,15.0,1.0,4.0,42.0,discovered,,2026-09-30T00:04:26.570305,2026-10-01T23:38:18.579101,0,,,1,,0,clear
suumo_74387004,suumo,https://suumo.jp/chukoikkodate/yamanashi/sc_koshu/nc_74387004/,大和町日影（甲斐大和駅） 980万円,980.0,9800000,山梨県甲州市大和町日影,山梨県,甲州市 (勝沼ワインバレー/塩山),35.6425745625912,138.771804911618,585.9,1,1,ＪＲ中央線「甲斐大和」徒歩13分,甲斐大和,walk,徒歩13分,13,100,113,6DK,,148.86,344.07,1990,1990年10月,residential,,,,https://img01.suumo.com/jj/resizeImage?src=gazo%2Fbukken%2F040%2FN010000%2Fimg%2F004%2F74387004%2F74387004_0001.jpg&w=192&h=144,10.0,5.0,12.0,6.0,6.0,42.0,discovered,,2026-10-01T23:04:53.668521,2026-10-01T23:38:18.579101,0,,,1,,0,clear
suumo_21463781,suumo,https://suumo.jp/chukoikkodate/yamanashi/sc_fuefuki/nc_21463781/,〇約81坪の広々とした土地！駐車スペース３台以上可能！小学校まで徒歩約8分,880.0,8800000,山梨県笛吹市石和町小石和,山梨県,笛吹市 (石和温泉/甲府盆地眺望),35.6297251749727,138.620884981783,256.7,1,1,ＪＲ中央線「甲府」バス25分停歩4分,甲府,bus,バス25分,25,90,115,7K,,134.92,271.06,1971,1971年10月,residential,,バルコニー,,https://img01.suumo.com/jj/resizeImage?src=gazo%2Fbukken%2F040%2FN010000%2Fimg%2F781%2F21463781%2F21463781_0001.jpg&w=192&h=144,10.0,5.0,12.0,6.0,6.0,42.0,discovered,,2026-10-01T23:05:29.117548,2026-10-01T23:38:18.579101,0,,,1,,0,clear
suumo_21401342,suumo,https://suumo.jp/chukoikkodate/tochigi/sc_nasugun/nc_21401342/,那須郡那珂川町松野　平屋5DK　ポツンと佇む家,128.0,1280000,栃木県那須郡那珂川町松野１４９８,栃木県,那須郡 (那須高原),36.7034501745762,140.174649409444,112.2,1,0,ＪＲ烏山線「烏山」徒歩89分,烏山,walk,徒歩89分,89,100,189,5DK,,98.34,430.0,1971,1971年1月,residential,,"南向き, 陽当り良好, 通風",,https://img01.suumo.com/jj/resizeImage?src=gazo%2Fbukken%2F030%2FN010000%2Fimg%2F342%2F21401342%2F21401342_0017.jpg&w=192&h=144,25.0,18.0,-12.0,8.0,0.0,42.0,discovered,,2026-10-01T23:35:53.310712,2026-10-01T23:38:18.579101,0,,,1,,1,debris_flow
suumo_21782907,suumo,https://suumo.jp/chukoikkodate/kanagawa/sc_sagamiharashimidori/nc_21782907/,小渕（藤野駅） 800万円,800.0,8000000,神奈川県相模原市緑区小渕,神奈川県,相模原市緑区 (相模湖/津久井湖),35.6263653069819,139.124491597575,246.5,1,1,ＪＲ中央線「藤野」徒歩50分,藤野,walk,徒歩50分,50,70,120,5DK,,92.66,125.45,1991,1991年4月,residential,,テラス,,https://img01.suumo.com/jj/resizeImage?src=gazo%2Fbukken%2F030%2FN010000%2Fimg%2F907%2F21782907%2F21782907_0001.jpg&w=192&h=144,10.0,5.0,12.0,6.0,6.0,42.0,discovered,,2026-10-03T15:38:06.644834,2026-10-03T15:38:06.644834,0,,,1,,0,clear
suumo_78981790,suumo,https://suumo.jp/chukoikkodate/chiba/sc_choshi/nc_78981790/,総武本線『銚子駅』まで徒歩18分♪カーポート付き駐車場♪スーパーまで車で,630.0,6300000,千葉県銚子市春日町,千葉県,銚子市 (屏風ヶ浦・犬吠埼オーシャンビュー),35.7217347797454,140.809653618599,47.1,1,1,ＪＲ総武本線「銚子」バス4分停歩9分,銚子,bus,バス4分,4,110,114,4LDK,,92.73,185.57,1995,1995年2月,residential,,,,https://img01.suumo.com/jj/resizeImage?src=gazo%2Fbukken%2F030%2FN010000%2Fimg%2F790%2F78981790%2F78981790_0001.jpg&w=192&h=144,14.0,5.0,10.0,4.0,6.0,42.0,discovered,,2026-10-03T15:49:20.659203,2026-10-03T15:49:20.659203,0,,,1,,0,clear
suumo_20795608,suumo,https://suumo.jp/chukoikkodate/chiba/sc_choshi/nc_20795608/,海鹿島町（海鹿島駅） 700万円,700.0,7000000,千葉県銚子市海鹿島町,千葉県,銚子市 (屏風ヶ浦・犬吠埼オーシャンビュー),35.7248584378875,140.86271201788,23.5,0,1,銚子電気鉄道「海鹿島」徒歩6分,海鹿島,walk,徒歩6分,6,110,116,7DK,,120.18,363.63,1971,1971年7月,residential,,"陽当り良好, バルコニー",,https://img01.suumo.com/jj/resizeImage?src=gazo%2Fbukken%2F030%2FN010000%2Fimg%2F608%2F20795608%2F20795608_0001.jpg&w=192&h=144,14.0,25.0,-16.0,10.0,6.0,42.0,discovered,,2026-10-03T15:49:30.180509,2026-10-03T15:49:30.180509,0,,,1,,0,clear
suumo_21560656,suumo,https://suumo.jp/chukoikkodate/chiba/sc_choshi/nc_21560656/,◆浴室に窓 ◆玄関ホール◆ 勝手口 ◆対面式キッチン ◆クロゼット,980.0,9800000,千葉県銚子市豊里台２,千葉県,銚子市 (屏風ヶ浦・犬吠埼オーシャンビュー),35.7862235943498,140.702367971484,44.0,1,1,ＪＲ成田線「下総豊里」バス4分停歩3分,下総豊里,bus,バス4分,4,100,104,4LDK+S（納戸）,,148.22,203.03,1994,1994年1月,residential,,,,https://img01.suumo.com/jj/resizeImage?src=gazo%2Fbukken%2F030%2FN010000%2Fimg%2F656%2F21560656%2F21560656_0001.jpg&w=192&h=144,10.0,5.0,10.0,6.0,8.0,42.0,discovered,,2026-10-03T15:49:53.482910,2026-10-03T15:49:53.482910,0,,,1,,0,clear
suumo_21814167,suumo,https://suumo.jp/chukoikkodate/ibaraki/sc_hitachi/nc_21814167/,【あおばだい第１児童公園まで徒歩2分×ヨークベニマルまで車で5分☆彡】,980.0,9800000,茨城県日立市西成沢町２,茨城県,日立市 (太平洋オーシャンビュー断崖・特急95分),36.5761609308714,140.630933251224,59.4,1,1,ＪＲ常磐線「常陸多賀」徒歩47分,常陸多賀,walk,徒歩47分,47,100,147,4LDK,,116.93,269.56,1975,1975年3月,residential,,"南向き, 陽当り良好, 通風, バルコニー",,https://img01.suumo.com/jj/resizeImage?src=gazo%2Fbukken%2F030%2FN010000%2Fimg%2F167%2F21814167%2F21814167_0001.jpg&w=192&h=144,10.0,5.0,10.0,10.0,4.0,42.0,discovered,,2026-10-03T15:50:37.742483,2026-10-03T15:50:37.742483,0,,,1,,0,clear
suumo_75606368,suumo,https://suumo.jp/chukoikkodate/ibaraki/sc_hitachi/nc_75606368/,【ストッカーまで車6分×公園まで徒歩2分×周辺物件まとめてご案内☆彡】,998.0,9980000,茨城県日立市かみあい町２,茨城県,日立市 (太平洋オーシャンビュー断崖・特急95分),36.6291472468228,140.660320086716,96.1,1,1,ＪＲ常磐線「小木津」徒歩36分,小木津,walk,徒歩36分,36,100,136,3LDK+S（納戸）,,101.02,205.13,1992,1992年4月,residential,,"陽当り良好, バルコニー",,https://img01.suumo.com/jj/resizeImage?src=gazo%2Fbukken%2F030%2FN010000%2Fimg%2F368%2F75606368%2F75606368_0046.jpg&w=192&h=144,10.0,5.0,10.0,10.0,4.0,42.0,discovered,,2026-10-03T15:50:44.078667,2026-10-03T15:50:44.078667,0,,,1,,0,clear
suumo_21785551,suumo,https://suumo.jp/chukoikkodate/yamanashi/sc_minamitsurugun/nc_21785551/,580万円,580.0,5800000,山梨県南都留郡鳴沢村,山梨県,南都留郡 (山中湖/河口湖/忍野/西湖),35.4814721694045,138.706692683772,975.5,1,1,富士急行「河口湖」車10.7km,河口湖,drive,10.7km,25,115,140,1LDK,,37.67,750.0,1977,1977年9月,residential,,ウッドデッキ,,https://img01.suumo.com/jj/resizeImage?src=gazo%2Fbukken%2F040%2FN010000%2Fimg%2F551%2F21785551%2F21785551_0019.jpg&w=192&h=144,14.0,5.0,15.0,3.0,4.0,41.0,discovered,,2026-09-29T23:17:02.891710,2026-10-01T23:38:18.579101,5225,"Maintenance: ¥5,225/mo (¥62,700/yr) / Title Transfer Fee: ¥200,000",,1,,0,clear
suumo_21161207,suumo,https://suumo.jp/chukoikkodate/shizuoka/sc_tagatagun/nc_21161207/,景色を愉しむ「離れ邸」のある暮らし。自然と調和した、ゆとりあるスローライフ,998.0,9980000,静岡県田方郡函南町上沢,静岡県,田方郡 (函南町/南箱根),35.1130002861172,138.959259433944,121.5,1,1,ＪＲ東海道本線「函南」車2.4km,函南,drive,2.4km,7,70,77,2LDK,,101.67,238.0,1990,1990年11月,residential,,バルコニー,,https://img01.suumo.com/jj/resizeImage?src=gazo%2Fbukken%2F050%2FN010000%2Fimg%2F207%2F21161207%2F21161207_0074.jpg&w=192&h=144,10.0,5.0,12.0,6.0,8.0,41.0,discovered,,2026-10-01T23:01:39.210848,2026-10-01T23:38:18.579101,3000,"HOA / Fee: ¥2,000/mo / Town / Community: ¥1,000/mo",,1,,0,clear
suumo_73623908,suumo,https://suumo.jp/chukoikkodate/nagano/sc_suwagun/nc_73623908/,750万円,750.0,7500000,長野県諏訪郡原村,長野県,諏訪郡 (富士見町/原村・八ヶ岳高原),35.9644584038874,138.217719309387,1003.8,1,1,ＪＲ中央線「富士見」車9.7km,富士見,drive,9.7km,23,130,153,2LDK,,76.16,884.49,1990,1990年5月,residential,,ウッドデッキ,,https://img01.suumo.com/jj/resizeImage?src=gazo%2Fbukken%2F040%2FN010000%2Fimg%2F908%2F73623908%2F73623908_0001.jpg&w=192&h=144,14.0,5.0,18.0,3.0,4.0,41.0,discovered,,2026-10-01T23:03:09.383788,2026-10-01T23:38:18.579101,9641,"Maintenance: ¥5,042/mo (¥60,500/yr) / Land Lease: ¥4,599/mo (¥55,193/yr) / Title Transfer Fee: ¥55,000",,1,,0,clear
suumo_21346858,suumo,https://suumo.jp/chukoikkodate/yamanashi/sc_fuefuki/nc_21346858/,セブンイレブン笛吹石和井戸店まで徒歩2分。南向きで陽当たり良好♪,830.0,8300000,山梨県笛吹市石和町東油川,山梨県,笛吹市 (石和温泉/甲府盆地眺望),35.6250343286133,138.601218717453,255.0,1,1,ＪＲ身延線「南甲府」徒歩47分,南甲府,walk,徒歩47分,47,90,137,3LDK,,77.5,227.59,1977,1977年3月,residential,,"南向き, 陽当り良好, 陽当たり良好, 通風, 開放感, バルコニー, テラス",,https://img01.suumo.com/jj/resizeImage?src=gazo%2Fbukken%2F040%2FN010000%2Fimg%2F858%2F21346858%2F21346858_0001.jpg&w=192&h=144,10.0,5.0,12.0,7.0,4.0,41.0,discovered,,2026-10-01T23:05:22.264002,2026-10-01T23:38:18.579101,0,,,1,,0,clear
suumo_21753119,suumo,https://suumo.jp/chukoikkodate/nagano/sc_suwa/nc_21753119/,【180万】諏訪市上諏訪の中古住宅！昭和44年築のレトロな佇まい。駐車場2台も可,180.0,1800000,長野県諏訪市大字上諏訪,長野県,諏訪市 (諏訪湖),36.0469623003959,138.126750380748,822.0,1,0,ＪＲ中央線「上諏訪」徒歩20分,上諏訪,walk,徒歩20分,20,135,155,4DK,,56.2,145.76,1969,1969年2月,residential,,陽当り良好,,https://img01.suumo.com/jj/resizeImage?src=gazo%2Fbukken%2F040%2FN010000%2Fimg%2F119%2F21753119%2F21753119_0001.jpg&w=192&h=144,25.0,5.0,-1.0,5.0,4.0,41.0,discovered,,2026-10-01T23:29:29.247215,2026-10-01T23:38:18.579101,0,,,1,,0,debris_flow
suumo_20638432,suumo,https://suumo.jp/chukoikkodate/gumma/sc_annaka/nc_20638432/,積水ハウス施工のオウチ☆■平屋邸宅■収納力◎納戸付き■お買い物便利な立地,999.0,9990000,群馬県安中市原市,群馬県,安中市 (磯部温泉/碓氷峠),36.3150899490172,138.863548107086,212.0,1,1,ＪＲ信越本線「磯部」徒歩33分,磯部,walk,徒歩33分,33,75,108,2DK+S（納戸）,,51.87,178.48,2001,2001年1月,residential,,"南向き, 陽当り良好, 採光, 通風",,https://img01.suumo.com/jj/resizeImage?src=gazo%2Fbukken%2F030%2FN010000%2Fimg%2F432%2F20638432%2F20638432_0009.jpg&w=192&h=144,10.0,5.0,12.0,5.0,6.0,41.0,discovered,,2026-10-01T23:33:18.880144,2026-10-01T23:38:18.579101,0,,,1,,0,clear
suumo_21356378,suumo,https://suumo.jp/chukoikkodate/gumma/sc_annaka/nc_21356378/,水回り全部、床、壁紙、建具交換済みの物件が新発売です！,980.0,9800000,群馬県安中市岩井2033-3,群馬県,安中市 (磯部温泉/碓氷峠),36.3299073993606,138.929249698942,127.5,1,1,ＪＲ信越本線「安中」バス2分停歩17分,安中,bus,バス2分,2,75,77,3LDK,,74.52,705.02,1997,1997年12月,residential,,"吹抜, 吹抜け",,https://img01.suumo.com/jj/resizeImage?src=gazo%2Fbukken%2F030%2FN010000%2Fimg%2F378%2F21356378%2F21356378_0001.jpg&w=192&h=144,10.0,5.0,12.0,3.0,8.0,41.0,discovered,,2026-10-01T23:33:55.111861,2026-10-01T23:38:18.579101,0,,,1,,0,clear
suumo_21228269,suumo,https://suumo.jp/chukoikkodate/chiba/sc_kimitsu/nc_21228269/,続き間もある人気の和風平家建て。186坪の広々敷地、附属建物２棟あり。,600.0,6000000,千葉県君津市折木沢,千葉県,君津市 (亀山湖/笹川渓谷・東京75分),35.2290113630725,140.107863630155,113.7,1,0,ＪＲ久留里線「上総亀山」車2.1km,上総亀山,drive,2.1km,6,100,106,4K+S（納戸）,,91.87,617.91,1965,1965年1月,lake,湖一望/レイクビュー,"南向き, 採光",,https://img01.suumo.com/jj/resizeImage?src=gazo%2Fbukken%2F030%2FN010000%2Fimg%2F269%2F21228269%2F21228269_0001.jpg&w=192&h=144,14.0,30.0,-20.0,8.0,6.0,41.0,discovered,,2026-10-03T15:48:25.045187,2026-10-03T15:48:25.045187,0,,Likely Cliff Edge,1,がけ条例適用,0,steep_slope
suumo_20822940,suumo,https://suumo.jp/chukoikkodate/shizuoka/sc_ito/nc_20822940/,前道から玄関まではけっこうな階段を上ります。だからこその眺望物件(温泉付),350.0,3500000,静岡県伊東市赤沢,静岡県,伊東市,34.8689929432527,139.080907109739,260.9,1,0,伊豆急行「伊豆高原」車5km,伊豆高原,drive,5.0km,13,120,133,1LDK,,56.55,1098.0,1970,1970年10月,ocean,海一望/オーシャンビュー,"南向き, 陽当り良好, 通風, バルコニー",,https://img01.suumo.com/jj/resizeImage?src=gazo%2Fbukken%2F050%2FN010000%2Fimg%2F940%2F20822940%2F20822940_0001.jpg&w=192&h=144,22.0,30.0,-20.0,5.0,6.0,40.0,discovered,,2026-09-29T23:15:28.415158,2026-10-01T23:38:18.579101,13200,"Hot Spring: ¥7,150/mo / Maintenance: ¥6,050/mo / Hot Spring Transfer Fee: ¥220,000",,1,階段アクセスあり,0,steep_slope
suumo_21325931,suumo,https://suumo.jp/chukoikkodate/chiba/sc_tateyama/nc_21325931/,海・駅からも程よい距離に立地する本物件！,398.0,3980000,千葉県館山市長須賀,千葉県,館山市,34.9880119951726,139.862979848778,5.0,0,1,ＪＲ内房線「館山」徒歩15分,館山,walk,徒歩15分,15,110,125,4LDK,,84.02,220.23,1976,1976年8月,residential,,,,https://img01.suumo.com/jj/resizeImage?src=gazo%2Fbukken%2F030%2FN010000%2Fimg%2F931%2F21325931%2F21325931_0001.jpg&w=192&h=144,18.0,25.0,-16.0,4.0,6.0,40.0,discovered,,2026-09-29T23:16:23.720122,2026-10-01T23:38:18.579101,0,,,1,,0,clear
suumo_77549839,suumo,https://suumo.jp/chukoikkodate/yamanashi/sc_minamitsurugun/nc_77549839/,980万円,980.0,9800000,山梨県南都留郡鳴沢村,山梨県,南都留郡 (山中湖/河口湖/忍野/西湖),35.4731167033826,138.680835776269,1023.7,1,1,富士急行「河口湖」車10.2km,河口湖,drive,10.2km,24,115,139,2LDK,,63.76,227.0,1987,1987年8月,residential,,"吹抜, 吹抜け, バルコニー",,https://img01.suumo.com/jj/resizeImage?src=gazo%2Fbukken%2F040%2FN010000%2Fimg%2F839%2F77549839%2F77549839_0059.jpg&w=192&h=144,10.0,5.0,18.0,3.0,4.0,40.0,discovered,,2026-09-29T23:17:21.428332,2026-10-01T23:38:18.579101,3850,"Maintenance: ¥3,850/mo (¥46,200/yr) / Title Transfer Fee: ¥100,000",,1,,0,clear
suumo_77765609,suumo,https://suumo.jp/chukoikkodate/yamanashi/sc_minamitsurugun/nc_77765609/,鳴沢 980万円,980.0,9800000,山梨県南都留郡鳴沢村鳴沢,山梨県,南都留郡 (山中湖/河口湖/忍野/西湖),35.4800753729795,138.701339450053,978.4,1,1,富士急行「河口湖」車7.5km,河口湖,drive,7.5km,18,115,133,2LDK,,63.76,227.0,1987,1987年8月,residential,,,,https://img01.suumo.com/jj/resizeImage?src=gazo%2Fbukken%2F040%2FN010000%2Fimg%2F609%2F77765609%2F77765609_0001.jpg&w=192&h=144,10.0,5.0,15.0,1.0,6.0,40.0,discovered,,2026-09-29T23:17:24.391034,2026-10-01T23:38:18.579101,0,,,1,,0,clear
suumo_20910661,suumo,https://suumo.jp/chukoikkodate/kanagawa/sc_ashigarashimogun/nc_20910661/,～クリーニング×住宅診断実施～吉浜　売戸建,950.0,9500000,神奈川県足柄下郡湯河原町吉浜,神奈川県,足柄下郡 (湯河原/真鶴/箱根),35.1561006469483,139.127798125663,45.1,1,1,ＪＲ東海道本線「真鶴」徒歩15分,真鶴,walk,徒歩15分,15,80,95,3DK,,90.65,142.21,1997,1997年4月,residential,,,,https://img01.suumo.com/jj/resizeImage?src=gazo%2Fbukken%2F030%2FN010000%2Fimg%2F661%2F20910661%2F20910661_0002.jpg&w=192&h=144,10.0,5.0,10.0,4.0,8.0,40.0,discovered,,2026-09-29T23:17:53.656380,2026-10-01T23:38:18.579101,0,,,1,,0,clear
suumo_21404728,suumo,https://suumo.jp/chukoikkodate/saitama/sc_chichibugun/nc_21404728/,飯田（三峰口駅） 151万円,151.0,1510000,埼玉県秩父郡小鹿野町飯田678-1,埼玉県,秩父郡 (長瀞/皆野/横瀬),36.031262841483,138.981471444067,284.6,1,1,秩父鉄道「三峰口」徒歩99分,三峰口,walk,徒歩99分,99,85,184,4LDK,,72.86,593.0,1973,1973年10月,residential,,,,https://img01.suumo.com/jj/resizeImage?src=gazo%2Fbukken%2F030%2FN010000%2Fimg%2F728%2F21404728%2F21404728_0001.jpg&w=192&h=144,25.0,5.0,12.0,1.0,0.0,40.0,discovered,,2026-09-29T23:18:18.344131,2026-10-01T23:38:18.579101,8160,"Land Lease: ¥8,160/mo",,1,,0,clear
suumo_78710919,suumo,https://suumo.jp/chukoikkodate/chiba/sc_kamogawa/nc_78710919/,■■鴨川サンクレメンテタウン別荘地内！現地から海一望！■■,550.0,5500000,千葉県鴨川市宮1519-272,千葉県,鴨川市,35.0937323300322,140.083625537232,81.8,1,0,ＪＲ内房線「太海」徒歩33分,太海,walk,徒歩33分,33,100,133,2LDK,,46.28,221.0,1978,1978年7月,ocean,海一望/オーシャンビュー,"陽当り良好, 通風, 開放感",,https://img01.suumo.com/jj/resizeImage?src=gazo%2Fbukken%2F030%2FN010000%2Fimg%2F919%2F78710919%2F78710919_0001.jpg&w=192&h=144,14.0,30.0,-18.0,5.0,6.0,40.0,discovered,,2026-09-30T00:02:39.677986,2026-10-01T23:38:18.579101,0,,,1,,0,deep_landslide
suumo_20964459,suumo,https://suumo.jp/chukoikkodate/chiba/sc_katori/nc_20964459/,小見川（小見川駅） 330万円,330.0,3300000,千葉県香取市小見川,千葉県,香取市 (佐原 / 水郷・伝統商家町),35.855100807258,140.605919969164,1.8,0,1,ＪＲ成田線「小見川」徒歩24分,小見川,walk,徒歩24分,24,100,124,4DK,,82.8,188.66,1971,1971年4月,residential,,平坦地,,https://img01.suumo.com/jj/resizeImage?src=gazo%2Fbukken%2F030%2FN010000%2Fimg%2F459%2F20964459%2F20964459_0001.jpg&w=192&h=144,22.0,18.0,-16.0,7.0,6.0,40.0,discovered,,2026-10-01T23:02:32.714575,2026-10-01T23:38:18.579101,0,,,1,,0,clear
suumo_21664262,suumo,https://suumo.jp/chukoikkodate/chiba/sc_futtsu/nc_21664262/,温かみのあるレトロな趣き♪海の気配を感じる街！四季を通じて多彩なレジャーも,600.0,6000000,千葉県富津市富津,千葉県,富津市,35.3140285162105,139.817409588481,2.4,0,1,ＪＲ内房線「青堀」車4.4km,青堀,drive,4.4km,11,80,91,4LDK,,100.81,184.51,1976,1976年3月,residential,,,,https://img01.suumo.com/jj/resizeImage?src=gazo%2Fbukken%2F030%2FN010000%2Fimg%2F262%2F21664262%2F21664262_0001.jpg&w=192&h=144,14.0,25.0,-16.0,6.0,8.0,40.0,discovered,,2026-10-01T23:35:13.251449,2026-10-01T23:38:18.579101,0,,,1,,0,clear
suumo_20042966,suumo,https://suumo.jp/chukoikkodate/hiroshima/sc_mihara/nc_20042966/,セカンドハウス、週末を過ごす家として都会からの二拠点の邸宅としての利用,1000.0,10000000,広島県三原市久井町江木,広島県,三原市 (瀬戸内海沿岸・佐木島),34.5403853950532,133.036722900434,367.2,1,1,ＪＲ福塩線「備後三川」車14.6km,備後三川,drive,14.6km,34,240,274,8DK,,230.76,778.95,1977,1977年6月,residential,,"南向き, 通風",,https://img01.suumo.com/jj/resizeImage?src=gazo%2Fbukken%2F080%2FN010000%2Fimg%2F966%2F20042966%2F20042966_0001.jpg&w=192&h=144,10.0,5.0,12.0,10.0,0.0,40.0,discovered,,2026-10-03T15:44:11.429425,2026-10-03T15:44:11.429425,0,,,1,,0,clear
suumo_79133088,suumo,https://suumo.jp/chukoikkodate/yamanashi/sc_minamitsurugun/nc_79133088/,富士桜高原別荘地に立地している平家建の別荘です。,558.0,5580000,山梨県南都留郡鳴沢村,山梨県,南都留郡 (山中湖/河口湖/忍野/西湖),35.4814721694045,138.706692683772,975.5,1,1,富士急行「河口湖」車9km,河口湖,drive,9.0km,21,115,136,2LDK,,68.04,320.04,1974,1974年12月,residential,,,,https://img01.suumo.com/jj/resizeImage?src=gazo%2Fbukken%2F040%2FN010000%2Fimg%2F088%2F79133088%2F79133088_0001.jpg&w=192&h=144,14.0,5.0,15.0,1.0,4.0,39.0,discovered,,2026-09-29T23:16:54.291834,2026-10-01T23:38:18.579101,6747,"Maintenance: ¥4,217/mo (¥50,600/yr) / Water Base: ¥2,530/mo (¥30,360/yr)",,1,,0,clear
suumo_21270008,suumo,https://suumo.jp/chukoikkodate/chiba/sc_katsuura/nc_21270008/,勝浦駅まで徒歩約４分・勝浦中央海水浴場まで約徒歩８分♪,458.0,4580000,千葉県勝浦市墨名682-2,千葉県,勝浦市,35.1495775749784,140.313216663536,4.4,0,1,ＪＲ外房線「勝浦」徒歩6分,勝浦,walk,徒歩6分,6,90,96,4DK,,63.6,254.61,1959,1959年1月,residential,,,,https://img01.suumo.com/jj/resizeImage?src=gazo%2Fbukken%2F030%2FN010000%2Fimg%2F008%2F21270008%2F21270008_0027.jpg&w=192&h=144,18.0,25.0,-16.0,1.0,8.0,39.0,discovered,,2026-09-30T00:03:08.342714,2026-10-01T23:38:18.579101,0,,,1,,0,clear
suumo_20880849,suumo,https://suumo.jp/chukoikkodate/chiba/sc_katsuura/nc_20880849/,上植野 1000万円,1000.0,10000000,千葉県勝浦市上植野,千葉県,勝浦市,35.1502666416632,140.237818646563,102.0,1,1,ＪＲ外房線「上総興津」バス2分停歩42分,上総興津,bus,バス2分,2,100,102,2LDK,,45.54,198.34,1989,1989年1月,residential,,,,https://img01.suumo.com/jj/resizeImage?src=gazo%2Fbukken%2F030%2FN010000%2Fimg%2F849%2F20880849%2F20880849_0001.jpg&w=192&h=144,10.0,5.0,12.0,1.0,8.0,39.0,discovered,,2026-09-30T00:03:18.458673,2026-10-01T23:38:18.579101,0,,,1,,0,clear
suumo_75026688,suumo,https://suumo.jp/chukoikkodate/shizuoka/sc_tagatagun/nc_75026688/,畑 530万円,530.0,5300000,静岡県田方郡函南町畑,静岡県,田方郡 (函南町/南箱根),35.0890380788568,139.013663216269,342.8,1,1,東海道新幹線「熱海」車13km,熱海,drive,13.0km,30,45,75,3DK,,74.51,408.0,1982,1982年12月,residential,,採光,,https://img01.suumo.com/jj/resizeImage?src=gazo%2Fbukken%2F050%2FN010000%2Fimg%2F688%2F75026688%2F75026688_0001.jpg&w=192&h=144,14.0,5.0,12.0,1.0,10.0,39.0,discovered,,2026-10-01T23:02:15.305454,2026-10-01T23:38:18.579101,10193,"Hot Spring: ¥2,200/mo / HOA / Fee: ¥5,793/mo (¥69,520/yr) / Water Base: ¥2,200/mo",,1,,0,clear
suumo_21486869,suumo,https://suumo.jp/chukoikkodate/gumma/sc_agatsumagun/nc_21486869/,◆和室 ◆浴室に窓 ◆玄関ホール ◆平屋 ◆オープンキッチン,60.0,600000,群馬県吾妻郡嬬恋村大字大前,群馬県,吾妻郡 (草津温泉/嬬恋高原/中之条),36.5120712642761,138.516724489249,897.6,1,0,ＪＲ吾妻線「大前」バス7分停歩12分,大前,bus,バス7分,7,100,107,1LK,,33.12,457.0,1970,1970年9月,residential,,,,https://img01.suumo.com/jj/resizeImage?src=gazo%2Fbukken%2F030%2FN010000%2Fimg%2F869%2F21486869%2F21486869_0001.jpg&w=192&h=144,25.0,5.0,-1.0,1.0,6.0,39.0,discovered,,2026-10-01T23:06:11.222442,2026-10-01T23:38:18.579101,0,,,1,,0,debris_flow
suumo_79146193,suumo,https://suumo.jp/chukoikkodate/gumma/sc_agatsumagun/nc_79146193/,大字鎌原 250万円,250.0,2500000,群馬県吾妻郡嬬恋村大字鎌原1504-17,群馬県,吾妻郡 (草津温泉/嬬恋高原/中之条),36.5303672810597,138.548734761389,775.7,1,0,ＪＲ吾妻線「大前」バス5分停歩57分,大前,bus,バス5分,5,100,105,2DK,,52.99,252.0,1980,1980年9月,residential,,南向き,,https://img01.suumo.com/jj/resizeImage?src=gazo%2Fbukken%2F030%2FN010000%2Fimg%2F193%2F79146193%2F79146193_0001.jpg&w=192&h=144,22.0,5.0,-1.0,5.0,8.0,39.0,discovered,,2026-10-01T23:06:16.825422,2026-10-01T23:38:18.579101,3583,"HOA / Fee: ¥3,583/mo (¥43,000/yr)",,1,,0,debris_flow
suumo_20870201,suumo,https://suumo.jp/chukoikkodate/kanagawa/sc_sagamiharashimidori/nc_20870201/,三ケ木 750万円,750.0,7500000,神奈川県相模原市緑区三ケ木,神奈川県,相模原市緑区 (相模湖/津久井湖),35.5876135958363,139.23315306435,199.5,1,1,京王相模原線「橋本」バス40分停歩4分,橋本,bus,バス40分,40,100,140,3LDK,,73.53,96.72,1980,1980年8月,residential,,バルコニー,,https://img01.suumo.com/jj/resizeImage?src=gazo%2Fbukken%2F030%2FN010000%2Fimg%2F201%2F20870201%2F20870201_0001.jpg&w=192&h=144,14.0,5.0,12.0,1.0,4.0,39.0,discovered,,2026-10-03T15:37:58.885303,2026-10-03T15:37:58.885303,0,,,1,,0,clear
suumo_21782602,suumo,https://suumo.jp/chukoikkodate/shizuoka/sc_shimoda/nc_21782602/,白浜 400万円,400.0,4000000,静岡県下田市白浜,静岡県,下田市 (南伊豆・白浜/吉佐美/外浦海岸),34.6990566376046,138.9713693826,32.2,0,1,伊豆急行「伊豆急下田」バス16分停歩4分,伊豆急下田,bus,バス16分,16,165,181,7K+S（納戸）,,91.19,251.23,1965,1965年5月,ocean,海一望/オーシャンビュー,,,https://img01.suumo.com/jj/resizeImage?src=gazo%2Fbukken%2F050%2FN010000%2Fimg%2F602%2F21782602%2F21782602_0001.jpg&w=192&h=144,18.0,30.0,-16.0,4.0,0.0,39.0,discovered,,2026-10-03T15:45:49.798044,2026-10-03T15:45:49.798044,0,,,1,,0,clear
suumo_78726475,suumo,https://suumo.jp/chukoikkodate/tochigi/sc_nasushiobara/nc_78726475/,那須塩原市青木　平屋1R　＼築浅／　サンルーム付き,648.0,6480000,栃木県那須塩原市青木２７－６７２,栃木県,那須塩原市 (那須高原・新幹線70分),37.0079177406411,139.98003258745,428.4,1,1,ＪＲ東北本線「黒磯」バス39分停歩17分,黒磯,bus,バス39分,39,80,119,ワンルーム,,43.47,318.0,2015,2015年1月,residential,,"南西向き, 陽当り良好, 開放感",,https://img01.suumo.com/jj/resizeImage?src=gazo%2Fbukken%2F030%2FN010000%2Fimg%2F475%2F78726475%2F78726475_0001.jpg&w=192&h=144,14.0,5.0,12.0,5.0,6.0,39.0,discovered,,2026-10-03T15:47:54.986978,2026-10-03T15:47:54.986978,8333,"Common Utility: ¥8,333/mo (¥100,000/yr) / Title Transfer Fee: ¥33,000",,1,,0,clear
suumo_86820854,suumo,https://suumo.jp/chukoikkodate/shizuoka/sc_ito/nc_86820854/,八幡野（伊豆高原駅） 400万円,400.0,4000000,静岡県伊東市八幡野,静岡県,伊東市,34.8756606396316,139.10379643155,68.3,1,1,伊豆急行「伊豆高原」徒歩61分,伊豆高原,walk,徒歩61分,61,120,181,2LDK,,56.14,404.0,1977,1977年7月,residential,,"陽当り良好, 陽当たり良好, 通風, 平坦地",,https://img01.suumo.com/jj/resizeImage?src=gazo%2Fbukken%2F050%2FN010000%2Fimg%2F854%2F86820854%2F86820854_0002.jpg&w=192&h=144,18.0,5.0,10.0,8.0,0.0,38.0,discovered,,2026-09-29T23:15:36.338757,2026-10-01T23:38:18.579101,8200,"Town / Community: ¥4,000/mo / Hot Spring: ¥3,000/mo / Water Base: ¥1,200/mo",,1,,0,clear
suumo_21118257,suumo,https://suumo.jp/chukoikkodate/chiba/sc_choseigun/nc_21118257/,幸治 650万円,650.0,6500000,千葉県長生郡白子町幸治,千葉県,長生郡 (一宮/白子/長南),35.4238866391374,140.391989332106,1.3,0,1,ＪＲ外房線「茂原」バス15分停歩17分,茂原,bus,バス15分,15,55,70,3LDK,,72.87,160.77,1993,1993年3月,nature/mountain,眺望パノラマ,"南向き, 陽当り良好, 採光, 通風, ウッドデッキ",,https://img01.suumo.com/jj/resizeImage?src=gazo%2Fbukken%2F030%2FN010000%2Fimg%2F257%2F21118257%2F21118257_0001.jpg&w=192&h=144,14.0,20.0,-16.0,7.0,10.0,38.0,discovered,,2026-10-01T23:28:37.964751,2026-10-01T23:38:18.579101,0,,,1,,0,clear
suumo_78710917,suumo,https://suumo.jp/chukoikkodate/chiba/sc_futtsu/nc_78710917/,＼＼　川＆漁港徒歩圏！釣り好きに　／／＼＼おすすめ♪都心アクセスも◎♪／,750.0,7500000,千葉県富津市竹岡617-2,千葉県,富津市,35.2066682277133,139.84377674152,2.6,0,1,ＪＲ内房線「竹岡」徒歩27分,竹岡,walk,徒歩27分,27,100,127,4DK,,254.24,254.24,1971,1971年7月,residential,,"南西向き, 平坦地",,https://img01.suumo.com/jj/resizeImage?src=gazo%2Fbukken%2F030%2FN010000%2Fimg%2F917%2F78710917%2F78710917_0001.jpg&w=192&h=144,14.0,18.0,-16.0,13.0,6.0,38.0,discovered,,2026-10-01T23:35:18.267392,2026-10-01T23:38:18.579101,0,,,1,,0,clear
suumo_78712614,suumo,https://suumo.jp/chukoikkodate/chiba/sc_futtsu/nc_78712614/,続き和室のある和風４ＤＫ。上総湊海水浴場まで徒歩９分、海好きな方や別荘にも,880.0,8800000,千葉県富津市湊,千葉県,富津市,35.2162720010048,139.87068507397,5.4,0,1,ＪＲ内房線「上総湊」徒歩8分,上総湊,walk,徒歩8分,8,95,103,4DK,,98.67,207.12,1981,1981年12月,residential,,"南西向き, 採光, バルコニー",,https://img01.suumo.com/jj/resizeImage?src=gazo%2Fbukken%2F030%2FN010000%2Fimg%2F614%2F78712614%2F78712614_0001.jpg&w=192&h=144,10.0,25.0,-16.0,8.0,8.0,38.0,discovered,,2026-10-01T23:35:27.761117,2026-10-01T23:38:18.579101,0,,,1,,0,clear
suumo_20045636,suumo,https://suumo.jp/chukoikkodate/hiroshima/sc_onomichi/nc_20045636/,人気の尾道市向島町、海近く静かな住環境。リフォーム次第で理想の住まいに。,250.0,2500000,広島県尾道市向島町654-9,広島県,尾道市 (しまなみ海道・向島/因島/生口島),34.4005639009965,133.201483069001,7.3,0,1,ＪＲ山陽本線「尾道」バス16分停歩8分,尾道,bus,バス16分,16,235,251,3DK,,78.03,64.69,1975,1975年12月,residential,,"開放感, バルコニー, 平坦地",,https://img01.suumo.com/jj/resizeImage?src=gazo%2Fbukken%2F080%2FN010000%2Fimg%2F636%2F20045636%2F20045636_0001.jpg&w=192&h=144,22.0,25.0,-16.0,4.0,0.0,38.0,discovered,,2026-10-03T15:40:05.080082,2026-10-03T15:40:05.080082,0,,,1,,0,clear
suumo_21459544,suumo,https://suumo.jp/chukoikkodate/hiroshima/sc_mihara/nc_21459544/,R6年8月にキッチン・浴室・洗面所リフォーム実施！,650.0,6500000,広島県三原市久井町下津,広島県,三原市 (瀬戸内海沿岸・佐木島),34.5282688864499,133.036407241095,361.0,1,1,-「下津川崎」徒歩4分,下津川崎,walk,徒歩4分,4,240,244,4DK,,89.43,149.0,1996,1996年2月,residential,,,,https://img01.suumo.com/jj/resizeImage?src=gazo%2Fbukken%2F080%2FN010000%2Fimg%2F544%2F21459544%2F21459544_0002.jpg&w=192&h=144,14.0,5.0,12.0,4.0,0.0,38.0,discovered,,2026-10-03T15:44:00.437331,2026-10-03T15:44:00.437331,0,,,1,,0,clear
suumo_21250906,suumo,https://suumo.jp/chukoikkodate/hiroshima/sc_fukuyama/nc_21250906/,グリーンハイツ内のリフォームベースにぴったりの物件です！,980.0,9800000,広島県福山市神村町1503-77,広島県,福山市 (鞆の浦・瀬戸内海沿岸),34.4623004581504,133.278278260478,43.3,1,1,トモテツバス「神村町三区」徒歩9分,神村町三区,bus,,10,240,250,4LDK,,104.8,186.91,1984,1984年1月,residential,,"南向き, 陽当り良好, バルコニー",,https://img01.suumo.com/jj/resizeImage?src=gazo%2Fbukken%2F080%2FN010000%2Fimg%2F906%2F21250906%2F21250906_0015.jpg&w=192&h=144,10.0,5.0,10.0,10.0,0.0,38.0,discovered,,2026-10-03T15:45:07.551874,2026-10-03T15:45:07.551874,0,,,1,,0,clear
suumo_20692075,suumo,https://suumo.jp/chukoikkodate/shizuoka/sc_shimoda/nc_20692075/,白浜 580万円,580.0,5800000,静岡県下田市白浜,静岡県,下田市 (南伊豆・白浜/吉佐美/外浦海岸),34.6916796358502,138.971863506114,9.3,0,1,伊豆急行「伊豆急下田」バス18分停歩7分,伊豆急下田,bus,バス18分,18,165,183,5K+S（納戸）,,90.64,326.51,1976,1976年6月,ocean,海一望/オーシャンビュー,平坦地,,https://img01.suumo.com/jj/resizeImage?src=gazo%2Fbukken%2F050%2FN010000%2Fimg%2F075%2F20692075%2F20692075_0001.jpg&w=192&h=144,14.0,30.0,-16.0,7.0,0.0,38.0,discovered,,2026-10-03T15:45:57.601809,2026-10-03T15:45:57.601809,0,,,1,,0,clear
suumo_78493949,suumo,https://suumo.jp/chukoikkodate/shizuoka/sc_shimoda/nc_78493949/,吉佐美 880万円,880.0,8800000,静岡県下田市吉佐美,静岡県,下田市 (南伊豆・白浜/吉佐美/外浦海岸),34.6619482403363,138.91864126571,2.6,0,1,伊豆急行「伊豆急下田」バス9分停歩11分,伊豆急下田,bus,バス9分,9,165,174,1LDK,,50.92,318.84,1989,1989年6月,ocean,海一望/オーシャンビュー,"南向き, 陽当り良好, ウッドデッキ",,https://img01.suumo.com/jj/resizeImage?src=gazo%2Fbukken%2F050%2FN010000%2Fimg%2F949%2F78493949%2F78493949_0001.jpg&w=192&h=144,10.0,30.0,-16.0,7.0,4.0,38.0,discovered,,2026-10-03T15:46:24.642865,2026-10-03T15:46:24.642865,0,,,1,,0,clear
suumo_21485818,suumo,https://suumo.jp/chukoikkodate/shizuoka/sc_ito/nc_21485818/,湯川（伊東駅） 275万円,275.0,2750000,静岡県伊東市湯川,静岡県,伊東市,34.9736415096168,139.094124908528,7.7,0,1,ＪＲ伊東線「伊東」徒歩15分,伊東,walk,徒歩15分,15,100,115,2DK,,57.53,189.32,1971,1971年4月,nature/mountain,眺望パノラマ,"南向き, 陽当り良好, 採光, 通風",,https://img01.suumo.com/jj/resizeImage?src=gazo%2Fbukken%2F050%2FN010000%2Fimg%2F818%2F21485818%2F21485818_0001.jpg&w=192&h=144,22.0,20.0,-16.0,5.0,6.0,37.0,discovered,,2026-09-29T23:15:14.835566,2026-10-01T23:38:18.579101,8000,"Maintenance: ¥8,000/mo",,1,,0,clear
suumo_77887164,suumo,https://suumo.jp/chukoikkodate/shizuoka/sc_ito/nc_77887164/,八幡野 500万円,500.0,5000000,静岡県伊東市八幡野,静岡県,伊東市,34.8756606396316,139.10379643155,68.3,1,0,伊豆急行「伊豆高原」車5.1km,伊豆高原,drive,5.1km,13,120,133,2LDK,,80.3,484.0,1988,1988年12月,ocean,海一望/オーシャンビュー,"陽当り良好, 通風, 開放感, バルコニー",,https://img01.suumo.com/jj/resizeImage?src=gazo%2Fbukken%2F050%2FN010000%2Fimg%2F164%2F77887164%2F77887164_0053.jpg&w=192&h=144,18.0,30.0,-22.0,8.0,6.0,37.0,discovered,,2026-09-29T23:15:57.713945,2026-10-01T23:38:18.579101,8250,"Hot Spring: ¥3,850/mo / Maintenance: ¥4,400/mo / Hot Spring Transfer Fee: ¥110,000",,1,40段ほど階段,0,steep_slope
suumo_20896790,suumo,https://suumo.jp/chukoikkodate/shizuoka/sc_kamogun/nc_20896790/,奈良本 500万円,500.0,5000000,静岡県賀茂郡東伊豆町奈良本,静岡県,賀茂郡 (東伊豆/河津/南伊豆),34.8365844743161,139.044299856913,542.3,1,0,伊豆急行「伊豆熱川」車6.4km,伊豆熱川,drive,6.4km,16,140,156,2LDK,,89.42,604.0,1987,1987年11月,ocean,海一望/オーシャンビュー,"南向き, 陽当り良好, 通風",,https://img01.suumo.com/jj/resizeImage?src=gazo%2Fbukken%2F050%2FN010000%2Fimg%2F790%2F20896790%2F20896790_0001.jpg&w=192&h=144,18.0,30.0,-20.0,8.0,4.0,37.0,discovered,,2026-09-30T00:01:29.355673,2026-10-01T23:38:18.579101,8717,"Maintenance: ¥5,280/mo / Water Base: ¥3,437/mo",,1,急傾斜地,0,steep_slope
suumo_76035408,suumo,https://suumo.jp/chukoikkodate/yamanashi/sc_koshu/nc_76035408/,自然豊かな四季を楽しめる中古戸建！趣のある和室が心安らぐ7DK！,500.0,5000000,山梨県甲州市大和町田野,山梨県,甲州市 (勝沼ワインバレー/塩山),35.6397612347214,138.802265161655,743.3,1,0,ＪＲ中央線「甲斐大和」徒歩30分,甲斐大和,walk,徒歩30分,30,100,130,7DK,,161.31,258.34,1983,1983年6月,residential,,,,https://img01.suumo.com/jj/resizeImage?src=gazo%2Fbukken%2F040%2FN010000%2Fimg%2F408%2F76035408%2F76035408_0001.jpg&w=192&h=144,18.0,5.0,-1.0,6.0,6.0,37.0,discovered,,2026-10-01T23:04:38.200414,2026-10-01T23:38:18.579101,0,,,1,,0,debris_flow
suumo_21821204,suumo,https://suumo.jp/chukoikkodate/gumma/sc_agatsumagun/nc_21821204/,◆押入 ◆玄関ホール ◆浴室に窓 ◆玄関ポーチ ◆土地300坪以上,598.0,5980000,群馬県吾妻郡嬬恋村大字鎌原,群馬県,吾妻郡 (草津温泉/嬬恋高原/中之条),36.5303672810597,138.548734761389,775.7,1,0,ＪＲ吾妻線「大前」バス2分停歩14分,大前,bus,バス2分,2,100,102,4LDK,,168.09,1157.61,1980,1980年1月,residential,,ウッドデッキ,,https://img01.suumo.com/jj/resizeImage?src=gazo%2Fbukken%2F030%2FN010000%2Fimg%2F204%2F21821204%2F21821204_0001.jpg&w=192&h=144,14.0,5.0,-1.0,8.0,8.0,37.0,discovered,,2026-10-01T23:06:07.169475,2026-10-01T23:38:18.579101,0,,,1,,0,debris_flow
suumo_21652333,suumo,https://suumo.jp/chukoikkodate/hiroshima/sc_fukuyama/nc_21652333/,◆高台にある静かな住環境◆倉庫付の一戸建て◆駐車3台以上可,650.0,6500000,広島県福山市神辺町大字下竹田,広島県,福山市 (鞆の浦・瀬戸内海沿岸),34.5457796105427,133.42217318491,75.1,1,1,井原鉄道「御領」徒歩58分,御領,walk,徒歩58分,58,240,298,4DK,,78.66,167.0,1991,1991年9月,residential,,"南向き, 陽当り良好, 採光, 通風, バルコニー",,https://img01.suumo.com/jj/resizeImage?src=gazo%2Fbukken%2F080%2FN010000%2Fimg%2F333%2F21652333%2F21652333_0005.jpg&w=192&h=144,14.0,5.0,10.0,5.0,0.0,37.0,discovered,,2026-10-03T15:44:44.097570,2026-10-03T15:44:44.097570,0,,,1,,0,clear
suumo_21553855,suumo,https://suumo.jp/chukoikkodate/hiroshima/sc_fukuyama/nc_21553855/,高台の穏やかな住環境と、家庭菜園やガーデニングも楽しめる広い庭が魅力！,699.0,6990000,広島県福山市駅家町大字弥生ケ丘,広島県,福山市 (鞆の浦・瀬戸内海沿岸),34.5493330411555,133.301637732745,70.3,1,1,ＪＲ福塩線「戸手」徒歩13分,戸手,walk,徒歩13分,13,240,253,4DK,,78.83,259.33,1978,1978年8月,residential,,"南向き, 陽当り良好, 採光, 通風, 開放感",,https://img01.suumo.com/jj/resizeImage?src=gazo%2Fbukken%2F080%2FN010000%2Fimg%2F855%2F21553855%2F21553855_0002.jpg&w=192&h=144,14.0,5.0,10.0,5.0,0.0,37.0,discovered,,2026-10-03T15:44:51.453118,2026-10-03T15:44:51.453118,0,,,1,,0,clear
suumo_21483557,suumo,https://suumo.jp/chukoikkodate/shizuoka/sc_ito/nc_21483557/,富戸 485万円,485.0,4850000,静岡県伊東市富戸,静岡県,伊東市,34.9058705726485,139.134546079645,26.2,0,1,ＪＲ伊東線「伊東」バス28分停歩8分,伊東,bus,バス28分,28,100,128,2LDK,,52.98,330.0,1983,1983年4月,ocean,海一望/オーシャンビュー,"通風, 開放感, バルコニー",,https://img01.suumo.com/jj/resizeImage?src=gazo%2Fbukken%2F050%2FN010000%2Fimg%2F557%2F21483557%2F21483557_0036.jpg&w=192&h=144,18.0,30.0,-16.0,1.0,6.0,36.0,discovered,,2026-09-29T23:15:51.210769,2026-10-01T23:38:18.579101,8167,"Town / Community: ¥4,000/mo (¥48,000/yr) / Maintenance: ¥4,167/mo (¥50,000/yr) / Membership Fee: ¥1,300,000",,1,,0,clear
suumo_78449873,suumo,https://suumo.jp/chukoikkodate/chiba/sc_tateyama/nc_78449873/,広大な敷地１７５５坪♪建物５７坪５ＤＫ戸建て♪波左間海水浴場まで車で８,500.0,5000000,千葉県館山市西川名,千葉県,館山市,34.9623080264393,139.76052860028,10.8,0,1,ＪＲ内房線「館山」徒歩99分,館山,walk,徒歩99分,99,110,209,5DK,,191.46,5804.86,1970,1970年10月,residential,,,,https://img01.suumo.com/jj/resizeImage?src=gazo%2Fbukken%2F030%2FN010000%2Fimg%2F873%2F78449873%2F78449873_0001.jpg&w=192&h=144,18.0,25.0,-16.0,6.0,0.0,36.0,discovered,,2026-09-29T23:16:30.228275,2026-10-01T23:38:18.579101,0,,,1,,0,clear
suumo_72631593,suumo,https://suumo.jp/chukoikkodate/shizuoka/sc_kamogun/nc_72631593/,大川の静かな森に佇む、別荘感のある温泉付き２LDKログハウス,980.0,9800000,静岡県賀茂郡東伊豆町大川,静岡県,賀茂郡 (東伊豆/河津/南伊豆),34.8452792511934,139.072304877748,59.8,1,0,伊豆急行「伊豆大川」徒歩27分,伊豆大川,walk,徒歩27分,27,130,157,2LDK,,92.4,346.0,2000,2000年8月,residential,,"南向き, 陽当り良好, ウッドデッキ, バルコニー, 平坦地",,https://img01.suumo.com/jj/resizeImage?src=gazo%2Fbukken%2F050%2FN010000%2Fimg%2F593%2F72631593%2F72631593_0021.jpg&w=192&h=144,10.0,18.0,-6.0,13.0,4.0,36.0,discovered,,2026-09-30T00:02:00.642031,2026-10-01T23:38:18.579101,12045,"Hot Spring: ¥6,380/mo / Maintenance: ¥5,665/mo (¥67,980/yr)",,1,,0,debris_flow
suumo_20847579,suumo,https://suumo.jp/chukoikkodate/chiba/sc_choseigun/nc_20847579/,☆土地５０坪以上■人気の平家建■白子海岸まで車で約3分徒歩も可能です！,780.0,7800000,千葉県長生郡白子町古所,千葉県,長生郡 (一宮/白子/長南),35.4442644380773,140.397912669174,1.6,0,1,ＪＲ外房線「八積」車9.4km,八積,drive,9.4km,22,100,122,3DK,,72.04,181.59,1999,1999年5月,residential,,"南向き, 陽当り良好, 採光, 通風, 平坦地",,https://img01.suumo.com/jj/resizeImage?src=gazo%2Fbukken%2F030%2FN010000%2Fimg%2F579%2F20847579%2F20847579_0011.jpg&w=192&h=144,10.0,25.0,-16.0,8.0,6.0,36.0,discovered,,2026-10-01T23:29:04.918516,2026-10-01T23:38:18.579101,0,,,1,,0,clear
suumo_21413543,suumo,https://suumo.jp/chukoikkodate/chiba/sc_choseigun/nc_21413543/,南向き×海近く♪陽当り・風通し良好な4LDK！駐車2台可能♪,780.0,7800000,千葉県長生郡白子町中里,千葉県,長生郡 (一宮/白子/長南),35.4325577824616,140.394421736325,2.1,0,1,ＪＲ外房線「八積」バス13分停歩22分,八積,bus,バス13分,13,100,113,4LDK,,96.59,156.24,1996,1996年7月,residential,,"南向き, 陽当り良好",,https://img01.suumo.com/jj/resizeImage?src=gazo%2Fbukken%2F030%2FN010000%2Fimg%2F543%2F21413543%2F21413543_0001.jpg&w=192&h=144,10.0,25.0,-16.0,8.0,6.0,36.0,discovered,,2026-10-01T23:29:11.581738,2026-10-01T23:38:18.579101,0,,,1,,0,clear
suumo_20685131,suumo,https://suumo.jp/chukoikkodate/hiroshima/sc_onomichi/nc_20685131/,尾道・福山・三原の不動産売却・購入のご相談は(株)タカハシへお任せくださ…,250.0,2500000,広島県尾道市長江３-11-10,広島県,尾道市 (しまなみ海道・向島/因島/生口島),34.4200698099331,133.198661130366,58.6,1,1,ＪＲ山陽本線「尾道」徒歩30分,尾道,walk,徒歩30分,30,235,265,6DK,,98.4,144.29,1965,1965年8月,residential,,,,https://img01.suumo.com/jj/resizeImage?src=gazo%2Fbukken%2F080%2FN010000%2Fimg%2F131%2F20685131%2F20685131_0003.jpg&w=192&h=144,22.0,5.0,2.0,4.0,0.0,36.0,discovered,,2026-10-03T15:39:54.228402,2026-10-03T15:39:54.228402,0,,,1,,1,clear
suumo_77996971,suumo,https://suumo.jp/chukoikkodate/ehime/sc_imabari/nc_77996971/,自然に囲まれた5SDK+土間の古民家！畑もあるので、家庭菜園も可能です！,250.0,2500000,愛媛県今治市玉川町鬼原,愛媛県,今治市 (しまなみ海道・大三島/伯方島/大島),33.9970820868694,132.94083866586,105.5,1,0,ＪＲ予讃線「大西」バス52分停歩12分,大西,bus,バス52分,52,315,367,5DK+S（納戸）,,126.23,706.77,1949,1949年1月,residential,,"南向き, 陽当り良好",,https://img01.suumo.com/jj/resizeImage?src=gazo%2Fbukken%2F070%2FN010000%2Fimg%2F971%2F77996971%2F77996971_0001.jpg&w=192&h=144,22.0,5.0,-4.0,10.0,0.0,36.0,discovered,,2026-10-03T15:40:30.378037,2026-10-03T15:40:30.378037,0,,,1,,0,debris_flow
suumo_78750460,suumo,https://suumo.jp/chukoikkodate/shizuoka/sc_shimoda/nc_78750460/,吉佐美 620万円,620.0,6200000,静岡県下田市吉佐美,静岡県,下田市 (南伊豆・白浜/吉佐美/外浦海岸),34.6651155616797,138.920406612059,54.3,1,1,伊豆急行「伊豆急下田」バス9分停歩9分,伊豆急下田,bus,バス9分,9,165,174,4LK,,87.59,238.48,1973,1973年7月,residential,,テラス,,https://img01.suumo.com/jj/resizeImage?src=gazo%2Fbukken%2F050%2FN010000%2Fimg%2F460%2F78750460%2F78750460_0001.jpg&w=192&h=144,14.0,5.0,10.0,6.0,4.0,36.0,discovered,,2026-10-03T15:46:00.906453,2026-10-03T15:46:00.906453,8666,"Town / Community: ¥4,333/mo (¥52,000/yr) / HOA / Fee: ¥4,333/mo (¥52,000/yr) / Membership Fee: ¥50,000",,1,,0,clear
suumo_20900795,suumo,https://suumo.jp/chukoikkodate/shizuoka/sc_ito/nc_20900795/,【デグチエステート】伊東線宇佐美駅まで車４分の好立地,300.0,3000000,静岡県伊東市宇佐美2579-4,静岡県,伊東市,34.9998270742329,139.070398333624,63.6,1,0,ＪＲ伊東線「宇佐美」車1.6km,宇佐美,drive,1.6km,5,95,100,2LDK,,75.35,216.15,1978,1978年6月,residential,,"日当り良好, 開放感, テラス",,https://img01.suumo.com/jj/resizeImage?src=gazo%2Fbukken%2Fsystem%2Fimg%2FNo_Photo_132_99.jpg&w=192&h=144,22.0,5.0,-6.0,3.0,8.0,35.0,discovered,,2026-09-29T23:15:25.656834,2026-10-01T23:38:18.579101,0,,,1,,0,debris_flow
suumo_21583707,suumo,https://suumo.jp/chukoikkodate/saitama/sc_chichibu/nc_21583707/,【影森駅徒歩4分】DIYや趣味の拠点にも最適！南東向きで陽当り良好な4DK,390.0,3900000,埼玉県秩父市下影森,埼玉県,秩父市,35.9761093155995,139.075956307207,253.6,1,0,秩父鉄道「影森」徒歩4分,影森,walk,徒歩4分,4,85,89,4DK,,78.62,94.01,1972,1972年6月,residential,,"南東向き, 陽当り良好, バルコニー",,https://img01.suumo.com/jj/resizeImage?src=gazo%2Fbukken%2F030%2FN010000%2Fimg%2F707%2F21583707%2F21583707_0001.jpg&w=192&h=144,18.0,5.0,-4.0,5.0,8.0,35.0,discovered,,2026-09-29T23:18:07.793124,2026-10-01T23:38:18.579101,0,,,1,,0,debris_flow
suumo_21543928,suumo,https://suumo.jp/chukoikkodate/kanagawa/sc_miura/nc_21543928/,海のそばで叶える、のんびり三崎暮らし。,680.0,6800000,神奈川県三浦市東岡町,神奈川県,三浦市,35.1465645964448,139.619995230702,26.2,0,1,京急久里浜線「三崎口」バス15分停歩3分,三崎口,bus,バス15分,15,75,90,2LDK,,56.71,88.37,1976,1976年1月,residential,,,,https://img01.suumo.com/jj/resizeImage?src=gazo%2Fbukken%2F030%2FN010000%2Fimg%2F928%2F21543928%2F21543928_0001.jpg&w=192&h=144,14.0,25.0,-16.0,1.0,8.0,35.0,discovered,,2026-10-01T23:34:48.709920,2026-10-01T23:38:18.579101,0,,,1,,0,clear
suumo_21539698,suumo,https://suumo.jp/chukoikkodate/kanagawa/sc_sagamiharashimidori/nc_21539698/,中野 680万円,680.0,6800000,神奈川県相模原市緑区中野,神奈川県,相模原市緑区 (相模湖/津久井湖),35.5839860448494,139.258056604013,164.4,1,0,ＪＲ中央線「相模湖」バス19分停歩33分,相模湖,bus,バス19分,19,65,84,3LDK,,81.37,132.7,1980,1980年2月,residential,,"陽当り良好, 通風",,https://img01.suumo.com/jj/resizeImage?src=gazo%2Fbukken%2F030%2FN010000%2Fimg%2F698%2F21539698%2F21539698_0014.jpg&w=192&h=144,14.0,5.0,-4.0,8.0,8.0,34.0,discovered,,2026-10-03T15:37:42.229465,2026-10-03T15:37:42.229465,0,,,1,,0,debris_flow
suumo_21084362,suumo,https://suumo.jp/chukoikkodate/ehime/sc_imabari/nc_21084362/,海の近くで閑静な住宅地に位置する5DK物件です。,430.0,4300000,愛媛県今治市砂場町１-5-1,愛媛県,今治市 (しまなみ海道・大三島/伯方島/大島),34.1036234888666,132.979515287719,1.8,0,1,ＪＲ予讃線「波止浜」徒歩18分,波止浜,walk,徒歩18分,18,315,333,5DK,,80.24,88.06,1973,1973年1月,residential,,バルコニー,,https://img01.suumo.com/jj/resizeImage?src=gazo%2Fbukken%2F070%2FN010000%2Fimg%2F362%2F21084362%2F21084362_0001.jpg&w=192&h=144,18.0,25.0,-16.0,4.0,0.0,34.0,discovered,,2026-10-03T15:41:50.276849,2026-10-03T15:41:50.276849,0,,,1,,0,clear
suumo_21219820,suumo,https://suumo.jp/chukoikkodate/hiroshima/sc_fukuyama/nc_21219820/,閑静な住宅街に6DKの中古住宅が登場,960.0,9600000,広島県福山市伊勢丘８,広島県,福山市 (鞆の浦・瀬戸内海沿岸),34.5053945332694,133.429470965649,62.5,1,1,井笠バス「松原」徒歩3分,松原,bus,,10,240,250,7DK,,148.09,195.75,1985,1985年4月,residential,,,,https://img01.suumo.com/jj/resizeImage?src=gazo%2Fbukken%2F080%2FN010000%2Fimg%2F820%2F21219820%2F21219820_0001.jpg&w=192&h=144,10.0,5.0,10.0,6.0,0.0,34.0,discovered,,2026-10-03T15:45:04.384634,2026-10-03T15:45:04.384634,0,,,1,,0,clear
suumo_21782608,suumo,https://suumo.jp/chukoikkodate/shizuoka/sc_shimoda/nc_21782608/,旧岡方村 880万円,880.0,8800000,静岡県下田市旧岡方村,静岡県,下田市 (南伊豆・白浜/吉佐美/外浦海岸),34.6780866217327,138.927846670722,89.2,1,1,伊豆急行「伊豆急下田」バス4分停歩4分,伊豆急下田,bus,バス4分,4,165,169,2DK,,42.96,165.0,1974,1974年8月,residential,,陽当り良好,,https://img01.suumo.com/jj/resizeImage?src=gazo%2Fbukken%2F050%2FN010000%2Fimg%2F608%2F21782608%2F21782608_0001.jpg&w=192&h=144,10.0,5.0,10.0,5.0,4.0,34.0,discovered,,2026-10-03T15:46:21.735705,2026-10-03T15:46:21.735705,2500,"Town / Community: ¥2,500/mo (¥30,000/yr)",,1,,0,clear
suumo_21741104,suumo,https://suumo.jp/chukoikkodate/ibaraki/sc_kasama/nc_21741104/,鯉淵（友部駅） 149万円,149.0,1490000,茨城県笠間市鯉淵,茨城県,笠間市 (笠間焼/陶芸・里山),36.3483938071209,140.324850436505,35.8,0,1,ＪＲ常磐線「友部」徒歩25分,友部,walk,徒歩25分,25,65,90,7DK,,94.95,493.16,1966,1966年7月,residential,,"南向き, バルコニー",,https://img01.suumo.com/jj/resizeImage?src=gazo%2Fbukken%2F030%2FN010000%2Fimg%2F104%2F21741104%2F21741104_0002.jpg&w=192&h=144,25.0,5.0,-16.0,8.0,8.0,33.0,discovered,,2026-10-01T23:37:03.165830,2026-10-01T23:38:18.579101,0,,,1,,0,clear
suumo_20009207,suumo,https://suumo.jp/chukoikkodate/ibaraki/sc_ishioka/nc_20009207/,石岡市東石岡2丁目の土地約262平米・駐車2台可の4LDK中古戸建て,330.0,3300000,茨城県石岡市東石岡２,茨城県,石岡市 (筑波山麓/八郷・里山),36.1861371718389,140.286927887145,21.8,0,1,ＪＲ常磐線「石岡」徒歩13分,石岡,walk,徒歩13分,13,60,73,4LDK,,112.52,262.21,1962,1962年10月,residential,,平坦地,,https://img01.suumo.com/jj/resizeImage?src=gazo%2Fbukken%2F030%2FN010000%2Fimg%2F207%2F20009207%2F20009207_0001.jpg&w=192&h=144,22.0,5.0,-16.0,9.0,10.0,33.0,discovered,,2026-10-01T23:37:42.234703,2026-10-01T23:38:18.579101,0,,,1,,0,clear
suumo_20783175,suumo,https://suumo.jp/chukoikkodate/shizuoka/sc_shimoda/nc_20783175/,緑豊かな場所にあります。都会の喧騒を忘れ自然豊かな土地でリフレッシュ生活が,700.0,7000000,静岡県下田市旧岡方村,静岡県,下田市 (南伊豆・白浜/吉佐美/外浦海岸),34.6801105639501,138.928542076401,70.8,1,1,伊豆急行「伊豆急下田」徒歩29分,伊豆急下田,walk,徒歩29分,29,165,194,1LDK,,41.31,199.0,1973,1973年4月,residential,,,,https://img01.suumo.com/jj/resizeImage?src=gazo%2Fbukken%2F050%2FN010000%2Fimg%2F175%2F20783175%2F20783175_0001.jpg&w=192&h=144,14.0,5.0,10.0,1.0,0.0,33.0,discovered,,2026-10-03T15:46:14.542334,2026-10-03T15:46:14.542334,0,,,1,,0,clear
suumo_21536680,suumo,https://suumo.jp/chukoikkodate/chiba/sc_kimitsu/nc_21536680/,人気の平家建て・趣のある古民家。田舎暮らしや別荘にもおすすめ。,530.0,5300000,千葉県君津市平山,千葉県,君津市 (亀山湖/笹川渓谷・東京75分),35.2736591497224,140.065586341861,61.8,1,0,ＪＲ久留里線「平山」徒歩12分,平山,walk,徒歩12分,12,100,112,5K,,103.0,391.34,1965,1965年1月,residential,,南向き,,https://img01.suumo.com/jj/resizeImage?src=gazo%2Fbukken%2F030%2FN010000%2Fimg%2F680%2F21536680%2F21536680_0001.jpg&w=192&h=144,14.0,5.0,-6.0,10.0,6.0,32.0,discovered,,2026-10-03T15:48:20.089834,2026-10-03T15:48:20.089834,0,,,1,,0,debris_flow
suumo_21736723,suumo,https://suumo.jp/chukoikkodate/chiba/sc_kimitsu/nc_21736723/,自然に囲まれた、コンパクトな２ＤＫ平屋週末の拠点・セカンドハウスに最適,730.0,7300000,千葉県君津市西原,千葉県,君津市 (亀山湖/笹川渓谷・東京75分),35.3372525296971,140.04482568093,25.7,0,1,ＪＲ久留里線「下郡」車3.6km,下郡,drive,3.6km,9,100,109,2DK,,48.85,167.0,1996,1996年4月,nature/mountain,眺望パノラマ,"南西向き, 陽当り良好",,https://img01.suumo.com/jj/resizeImage?src=gazo%2Fbukken%2F030%2FN010000%2Fimg%2F723%2F21736723%2F21736723_0001.jpg&w=192&h=144,14.0,20.0,-16.0,5.0,6.0,32.0,discovered,,2026-10-03T15:48:34.246094,2026-10-03T15:48:34.246094,0,,,1,,0,clear
suumo_77619200,suumo,https://suumo.jp/chukoikkodate/shizuoka/sc_atami/nc_77619200/,昭和レトロなな戸建。自分だけのオリジナルリノベーションが楽しめそうです,480.0,4800000,静岡県熱海市桜町5-10,静岡県,熱海市,35.0887078364334,139.066773752354,50.5,1,0,ＪＲ伊東線「来宮」徒歩21分,来宮,walk,徒歩21分,21,100,121,6K,,79.33,56.23,1960,1960年1月,residential,,南西向き,,https://img01.suumo.com/jj/resizeImage?src=gazo%2Fbukken%2F050%2FN010000%2Fimg%2F200%2F77619200%2F77619200_0001.jpg&w=192&h=144,18.0,5.0,-6.0,5.0,6.0,31.0,discovered,,2026-09-29T23:14:02.092751,2026-10-01T23:38:18.579101,0,,,1,,0,debris_flow
suumo_78521824,suumo,https://suumo.jp/chukoikkodate/shizuoka/sc_ito/nc_78521824/,自然とともに生きる、味わい深い住まいです。,300.0,3000000,静岡県伊東市宇佐美２５７９－４,静岡県,伊東市,34.9998168191273,139.070392261186,63.6,1,0,ＪＲ伊東線「宇佐美」徒歩19分,宇佐美,walk,徒歩19分,19,95,114,2LDK,,75.35,216.15,1978,1978年6月,residential,,,,https://img01.suumo.com/jj/resizeImage?src=gazo%2Fbukken%2F050%2FN010000%2Fimg%2F824%2F78521824%2F78521824_0001.jpg&w=192&h=144,22.0,5.0,-6.0,1.0,6.0,31.0,discovered,,2026-09-29T23:15:21.676790,2026-10-01T23:38:18.579101,0,,,1,,0,debris_flow
suumo_21301683,suumo,https://suumo.jp/chukoikkodate/chiba/sc_katori/nc_21301683/,大倉（水郷駅） 190万円,190.0,1900000,千葉県香取市大倉,千葉県,香取市 (佐原 / 水郷・伝統商家町),35.8832772215058,140.56966947083,4.6,0,1,ＪＲ成田線「水郷」徒歩11分,水郷,walk,徒歩11分,11,100,111,3DK,,70.38,165.39,1985,1985年1月,residential,,南向き,,https://img01.suumo.com/jj/resizeImage?src=gazo%2Fbukken%2F030%2FN010000%2Fimg%2F683%2F21301683%2F21301683_0001.jpg&w=192&h=144,25.0,5.0,-16.0,8.0,6.0,31.0,discovered,,2026-10-01T23:02:25.627988,2026-10-01T23:38:18.579101,0,,,1,,0,clear
suumo_21406172,suumo,https://suumo.jp/chukoikkodate/chiba/sc_katori/nc_21406172/,堀之内（大戸駅） 280万円,280.0,2800000,千葉県香取市堀之内,千葉県,香取市 (佐原 / 水郷・伝統商家町),35.8910260335086,140.434829371711,3.1,0,1,ＪＲ成田線「大戸」徒歩25分,大戸,walk,徒歩25分,25,100,125,4DK,,91.08,173.4,1975,1975年12月,residential,,"陽当り良好, 陽当たり良好, 平坦地",,https://img01.suumo.com/jj/resizeImage?src=gazo%2Fbukken%2F030%2FN010000%2Fimg%2F172%2F21406172%2F21406172_0001.jpg&w=192&h=144,22.0,5.0,-16.0,11.0,6.0,31.0,discovered,,2026-10-01T23:02:28.335604,2026-10-01T23:38:18.579101,0,,,1,,0,clear
suumo_20995101,suumo,https://suumo.jp/chukoikkodate/shizuoka/sc_atami/nc_20995101/,上多賀 398万円,398.0,3980000,静岡県熱海市上多賀,静岡県,熱海市,35.0605719402342,139.070126019454,9.1,0,0,東海道新幹線「熱海」車7km,熱海,drive,7.0km,17,45,62,2LDK,,71.28,383.0,1989,1989年12月,ocean,海一望/オーシャンビュー,"南東向き, 南西向き, 陽当り良好, 通風, バルコニー, テラス",,https://img01.suumo.com/jj/resizeImage?src=gazo%2Fbukken%2F050%2FN010000%2Fimg%2F101%2F20995101%2F20995101_0001.jpg&w=192&h=144,18.0,30.0,-32.0,7.0,10.0,30.0,discovered,,2026-09-29T23:13:50.594111,2026-10-01T23:38:18.579101,11715,"Hot Spring: ¥6,050/mo / Maintenance: ¥5,665/mo (¥67,980/yr)",,1,,0,debris_flow
suumo_20097176,suumo,https://suumo.jp/chukoikkodate/gumma/sc_tonegun/nc_20097176/,藤原 550万円,550.0,5500000,群馬県利根郡みなかみ町藤原,群馬県,利根郡 (みなかみ温泉/川場村/谷川岳),36.8163433107766,139.053301080807,677.3,1,0,ＪＲ上越線「水上」車12km,水上,drive,12.0km,28,120,148,3K+2S（納戸）,,49.68,323.59,1996,1996年1月,residential,,陽当り良好,,https://img01.suumo.com/jj/resizeImage?src=gazo%2Fbukken%2F030%2FN010000%2Fimg%2F176%2F20097176%2F20097176_0012.jpg&w=192&h=144,14.0,5.0,-1.0,5.0,4.0,30.0,discovered,,2026-10-01T23:32:31.500039,2026-10-01T23:38:18.579101,0,,,1,,0,debris_flow
suumo_20491673,suumo,https://suumo.jp/chukoikkodate/hiroshima/sc_onomichi/nc_20491673/,西久保町（尾道駅） 95万円,95.0,950000,広島県尾道市西久保町25-16,広島県,尾道市 (しまなみ海道・向島/因島/生口島),34.4138973535629,133.204829631523,13.6,0,1,ＪＲ山陽本線「尾道」徒歩31分,尾道,walk,徒歩31分,31,235,266,5DK+S（納戸）,,111.59,125.44,1957,1957年1月,nature/mountain,眺望パノラマ,"通風, バルコニー",,https://img01.suumo.com/jj/resizeImage?src=gazo%2Fbukken%2F080%2FN010000%2Fimg%2F673%2F20491673%2F20491673_0023.jpg&w=192&h=144,25.0,20.0,-24.0,6.0,0.0,30.0,discovered,,2026-10-03T15:38:55.991752,2026-10-03T15:39:44.943934,0,,,1,,1,clear
suumo_20661589,suumo,https://suumo.jp/chukoikkodate/ibaraki/sc_hitachi/nc_20661589/,日立市田尻町・1978年築南向き角地4DK・田尻小徒歩2分・ウッドデッキ付,349.0,3490000,茨城県日立市田尻町４,茨城県,日立市 (太平洋オーシャンビュー断崖・特急95分),36.6271952580858,140.6780572446,18.8,0,1,ＪＲ常磐線「小木津」徒歩24分,小木津,walk,徒歩24分,24,100,124,4DK,,86.94,147.09,1978,1978年7月,residential,,"南向き, 開放感, ウッドデッキ",,https://img01.suumo.com/jj/resizeImage?src=gazo%2Fbukken%2F030%2FN010000%2Fimg%2F589%2F20661589%2F20661589_0028.jpg&w=192&h=144,22.0,5.0,-16.0,10.0,6.0,30.0,discovered,,2026-10-03T15:50:10.558514,2026-10-03T15:50:10.558514,0,,,1,,0,clear
suumo_21282470,suumo,https://suumo.jp/chukoikkodate/nagano/sc_kitasakugun/nc_21282470/,大字芦田八ケ野 520万円,520.0,5200000,長野県北佐久郡立科町大字芦田八ケ野,長野県,北佐久郡 (軽井沢町/御代田町),36.1304500054839,138.270677714055,1544.3,1,0,ＪＲ中央線「茅野」車25km,茅野,drive,25.0km,57,125,182,2DK+S（納戸）,,69.55,1260.0,1978,1978年8月,residential,,"陽当り良好, 平坦地",,https://img01.suumo.com/jj/resizeImage?src=gazo%2Fbukken%2F040%2FN010000%2Fimg%2F470%2F21282470%2F21282470_0001.jpg&w=192&h=144,14.0,5.0,2.0,8.0,0.0,29.0,discovered,,2026-09-30T00:04:19.531746,2026-10-01T23:38:18.579101,4200,"Land Lease: ¥4,200/mo (¥50,400/yr) / Leasehold Transfer Fee: ¥410,000",,1,,0,debris_flow
suumo_20904391,suumo,https://suumo.jp/chukoikkodate/nagano/sc_suwa/nc_20904391/,元町（上諏訪駅） 700万円,700.0,7000000,長野県諏訪市元町,長野県,諏訪市 (諏訪湖),36.0407522558098,138.124291632162,774.4,1,0,ＪＲ中央線「上諏訪」徒歩16分,上諏訪,walk,徒歩16分,16,135,151,5K,,87.92,224.31,1965,1965年9月,residential,,,,https://img01.suumo.com/jj/resizeImage?src=gazo%2Fbukken%2F040%2FN010000%2Fimg%2F391%2F20904391%2F20904391_0001.jpg&w=192&h=144,14.0,5.0,-1.0,4.0,4.0,29.0,discovered,,2026-10-01T23:29:35.456814,2026-10-01T23:38:18.579101,0,,,1,,0,debris_flow
suumo_21823249,suumo,https://suumo.jp/chukoikkodate/chiba/sc_choshi/nc_21823249/,笠上町（西海鹿島駅） 798万円,798.0,7980000,千葉県銚子市笠上町,千葉県,銚子市 (屏風ヶ浦・犬吠埼オーシャンビュー),35.7279551771168,140.856968170057,27.2,0,1,銚子電気鉄道「西海鹿島」徒歩9分,西海鹿島,walk,徒歩9分,9,110,119,2DK,,62.1,124.0,2009,2009年1月,residential,,,,https://img01.suumo.com/jj/resizeImage?src=gazo%2Fbukken%2F030%2FN010000%2Fimg%2F249%2F21823249%2F21823249_0001.jpg&w=192&h=144,10.0,25.0,-16.0,1.0,6.0,29.0,discovered,,2026-10-03T15:49:37.588334,2026-10-03T15:49:37.588334,0,,,1,,0,clear
suumo_21791097,suumo,https://suumo.jp/chukoikkodate/shizuoka/sc_kamogun/nc_21791097/,片瀬 250万円,250.0,2500000,静岡県賀茂郡東伊豆町片瀬,静岡県,賀茂郡 (東伊豆/河津/南伊豆),34.8036677038805,139.061430573395,9.0,0,1,伊豆急行「片瀬白田」バス5分停歩5分,片瀬白田,bus,バス5分,5,145,150,4LDK+S（納戸）,,111.08,80.4,1976,1976年12月,residential,,"南向き, 陽当り良好",,https://img01.suumo.com/jj/resizeImage?src=gazo%2Fbukken%2F050%2FN010000%2Fimg%2F097%2F21791097%2F21791097_0001.jpg&w=192&h=144,22.0,5.0,-16.0,10.0,4.0,28.0,discovered,,2026-09-30T00:01:08.113882,2026-10-01T23:38:18.579101,0,,,1,,0,clear
suumo_78750459,suumo,https://suumo.jp/chukoikkodate/shizuoka/sc_kamogun/nc_78750459/,見高（今井浜海岸駅） 650万円,650.0,6500000,静岡県賀茂郡河津町見高,静岡県,賀茂郡 (東伊豆/河津/南伊豆),34.7535777151046,138.997603689318,102.0,1,0,伊豆急行「今井浜海岸」徒歩13分,今井浜海岸,walk,徒歩13分,13,155,168,3LDK,,65.15,295.0,1975,1975年7月,residential,,"陽当り良好, バルコニー",,https://img01.suumo.com/jj/resizeImage?src=gazo%2Fbukken%2F050%2FN010000%2Fimg%2F459%2F78750459%2F78750459_0001.jpg&w=192&h=144,14.0,25.0,-20.0,5.0,4.0,28.0,discovered,,2026-09-30T00:01:44.992329,2026-10-01T23:38:18.579101,7100,"Maintenance: ¥7,100/mo / Membership Fee: ¥30,000",,1,,0,steep_slope
suumo_21506157,suumo,https://suumo.jp/chukoikkodate/ibaraki/sc_kasama/nc_21506157/,■予算を抑えて自分好みの暮らしを■毎日のお買い物も通学も安心の友部ライフ,500.0,5000000,茨城県笠間市平町,茨城県,笠間市 (笠間焼/陶芸・里山),36.3355790990129,140.316476219486,35.9,0,1,ＪＲ常磐線「友部」車2.1km,友部,drive,2.1km,6,65,71,3K,,52.17,164.59,1995,1995年10月,residential,,"南向き, 陽当り良好, 通風, 平坦地",,https://img01.suumo.com/jj/resizeImage?src=gazo%2Fbukken%2F030%2FN010000%2Fimg%2F157%2F21506157%2F21506157_0012.jpg&w=192&h=144,18.0,5.0,-16.0,8.0,10.0,28.0,discovered,,2026-10-01T23:36:50.282337,2026-10-01T23:38:18.579101,0,,,1,,0,clear
suumo_75939449,suumo,https://suumo.jp/chukoikkodate/hiroshima/sc_onomichi/nc_75939449/,因島三庄町 5万円,5.0,50000,広島県尾道市因島三庄町,広島県,尾道市 (しまなみ海道・向島/因島/生口島),34.2967608103842,133.193512009295,2.8,0,1,ＪＲ山陽本線「尾道」バス61分停歩2分,尾道,bus,バス61分,61,235,296,4K,,109.08,216.09,1906,1906年1月,residential,,陽当り良好,,https://img01.suumo.com/jj/resizeImage?src=gazo%2Fbukken%2F080%2FN010000%2Fimg%2F449%2F75939449%2F75939449_0013.jpg&w=192&h=144,25.0,5.0,-16.0,10.0,0.0,27.0,discovered,,2026-10-03T15:38:33.856070,2026-10-03T15:39:37.799342,0,,,1,,0,clear
suumo_79219491,suumo,https://suumo.jp/chukoikkodate/hiroshima/sc_onomichi/nc_79219491/,向島町 148万円,148.0,1480000,広島県尾道市向島町,広島県,尾道市 (しまなみ海道・向島/因島/生口島),34.4024734163773,133.202960901741,2.7,0,1,おのみちバス「向島BS」徒歩22分,向島BS,bus,,10,235,245,5DK+S（納戸）,,140.29,221.48,1975,1975年1月,residential,,南向き,,https://img01.suumo.com/jj/resizeImage?src=gazo%2Fbukken%2F080%2FN010000%2Fimg%2F491%2F79219491%2F79219491_0001.jpg&w=192&h=144,25.0,5.0,-16.0,10.0,0.0,27.0,discovered,,2026-10-03T15:38:58.923846,2026-10-03T15:39:45.258915,0,,,1,,0,clear
suumo_76518591,suumo,https://suumo.jp/chukoikkodate/ehime/sc_imabari/nc_76518591/,建物が二つあり二世帯住宅の方にオススメの物件！,298.0,2980000,愛媛県今治市菊間町浜,愛媛県,今治市 (しまなみ海道・大三島/伯方島/大島),34.0348591998618,132.840218803871,2.2,0,1,ＪＲ予讃線「菊間」徒歩14分,菊間,walk,徒歩14分,14,315,329,5DK,,131.51,567.38,1977,1977年1月,residential,,"陽当り良好, バルコニー, 平坦地",,https://img01.suumo.com/jj/resizeImage?src=gazo%2Fbukken%2F070%2FN010000%2Fimg%2F591%2F76518591%2F76518591_0001.jpg&w=192&h=144,22.0,5.0,-16.0,13.0,0.0,27.0,discovered,,2026-10-03T15:41:07.318706,2026-10-03T15:41:07.318706,0,,,1,,0,clear
suumo_21583308,suumo,https://suumo.jp/chukoikkodate/shizuoka/sc_shimoda/nc_21583308/,白浜 700万円,700.0,7000000,静岡県下田市白浜,静岡県,下田市 (南伊豆・白浜/吉佐美/外浦海岸),34.6935394965779,138.965686189912,47.7,1,0,伊豆急行「伊豆急下田」バス14分停歩12分,伊豆急下田,bus,バス14分,14,165,179,4LDK+S（納戸）,,137.11,3179.9,1982,1982年8月,ocean,海一望/オーシャンビュー,バルコニー,,https://img01.suumo.com/jj/resizeImage?src=gazo%2Fbukken%2F050%2FN010000%2Fimg%2F308%2F21583308%2F21583308_0001.jpg&w=192&h=144,14.0,30.0,-30.0,6.0,4.0,27.0,discovered,,2026-10-03T15:46:11.237959,2026-10-03T15:46:11.237959,0,,,1,,1,steep_slope
suumo_20418388,suumo,https://suumo.jp/chukoikkodate/kanagawa/sc_ashigarashimogun/nc_20418388/,鍛冶屋 770万円,770.0,7700000,神奈川県足柄下郡湯河原町鍛冶屋,神奈川県,足柄下郡 (湯河原/真鶴/箱根),35.156290619661,139.108714011838,51.5,1,0,ＪＲ東海道本線「湯河原」バス11分停歩4分,湯河原,bus,バス11分,11,75,86,4DK,,89.13,119.62,1981,1981年3月,residential,,"通風, 開放感, 吹抜, 吹抜け",,https://img01.suumo.com/jj/resizeImage?src=gazo%2Fbukken%2F030%2FN010000%2Fimg%2F388%2F20418388%2F20418388_0032.jpg&w=192&h=144,10.0,5.0,-6.0,6.0,8.0,26.0,discovered,,2026-09-29T23:17:46.524112,2026-10-01T23:38:18.579101,0,,,1,,0,debris_flow
suumo_97035765,suumo,https://suumo.jp/chukoikkodate/kanagawa/sc_ashigarashimogun/nc_97035765/,仙石原 888万円,888.0,8880000,神奈川県足柄下郡箱根町仙石原,神奈川県,足柄下郡 (湯河原/真鶴/箱根),35.2713730437769,139.010435278082,644.8,1,0,箱根登山鉄道「強羅」バス22分停歩20分,強羅,bus,バス22分,22,100,122,6LDK,,127.66,1024.0,1982,1982年3月,residential,,"南向き, 吹抜, 吹抜け",,https://img01.suumo.com/jj/resizeImage?src=gazo%2Fbukken%2F030%2FN010000%2Fimg%2F765%2F97035765%2F97035765_0023.jpg&w=192&h=144,10.0,5.0,-1.0,12.0,6.0,26.0,discovered,,2026-09-29T23:17:49.915362,2026-10-01T23:38:18.579101,19000,"Maintenance: ¥19,000/mo",,1,,0,debris_flow
suumo_21472183,suumo,https://suumo.jp/chukoikkodate/chiba/sc_katori/nc_21472183/,◆洗面所に窓 ◆和室 ◆シャワー ◆フローリング ◆一部フローリング,350.0,3500000,千葉県香取市佐原,千葉県,香取市 (佐原 / 水郷・伝統商家町),35.8976880188294,140.499214970825,3.0,0,1,ＪＲ成田線「佐原」バス4分停歩5分,佐原,bus,バス4分,4,75,79,4LDK,,85.7,130.3,1973,1973年3月,residential,,,,https://img01.suumo.com/jj/resizeImage?src=gazo%2Fbukken%2F030%2FN010000%2Fimg%2F183%2F21472183%2F21472183_0001.jpg&w=192&h=144,22.0,5.0,-16.0,4.0,8.0,26.0,discovered,,2026-10-01T23:02:36.337492,2026-10-01T23:38:18.579101,0,,,1,,0,clear
suumo_78450121,suumo,https://suumo.jp/chukoikkodate/chiba/sc_katori/nc_78450121/,下小堀 430万円,430.0,4300000,千葉県香取市下小堀70,千葉県,香取市 (佐原 / 水郷・伝統商家町),35.8655521249208,140.5961152005,3.4,0,1,ＪＲ成田線「小見川」バス8分停歩5分,小見川,bus,バス8分,8,100,108,5LK,,122.01,384.91,1975,1975年1月,residential,,南向き,,https://img01.suumo.com/jj/resizeImage?src=gazo%2Fbukken%2F030%2FN010000%2Fimg%2F121%2F78450121%2F78450121_0001.jpg&w=192&h=144,18.0,5.0,-16.0,10.0,6.0,26.0,discovered,,2026-10-01T23:02:40.274725,2026-10-01T23:38:18.579101,0,,,1,,0,clear
suumo_21771444,suumo,https://suumo.jp/chukoikkodate/chiba/sc_katori/nc_21771444/,小見川（小見川駅） 780万円,780.0,7800000,千葉県香取市小見川,千葉県,香取市 (佐原 / 水郷・伝統商家町),35.855100807258,140.605919969164,1.8,0,1,ＪＲ成田線「小見川」徒歩22分,小見川,walk,徒歩22分,22,100,122,3DK,,65.1,542.73,1979,1979年9月,residential,,南向き,,https://img01.suumo.com/jj/resizeImage?src=gazo%2Fbukken%2F030%2FN010000%2Fimg%2F444%2F21771444%2F21771444_0001.jpg&w=192&h=144,10.0,18.0,-16.0,5.0,6.0,26.0,discovered,,2026-10-01T23:02:45.952352,2026-10-01T23:38:18.579101,0,,,1,,0,clear
suumo_76444356,suumo,https://suumo.jp/chukoikkodate/chiba/sc_choseigun/nc_76444356/,北日当 450万円,450.0,4500000,千葉県長生郡白子町北日当,千葉県,長生郡 (一宮/白子/長南),35.4697313626226,140.361960254823,4.2,0,1,ＪＲ外房線「本納」車6.6km,本納,drive,6.6km,16,100,116,1DK,,24.84,290.0,1992,1992年12月,residential,,"南向き, 陽当り良好, 通風, テラス, 平坦地",,https://img01.suumo.com/jj/resizeImage?src=gazo%2Fbukken%2F030%2FN010000%2Fimg%2F356%2F76444356%2F76444356_0001.jpg&w=192&h=144,18.0,5.0,-16.0,10.0,6.0,26.0,discovered,,2026-10-01T23:28:21.475701,2026-10-01T23:38:18.579101,0,,,1,,0,clear
suumo_77784920,suumo,https://suumo.jp/chukoikkodate/chiba/sc_choseigun/nc_77784920/,♪長生インターチェンジ車で2分♪　♪一松海水浴場車で3分♪,800.0,8000000,千葉県長生郡長生村入山津,千葉県,長生郡 (一宮/白子/長南),35.4190564101125,140.378741568089,2.2,0,1,ＪＲ外房線「八積」徒歩71分,八積,walk,徒歩71分,71,100,171,2DK,,47.61,115.01,1988,1988年6月,nature/mountain,眺望パノラマ,"南向き, バルコニー",,https://img01.suumo.com/jj/resizeImage?src=gazo%2Fbukken%2F030%2FN010000%2Fimg%2F920%2F77784920%2F77784920_0001.jpg&w=192&h=144,10.0,20.0,-16.0,5.0,4.0,26.0,discovered,,2026-10-01T23:29:20.368662,2026-10-01T23:38:18.579101,0,,,1,,0,clear
suumo_78260391,suumo,https://suumo.jp/chukoikkodate/ibaraki/sc_ishioka/nc_78260391/,【リバティーホーム】◆敷地113坪◆平屋一戸建て◆小学校徒歩9分,390.0,3900000,茨城県石岡市若宮４,茨城県,石岡市 (筑波山麓/八郷・里山),36.195244194172,140.262729802886,23.9,0,1,ＪＲ常磐線「石岡」徒歩20分,石岡,walk,徒歩20分,20,60,80,2LDK,,85.04,376.77,1950,1950年1月,residential,,陽当り良好,,https://img01.suumo.com/jj/resizeImage?src=gazo%2Fbukken%2F030%2FN010000%2Fimg%2F391%2F78260391%2F78260391_0001.jpg&w=192&h=144,18.0,5.0,-16.0,8.0,8.0,26.0,discovered,,2026-10-01T23:37:46.229488,2026-10-01T23:38:18.579101,0,,,1,,0,clear
suumo_21406505,suumo,https://suumo.jp/chukoikkodate/chiba/sc_kimitsu/nc_21406505/,上新田（俵田駅） 320万円,320.0,3200000,千葉県君津市上新田,千葉県,君津市 (亀山湖/笹川渓谷・東京75分),35.3181414679589,140.062294141964,37.6,0,1,ＪＲ久留里線「俵田」徒歩7分,俵田,walk,徒歩7分,7,100,107,4LDK,,100.0,103.09,1991,1991年10月,residential,,,,https://img01.suumo.com/jj/resizeImage?src=gazo%2Fbukken%2F030%2FN010000%2Fimg%2F505%2F21406505%2F21406505_0013.jpg&w=192&h=144,22.0,5.0,-16.0,6.0,6.0,26.0,discovered,,2026-10-03T15:48:10.633927,2026-10-03T15:48:10.633927,0,,,1,,0,clear
suumo_21791111,suumo,https://suumo.jp/chukoikkodate/shizuoka/sc_ito/nc_21791111/,宇佐美（宇佐美駅） 290万円,290.0,2900000,静岡県伊東市宇佐美,静岡県,伊東市,35.0058929849277,139.08146361578,9.1,0,1,ＪＲ伊東線「宇佐美」徒歩24分,宇佐美,walk,徒歩24分,24,95,119,2DK,,46.78,165.0,1980,1980年4月,residential,,"南向き, 陽当り良好, バルコニー",,https://img01.suumo.com/jj/resizeImage?src=gazo%2Fbukken%2F050%2FN010000%2Fimg%2F111%2F21791111%2F21791111_0001.jpg&w=192&h=144,22.0,5.0,-16.0,5.0,6.0,25.0,discovered,,2026-09-29T23:15:17.619243,2026-10-01T23:38:18.579101,0,,,1,,0,clear
suumo_76719666,suumo,https://suumo.jp/chukoikkodate/chiba/sc_choseigun/nc_76719666/,関 590万円,590.0,5900000,千葉県長生郡白子町関,千葉県,長生郡 (一宮/白子/長南),35.4503461867796,140.363188223908,2.1,0,1,ＪＲ外房線「本納」バス10分停歩11分,本納,bus,バス10分,10,100,110,3LDK,,114.27,195.0,1990,1990年7月,residential,,"南向き, 陽当り良好, 通風, バルコニー, 平坦地",,https://img01.suumo.com/jj/resizeImage?src=gazo%2Fbukken%2F030%2FN010000%2Fimg%2F666%2F76719666%2F76719666_0001.jpg&w=192&h=144,14.0,5.0,-16.0,13.0,6.0,25.0,discovered,,2026-10-01T23:28:34.066233,2026-10-01T23:38:18.579101,0,,,1,,0,clear
suumo_20881203,suumo,https://suumo.jp/chukoikkodate/kanagawa/sc_sagamiharashimidori/nc_20881203/,久保沢２ 580万円,580.0,5800000,神奈川県相模原市緑区久保沢２,神奈川県,相模原市緑区 (相模湖/津久井湖),35.5972000976209,139.299685021273,155.7,1,0,ＪＲ横浜線「橋本」バス20分停歩11分,橋本,bus,バス20分,20,100,120,3DK,,64.35,94.65,1974,1974年8月,residential,,,,https://img01.suumo.com/jj/resizeImage?src=gazo%2Fbukken%2F030%2FN010000%2Fimg%2F203%2F20881203%2F20881203_0001.jpg&w=192&h=144,14.0,5.0,-4.0,1.0,6.0,25.0,discovered,,2026-10-03T15:37:21.709990,2026-10-03T15:37:21.709990,0,,,1,,0,debris_flow
suumo_21085804,suumo,https://suumo.jp/chukoikkodate/shizuoka/sc_ito/nc_21085804/,川奈（川奈駅） 450万円,450.0,4500000,静岡県伊東市川奈,静岡県,伊東市,34.949711529796,139.12235204123,112.1,1,0,伊豆急行「川奈」徒歩10分,川奈,walk,徒歩10分,10,110,120,3LDK,,71.6,99.19,1972,1972年12月,nature/mountain,眺望パノラマ,"南西向き, 陽当り良好, 通風, バルコニー",,https://img01.suumo.com/jj/resizeImage?src=gazo%2Fbukken%2F050%2FN010000%2Fimg%2F804%2F21085804%2F21085804_0025.jpg&w=192&h=144,18.0,20.0,-28.0,5.0,6.0,24.0,discovered,,2026-09-29T23:15:43.954901,2026-10-01T23:38:18.579101,0,,,1,再建築制限あり,1,steep_slope
suumo_20946066,suumo,https://suumo.jp/chukoikkodate/yamanashi/sc_minamitsurugun/nc_20946066/,平野 360万円,360.0,3600000,山梨県南都留郡山中湖村平野,山梨県,南都留郡 (山中湖/河口湖/忍野/西湖),35.4073529104762,138.876906374108,992.1,1,0,富士急行「富士山」車15km,富士山,drive,15.0km,35,105,140,1LDK,,45.24,384.2,1972,1972年1月,residential,,バルコニー,,https://img01.suumo.com/jj/resizeImage?src=gazo%2Fbukken%2F040%2FN010000%2Fimg%2F066%2F20946066%2F20946066_0001.jpg&w=192&h=144,18.0,5.0,-1.0,1.0,4.0,24.0,discovered,,2026-09-29T23:16:44.091834,2026-10-01T23:38:18.579101,8448,"Maintenance: ¥8,448/mo (¥101,376/yr)",,1,,0,debris_flow
suumo_20959935,suumo,https://suumo.jp/chukoikkodate/yamanashi/sc_minamitsurugun/nc_20959935/,家族の絆も強まる５３．４２㎡のコンパクトな居室空間です,580.0,5800000,山梨県南都留郡道志村,山梨県,南都留郡 (山中湖/河口湖/忍野/西湖),35.5281614789222,139.033336758986,594.8,1,0,富士急行「谷村町」車22km,谷村町,drive,22.0km,50,100,150,2DK+S（納戸）,,53.4,264.0,2006,2006年9月,river,清流/渓流沿い,"南向き, ウッドデッキ, バルコニー",,https://img01.suumo.com/jj/resizeImage?src=gazo%2Fbukken%2F040%2FN010000%2Fimg%2F935%2F20959935%2F20959935_0016.jpg&w=192&h=144,14.0,19.0,-20.0,7.0,4.0,24.0,discovered,,2026-09-29T23:16:58.387661,2026-10-01T23:38:18.579101,8000,"Land Lease: ¥8,000/mo (¥96,000/yr) / Water Rights: ¥120,000",,1,,0,steep_slope
suumo_21515010,suumo,https://suumo.jp/chukoikkodate/nagano/sc_kitasakugun/nc_21515010/,大字芦田八ケ野 480万円,480.0,4800000,長野県北佐久郡立科町大字芦田八ケ野,長野県,北佐久郡 (軽井沢町/御代田町),36.1254119810876,138.264692938622,1489.7,1,0,ＪＲ中央線「茅野」車25km,茅野,drive,25.0km,57,125,182,2LDK,,66.08,1233.0,1988,1988年8月,river,清流/渓流沿い,バルコニー,,https://img01.suumo.com/jj/resizeImage?src=gazo%2Fbukken%2F040%2FN010000%2Fimg%2F010%2F21515010%2F21515010_0001.jpg&w=192&h=144,18.0,19.0,-14.0,1.0,0.0,24.0,discovered,,2026-09-30T00:04:15.275923,2026-10-01T23:38:18.579101,4108,"Land Lease: ¥4,108/mo (¥49,300/yr)",,1,急傾斜地,0,steep_slope
suumo_20976498,suumo,https://suumo.jp/chukoikkodate/nagano/sc_kitasakugun/nc_20976498/,大字芦田八ケ野 680万円,680.0,6800000,長野県北佐久郡立科町大字芦田八ケ野,長野県,北佐久郡 (軽井沢町/御代田町),36.1304500054839,138.270677714055,1544.3,1,0,ＪＲ中央線「茅野」車27km,茅野,drive,27.0km,61,125,186,2DK,,64.49,1020.0,1987,1987年8月,residential,,"ウッドデッキ, バルコニー",,https://img01.suumo.com/jj/resizeImage?src=gazo%2Fbukken%2F040%2FN010000%2Fimg%2F498%2F20976498%2F20976498_0001.jpg&w=192&h=144,14.0,5.0,2.0,3.0,0.0,24.0,discovered,,2026-09-30T00:04:29.289503,2026-10-01T23:38:18.579101,6150,"Maintenance: ¥2,750/mo (¥33,000/yr) / Land Lease: ¥3,400/mo (¥40,800/yr)",,1,,0,debris_flow
suumo_76707172,suumo,https://suumo.jp/chukoikkodate/chiba/sc_choshi/nc_76707172/,経済的なメリットも大きい、中古の戸建て物件♪,170.0,1700000,千葉県銚子市川口町２,千葉県,銚子市 (屏風ヶ浦・犬吠埼オーシャンビュー),35.7377960357863,140.864631078853,3.3,0,1,銚子電気鉄道「本銚子」徒歩22分,本銚子,walk,徒歩22分,22,110,132,5DK,,66.1,79.0,1973,1973年1月,residential,,,,https://img01.suumo.com/jj/resizeImage?src=gazo%2Fbukken%2F030%2FN010000%2Fimg%2F172%2F76707172%2F76707172_0001.jpg&w=192&h=144,25.0,5.0,-16.0,1.0,6.0,24.0,discovered,,2026-10-03T15:49:02.009293,2026-10-03T15:49:02.009293,0,,,1,,0,clear
suumo_21778671,suumo,https://suumo.jp/chukoikkodate/ibaraki/sc_hitachi/nc_21778671/,青空広がる開放的なバルコニー！陽光あふれるゆとりの一戸建てで快適生活！,360.0,3600000,茨城県日立市東町２,茨城県,日立市 (太平洋オーシャンビュー断崖・特急95分),36.5987065708548,140.663601389012,28.0,0,1,ＪＲ常磐線「日立」徒歩16分,日立,walk,徒歩16分,16,95,111,5DK,,98.24,148.76,1966,1966年1月,residential,,"陽当り良好, バルコニー",,https://img01.suumo.com/jj/resizeImage?src=gazo%2Fbukken%2F030%2FN010000%2Fimg%2F671%2F21778671%2F21778671_0001.jpg&w=192&h=144,18.0,5.0,-16.0,8.0,6.0,24.0,discovered,,2026-10-03T15:50:13.932369,2026-10-03T15:50:13.932369,0,,,1,,0,clear
suumo_21137928,suumo,https://suumo.jp/chukoikkodate/yamanashi/sc_minamitsurugun/nc_21137928/,800万円,800.0,8000000,山梨県南都留郡鳴沢村,山梨県,南都留郡 (山中湖/河口湖/忍野/西湖),35.4575340710618,138.726478735255,1093.3,1,0,富士急行「河口湖」車9.5km,河口湖,drive,9.5km,22,115,137,2LDK,,67.35,458.0,1982,1982年4月,nature/mountain,眺望パノラマ,ウッドデッキ,,https://img01.suumo.com/jj/resizeImage?src=gazo%2Fbukken%2F040%2FN010000%2Fimg%2F928%2F21137928%2F21137928_0002.jpg&w=192&h=144,10.0,20.0,-14.0,3.0,4.0,23.0,discovered,,2026-09-29T23:17:17.679861,2026-10-01T23:38:18.579101,4750,"Maintenance: ¥4,750/mo (¥57,000/yr)",,1,急傾斜地,0,steep_slope
suumo_78308695,suumo,https://suumo.jp/chukoikkodate/chiba/sc_katsuura/nc_78308695/,敷地広々１７８坪♪勝浦市でポツンと一軒家♪自然の四季を存分に楽しめます,250.0,2500000,千葉県勝浦市串浜,千葉県,勝浦市,35.1517934605288,140.298162868897,6.1,0,1,ＪＲ外房線「勝浦」バス1分停歩8分,勝浦,bus,バス1分,1,90,91,2DK,,38.0,591.0,1975,1975年1月,residential,,,,https://img01.suumo.com/jj/resizeImage?src=gazo%2Fbukken%2F030%2FN010000%2Fimg%2F695%2F78308695%2F78308695_0011.jpg&w=192&h=144,22.0,5.0,-16.0,1.0,8.0,23.0,discovered,,2026-09-30T00:03:02.010226,2026-10-01T23:38:18.579101,0,,,1,,0,clear
suumo_21123837,suumo,https://suumo.jp/chukoikkodate/chiba/sc_futtsu/nc_21123837/,庭・車庫付き平屋です！,498.0,4980000,千葉県富津市西大和田,千葉県,富津市,35.3020525184821,139.862438083325,18.0,0,1,ＪＲ内房線「大貫」徒歩20分,大貫,walk,徒歩20分,20,85,105,3DK,,66.6,235.82,1974,1974年2月,residential,,陽当り良好,,https://img01.suumo.com/jj/resizeImage?src=gazo%2Fbukken%2F030%2FN010000%2Fimg%2F837%2F21123837%2F21123837_0001.jpg&w=192&h=144,18.0,5.0,-16.0,5.0,8.0,23.0,discovered,,2026-10-01T23:35:11.758713,2026-10-01T23:38:18.579101,0,,,1,,0,clear
suumo_20218281,suumo,https://suumo.jp/chukoikkodate/hiroshima/sc_onomichi/nc_20218281/,東則末町 80万円,80.0,800000,広島県尾道市東則末町６番11号,広島県,尾道市 (しまなみ海道・向島/因島/生口島),34.4189352989272,133.189208201548,9.3,0,1,ＪＲ山陽本線「尾道」車2.4km,尾道,drive,2.4km,7,235,242,5DK,,114.8,307.17,1966,1966年9月,residential,,通風,,https://img01.suumo.com/jj/resizeImage?src=gazo%2Fbukken%2F080%2FN010000%2Fimg%2F281%2F20218281%2F20218281_0001.jpg&w=192&h=144,25.0,5.0,-16.0,6.0,0.0,23.0,discovered,,2026-10-03T15:38:52.021380,2026-10-03T15:39:43.507648,0,,,1,,0,clear
suumo_21571725,suumo,https://suumo.jp/chukoikkodate/hiroshima/sc_fukuyama/nc_21571725/,人気の駅家町×約350㎡の広々敷地！利便性とゆとりを叶えるRC造4LDKS,440.0,4400000,広島県福山市駅家町大字江良,広島県,福山市 (鞆の浦・瀬戸内海沿岸),34.5359628645882,133.328360968835,11.7,0,1,ＪＲ福塩線「駅家」徒歩19分,家,walk,徒歩19分,19,240,259,4LDK+S（納戸）,,119.39,347.0,1987,1987年11月,residential,,"南向き, 陽当り良好, 採光, 通風, 開放感, バルコニー, 平坦地",,https://img01.suumo.com/jj/resizeImage?src=gazo%2Fbukken%2F080%2FN010000%2Fimg%2F725%2F21571725%2F21571725_0006.jpg&w=192&h=144,18.0,5.0,-16.0,13.0,0.0,23.0,discovered,,2026-10-03T15:44:32.280279,2026-10-03T15:44:32.280279,0,,,1,,0,clear
suumo_21406503,suumo,https://suumo.jp/chukoikkodate/chiba/sc_kimitsu/nc_21406503/,駐輪場が付いている物件なので、バイクも自転車も停められます,250.0,2500000,千葉県君津市常代,千葉県,君津市 (亀山湖/笹川渓谷・東京75分),35.3088324630018,139.925686852893,15.6,0,1,ＪＲ内房線「君津」バス20分停歩6分,君津,bus,バス20分,20,70,90,3LDK,,62.83,169.51,1971,1971年7月,residential,,,,https://img01.suumo.com/jj/resizeImage?src=gazo%2Fbukken%2F030%2FN010000%2Fimg%2F503%2F21406503%2F21406503_0001.jpg&w=192&h=144,22.0,5.0,-16.0,1.0,8.0,23.0,discovered,,2026-10-03T15:48:06.371311,2026-10-03T15:48:06.371311,0,,,1,,0,clear
suumo_21270363,suumo,https://suumo.jp/chukoikkodate/chiba/sc_kamogawa/nc_21270363/,■■■県道８８号線沿い！角地＋戸建て■■■,348.0,3480000,千葉県鴨川市金束,千葉県,鴨川市,35.1438580746723,139.964347592994,68.6,1,0,ＪＲ内房線「保田」車12km,保田,drive,12.0km,28,110,138,7DK,,261.31,368.0,1968,1968年12月,residential,,,,https://img01.suumo.com/jj/resizeImage?src=gazo%2Fbukken%2F030%2FN010000%2Fimg%2F363%2F21270363%2F21270363_0021.jpg&w=192&h=144,22.0,5.0,-18.0,6.0,4.0,22.0,discovered,,2026-09-30T00:02:29.021333,2026-10-01T23:38:18.579101,0,,,1,,0,deep_landslide
suumo_21217429,suumo,https://suumo.jp/chukoikkodate/chiba/sc_kamogawa/nc_21217429/,◆給湯 ◆シャワー ◆照明器具付き ◆エアコン ◆洗面台,498.0,4980000,千葉県鴨川市和泉,千葉県,鴨川市,35.1222515982,140.098966057845,15.0,0,1,ＪＲ内房線「安房鴨川」バス4分停歩17分,安房鴨川,bus,バス4分,4,120,124,5DK,,115.1,267.0,1975,1975年4月,residential,,,,https://img01.suumo.com/jj/resizeImage?src=gazo%2Fbukken%2F030%2FN010000%2Fimg%2F429%2F21217429%2F21217429_0001.jpg&w=192&h=144,18.0,5.0,-16.0,6.0,6.0,22.0,discovered,,2026-09-30T00:02:36.282532,2026-10-01T23:38:18.579101,0,,,1,,0,clear
suumo_21814367,suumo,https://suumo.jp/chukoikkodate/chiba/sc_choseigun/nc_21814367/,岩沼（八積駅） 500万円,500.0,5000000,千葉県長生郡長生村岩沼,千葉県,長生郡 (一宮/白子/長南),35.4034179366841,140.345749727347,6.4,0,1,ＪＲ外房線「八積」徒歩7分,八積,walk,徒歩7分,7,100,107,4LDK,,117.06,191.0,1983,1983年1月,residential,,,,https://img01.suumo.com/jj/resizeImage?src=gazo%2Fbukken%2F030%2FN010000%2Fimg%2F367%2F21814367%2F21814367_0001.jpg&w=192&h=144,18.0,5.0,-16.0,6.0,6.0,22.0,discovered,,2026-10-01T23:28:24.190486,2026-10-01T23:38:18.579101,0,,,1,,0,clear
suumo_21329173,suumo,https://suumo.jp/chukoikkodate/hiroshima/sc_onomichi/nc_21329173/,向島町 50万円,50.0,500000,広島県尾道市向島町187-6,広島県,尾道市 (しまなみ海道・向島/因島/生口島),34.4012196401483,133.200152012496,13.4,0,1,ＪＲ山陽本線「尾道」車6.4km,尾道,drive,6.4km,16,235,251,3DK,,63.21,132.23,1968,1968年1月,residential,,"南向き, 陽当り良好, バルコニー",,https://img01.suumo.com/jj/resizeImage?src=gazo%2Fbukken%2F080%2FN010000%2Fimg%2F173%2F21329173%2F21329173_0001.jpg&w=192&h=144,25.0,5.0,-16.0,5.0,0.0,22.0,discovered,,2026-10-03T15:38:37.453722,2026-10-03T15:39:38.874647,0,,,1,,0,clear
suumo_73656357,suumo,https://suumo.jp/chukoikkodate/hiroshima/sc_mihara/nc_73656357/,庭付き5DKの戸建て昭和の趣ある住まい,150.0,1500000,広島県三原市中之町６-26-21,広島県,三原市 (瀬戸内海沿岸・佐木島),34.4233098027861,133.110862524371,45.1,1,0,ＪＲ山陽本線「三原」バス8分停歩6分,三原,bus,バス8分,8,230,238,5DK,,86.51,201.25,1964,1964年2月,residential,,"南向き, 陽当り良好, 採光, 開放感, バルコニー, 平坦地",,https://img01.suumo.com/jj/resizeImage?src=gazo%2Fbukken%2F080%2FN010000%2Fimg%2F357%2F73656357%2F73656357_0001.jpg&w=192&h=144,25.0,5.0,-22.0,11.0,0.0,22.0,discovered,,2026-10-03T15:43:12.229350,2026-10-03T15:43:12.229350,0,,,1,,0,steep_slope
suumo_21814677,suumo,https://suumo.jp/chukoikkodate/chiba/sc_choshi/nc_21814677/,◆一部フローリング し洗面台 ◆オープンキッチン ◆駅徒歩10分以内 ◆フローリ,480.0,4800000,千葉県銚子市新生町１,千葉県,銚子市 (屏風ヶ浦・犬吠埼オーシャンビュー),35.7344623079181,140.836645454273,1.7,0,1,銚子電気鉄道「仲ノ町」徒歩7分,仲ノ町,walk,徒歩7分,7,110,117,6LDK,,124.78,132.76,1968,1968年7月,residential,,,,https://img01.suumo.com/jj/resizeImage?src=gazo%2Fbukken%2F030%2FN010000%2Fimg%2F677%2F21814677%2F21814677_0001.jpg&w=192&h=144,18.0,5.0,-16.0,6.0,6.0,22.0,discovered,,2026-10-03T15:48:57.803016,2026-10-03T15:48:57.803016,0,,,1,,0,clear
suumo_20540130,suumo,https://suumo.jp/chukoikkodate/chiba/sc_choshi/nc_20540130/,収納が多く、使い勝手も良い独立型キッチン付きの物件です,398.0,3980000,千葉県銚子市長塚町３-83-3,千葉県,銚子市 (屏風ヶ浦・犬吠埼オーシャンビュー),35.7390746028206,140.79867491898,8.1,0,1,ＪＲ総武本線「松岸」徒歩5分,松岸,walk,徒歩5分,5,100,105,4DK,,86.94,119.24,1971,1971年5月,residential,,バルコニー,,https://img01.suumo.com/jj/resizeImage?src=gazo%2Fbukken%2F030%2FN010000%2Fimg%2F130%2F20540130%2F20540130_0001.jpg&w=192&h=144,18.0,5.0,-16.0,4.0,8.0,22.0,discovered,,2026-10-03T15:49:05.248829,2026-10-03T15:49:05.248829,0,,,1,,0,clear
suumo_21782539,suumo,https://suumo.jp/chukoikkodate/shizuoka/sc_tagatagun/nc_21782539/,畑 270万円,270.0,2700000,静岡県田方郡函南町畑,静岡県,田方郡 (函南町/南箱根),35.0881024594992,139.014825341032,374.6,1,0,ＪＲ東海道本線「熱海」車11.1km,熱海,drive,11.1km,26,45,71,2LDK,,95.74,386.0,1974,1974年3月,residential,,,,https://img01.suumo.com/jj/resizeImage?src=gazo%2Fbukken%2F050%2FN010000%2Fimg%2F539%2F21782539%2F21782539_0001.jpg&w=192&h=144,22.0,5.0,-20.0,4.0,10.0,21.0,discovered,,2026-10-01T23:01:46.219809,2026-10-01T23:38:18.579101,6242,"HOA / Fee: ¥6,242/mo (¥74,899/yr)",Likely Cliff Edge,1,40段ほど上,0,steep_slope
suumo_76335378,suumo,https://suumo.jp/chukoikkodate/ibaraki/sc_kasama/nc_76335378/,笠間市住吉（住宅ローン対象・自己資金0円相談可）,348.0,3480000,茨城県笠間市住吉,茨城県,笠間市 (笠間焼/陶芸・里山),36.3192610261749,140.329057364535,31.7,0,1,ＪＲ常磐線「岩間」車6km,岩間,drive,6.0km,15,100,115,3DK,,62.92,171.91,1995,1995年9月,residential,,バルコニー,,https://img01.suumo.com/jj/resizeImage?src=gazo%2Fbukken%2F030%2FN010000%2Fimg%2F378%2F76335378%2F76335378_0001.jpg&w=192&h=144,22.0,5.0,-16.0,1.0,6.0,21.0,discovered,,2026-10-01T23:37:29.096063,2026-10-01T23:38:18.579101,0,,,1,,0,clear
suumo_78053707,suumo,https://suumo.jp/chukoikkodate/hiroshima/sc_onomichi/nc_78053707/,向島町 50万円,50.0,500000,広島県尾道市向島町,広島県,尾道市 (しまなみ海道・向島/因島/生口島),34.4024734163773,133.202960901741,2.7,0,1,ＪＲ山陽本線「尾道」バス15分停歩5分,尾道,bus,バス15分,15,235,250,5DK,,95.75,132.16,1958,1958年7月,residential,,,,https://img01.suumo.com/jj/resizeImage?src=gazo%2Fbukken%2F080%2FN010000%2Fimg%2F707%2F78053707%2F78053707_0001.jpg&w=192&h=144,25.0,5.0,-16.0,4.0,0.0,21.0,discovered,,2026-10-03T15:38:40.957661,2026-10-03T15:39:40.312867,0,,,1,,0,clear
suumo_21055337,suumo,https://suumo.jp/chukoikkodate/hiroshima/sc_onomichi/nc_21055337/,自然に囲まれて暮らす。向島のゆったり平屋住宅,278.0,2780000,広島県尾道市向島町,広島県,尾道市 (しまなみ海道・向島/因島/生口島),34.3898215055522,133.186251260894,11.2,0,0,ＪＲ山陽本線「尾道」徒歩94分,尾道,walk,徒歩94分,94,235,329,3DK,,82.18,440.15,1970,1970年5月,nature/mountain,眺望パノラマ,"陽当り良好, 通風",,https://img01.suumo.com/jj/resizeImage?src=gazo%2Fbukken%2F080%2FN010000%2Fimg%2F337%2F21055337%2F21055337_0013.jpg&w=192&h=144,22.0,20.0,-32.0,8.0,0.0,21.0,discovered,,2026-10-03T15:40:10.505809,2026-10-03T15:40:10.505809,0,,,1,,0,debris_flow
suumo_76910019,suumo,https://suumo.jp/chukoikkodate/ehime/sc_imabari/nc_76910019/,街中にあって便利な立地です！元喫茶店なので店舗としても使えますよ♪,280.0,2800000,愛媛県今治市常盤町６,愛媛県,今治市 (しまなみ海道・大三島/伯方島/大島),34.0583194927493,132.991706056409,6.2,0,1,イオン線「常盤町６丁目」徒歩2分,常盤町６丁目,walk,徒歩2分,2,315,317,3DK,,88.91,66.45,1968,1968年1月,residential,,"バルコニー, 平坦地",,https://img01.suumo.com/jj/resizeImage?src=gazo%2Fbukken%2F070%2FN010000%2Fimg%2F019%2F76910019%2F76910019_0027.jpg&w=192&h=144,22.0,5.0,-16.0,7.0,0.0,21.0,discovered,,2026-10-03T15:40:41.450567,2026-10-03T15:40:41.450567,0,,,1,,0,clear
suumo_20512297,suumo,https://suumo.jp/chukoikkodate/ehime/sc_imabari/nc_20512297/,人気の南中エリア！5DKの古民家です。天然温泉かみとくの湯が近い♪,420.0,4200000,愛媛県今治市上徳687-6,愛媛県,今治市 (しまなみ海道・大三島/伯方島/大島),34.0386537125109,133.010495008352,5.2,0,1,ＪＲ予讃線「伊予富田」徒歩9分,伊予富田,walk,徒歩9分,9,315,324,5DK,,84.84,133.57,1976,1976年5月,residential,,"南向き, 南東向き, 南西向き, 陽当り良好, 通風, 平坦地",,https://img01.suumo.com/jj/resizeImage?src=gazo%2Fbukken%2F070%2FN010000%2Fimg%2F297%2F20512297%2F20512297_0001.jpg&w=192&h=144,18.0,5.0,-16.0,11.0,0.0,21.0,discovered,,2026-10-03T15:41:45.480057,2026-10-03T15:41:45.480057,0,,,1,,0,clear
suumo_21206987,suumo,https://suumo.jp/chukoikkodate/hiroshima/sc_fukuyama/nc_21206987/,【24時間見学予約可能】中古戸建の事ならケイアイ不動産販売へ♪,600.0,6000000,広島県福山市駅家町大字中島,広島県,福山市 (鞆の浦・瀬戸内海沿岸),34.5501225275266,133.324172032091,20.8,0,1,ＪＲ福塩線「駅家」徒歩9分,家,walk,徒歩9分,9,240,249,5DK,,102.38,192.07,1983,1983年9月,residential,,"南向き, 陽当たり良好, テラス, 平坦地",,https://img01.suumo.com/jj/resizeImage?src=gazo%2Fbukken%2F080%2FN010000%2Fimg%2F987%2F21206987%2F21206987_0001.jpg&w=192&h=144,14.0,5.0,-16.0,15.0,0.0,21.0,discovered,,2026-10-03T15:44:39.499287,2026-10-03T15:44:39.499287,0,,,1,,0,clear
suumo_20809634,suumo,https://suumo.jp/chukoikkodate/chiba/sc_tateyama/nc_20809634/,宮城 420万円,420.0,4200000,千葉県館山市宮城,千葉県,館山市,34.9813261960748,139.839590453444,12.7,0,1,ＪＲ内房線「館山」バス11分停歩3分,館山,bus,バス11分,11,110,121,5DK,,83.73,297.52,1960,1960年10月,residential,,,,https://img01.suumo.com/jj/resizeImage?src=gazo%2Fbukken%2F030%2FN010000%2Fimg%2F634%2F20809634%2F20809634_0001.jpg&w=192&h=144,18.0,5.0,-16.0,4.0,6.0,20.0,discovered,,2026-09-29T23:16:26.466437,2026-10-01T23:38:18.579101,0,,,1,,0,clear
suumo_75614293,suumo,https://suumo.jp/chukoikkodate/kanagawa/sc_ashigarashimogun/nc_75614293/,宮城野 560万円,560.0,5600000,神奈川県足柄下郡箱根町宮城野,神奈川県,足柄下郡 (湯河原/真鶴/箱根),35.2536752698362,139.051128412189,457.2,1,0,箱根登山鉄道「箱根湯本」車10km,箱根湯本,drive,10.0km,24,85,109,2LDK,,72.87,433.0,1965,1965年10月,residential,,"陽当り良好, 通風",,https://img01.suumo.com/jj/resizeImage?src=gazo%2Fbukken%2F030%2FN010000%2Fimg%2F293%2F75614293%2F75614293_0001.jpg&w=192&h=144,14.0,5.0,-4.0,5.0,6.0,20.0,discovered,,2026-09-29T23:17:43.028065,2026-10-01T23:38:18.579101,21890,"Hot Spring: ¥13,970/mo (¥167,640/yr) / Maintenance: ¥7,920/mo (¥95,040/yr) / Reserve Deposit: ¥200,000",,1,,0,debris_flow
suumo_21200986,suumo,https://suumo.jp/chukoikkodate/yamanashi/sc_koshu/nc_21200986/,勝沼町勝沼（勝沼ぶどう郷駅） 450万円,450.0,4500000,山梨県甲州市勝沼町勝沼,山梨県,甲州市 (勝沼ワインバレー/塩山),35.6639983789068,138.723786463404,386.6,1,0,ＪＲ中央線「勝沼ぶどう郷」徒歩32分,勝沼ぶどう郷,walk,徒歩32分,32,80,112,3DK+2S（納戸）,,89.42,99.55,1990,1990年12月,residential,,南西向き,,https://img01.suumo.com/jj/resizeImage?src=gazo%2Fbukken%2F040%2FN010000%2Fimg%2F986%2F21200986%2F21200986_0005.jpg&w=192&h=144,18.0,5.0,-20.0,8.0,6.0,20.0,discovered,,2026-10-01T23:04:29.979941,2026-10-01T23:38:18.579101,0,,Likely Cliff Edge,1,擁壁あり,0,steep_slope
suumo_21640413,suumo,https://suumo.jp/chukoikkodate/shizuoka/sc_numazu/nc_21640413/,お手頃価格！コンパクトな平家住宅♪実需・投資にもおすすめ！,630.0,6300000,静岡県沼津市大塚,静岡県,沼津市 (戸田/駿河湾),35.1204751109347,138.811351256589,5.8,0,1,ＪＲ東海道本線「片浜」徒歩13分,片浜,walk,徒歩13分,13,100,113,2LDK,,44.71,103.33,1985,1985年10月,residential,,"陽当り良好, 通風, 平坦地",,https://img01.suumo.com/jj/resizeImage?src=gazo%2Fbukken%2F050%2FN010000%2Fimg%2F413%2F21640413%2F21640413_0026.jpg&w=192&h=144,14.0,5.0,-16.0,8.0,6.0,20.0,discovered,,2026-10-01T23:28:00.965068,2026-10-01T23:38:18.579101,0,,,1,,0,clear
suumo_21201017,suumo,https://suumo.jp/chukoikkodate/chiba/sc_choseigun/nc_21201017/,☆人気の中古平家建■田園風景を眺めながらのんびり田舎暮らし♪,550.0,5500000,千葉県長生郡白子町中里,千葉県,長生郡 (一宮/白子/長南),35.4325577824616,140.394421736325,2.1,0,1,ＪＲ外房線「八積」車7.1km,八積,drive,7.1km,17,100,117,2DK,,47.92,156.33,1994,1994年3月,residential,,"南向き, 陽当り良好, 通風, 平坦地",,https://img01.suumo.com/jj/resizeImage?src=gazo%2Fbukken%2F030%2FN010000%2Fimg%2F017%2F21201017%2F21201017_0024.jpg&w=192&h=144,14.0,5.0,-16.0,8.0,6.0,20.0,discovered,,2026-10-01T23:28:28.030514,2026-10-01T23:38:18.579101,0,,,1,,0,clear
suumo_21010101,suumo,https://suumo.jp/chukoikkodate/chiba/sc_choseigun/nc_21010101/,南日当 580万円,580.0,5800000,千葉県長生郡白子町南日当,千葉県,長生郡 (一宮/白子/長南),35.460321933515,140.360893976967,4.2,0,1,ＪＲ外房線「本納」車6.4km,本納,drive,6.4km,16,100,116,4DK,,81.14,165.38,1993,1993年11月,residential,,"南向き, 陽当り良好, 採光, 通風, バルコニー",,https://img01.suumo.com/jj/resizeImage?src=gazo%2Fbukken%2F030%2FN010000%2Fimg%2F101%2F21010101%2F21010101_0001.jpg&w=192&h=144,14.0,5.0,-16.0,8.0,6.0,20.0,discovered,,2026-10-01T23:28:31.136693,2026-10-01T23:38:18.579101,0,,,1,,0,clear
suumo_21662405,suumo,https://suumo.jp/chukoikkodate/kanagawa/sc_miura/nc_21662405/,～三浦市南下浦町金田　貸家～◎オーナーチェンジ戸建◎利回り約7.2%,1000.0,10000000,神奈川県三浦市南下浦町金田,神奈川県,三浦市,35.1641136600955,139.658663528007,10.5,0,1,京急久里浜線「三浦海岸」バス12分停歩8分,三浦海岸,bus,バス12分,12,70,82,5LDK,,112.61,168.98,1988,1988年4月,residential,,"南向き, バルコニー",,https://img01.suumo.com/jj/resizeImage?src=gazo%2Fbukken%2F030%2FN010000%2Fimg%2F405%2F21662405%2F21662405_0001.jpg&w=192&h=144,10.0,5.0,-16.0,10.0,8.0,20.0,discovered,,2026-10-01T23:34:54.562003,2026-10-01T23:38:18.579101,0,,,1,,0,clear
suumo_77506034,suumo,https://suumo.jp/chukoikkodate/ehime/sc_imabari/nc_77506034/,屋上のある４階建ての街中物件です！店舗や事務所、倉庫など用途多様です。,230.0,2300000,愛媛県今治市本町１-2-19,愛媛県,今治市 (しまなみ海道・大三島/伯方島/大島),34.0689809360624,133.002900665939,2.0,0,1,ＪＲ予讃線「今治」徒歩15分,今治,walk,徒歩15分,15,315,330,ワンルーム,,129.94,31.02,1971,1971年3月,residential,,,,https://img01.suumo.com/jj/resizeImage?src=gazo%2Fbukken%2F070%2FN010000%2Fimg%2F034%2F77506034%2F77506034_0001.jpg&w=192&h=144,22.0,5.0,-16.0,6.0,0.0,20.0,discovered,,2026-10-03T15:40:26.626658,2026-10-03T15:40:26.626658,0,,,1,,0,clear
suumo_21236127,suumo,https://suumo.jp/chukoikkodate/ehime/sc_imabari/nc_21236127/,小学校まで徒歩約4分！車庫付きでスーパーに近い物件です。,280.0,2800000,愛媛県今治市菊間町浜2956,愛媛県,今治市 (しまなみ海道・大三島/伯方島/大島),34.034332665578,132.843694867887,3.8,0,1,ＪＲ予讃線「菊間」徒歩3分,菊間,walk,徒歩3分,3,315,318,8DKK,,196.25,183.84,1956,1956年1月,residential,,開放感,,https://img01.suumo.com/jj/resizeImage?src=gazo%2Fbukken%2F070%2FN010000%2Fimg%2F127%2F21236127%2F21236127_0001.jpg&w=192&h=144,22.0,5.0,-16.0,6.0,0.0,20.0,discovered,,2026-10-03T15:40:52.980143,2026-10-03T15:40:52.980143,0,,,1,,0,clear
suumo_78784487,suumo,https://suumo.jp/chukoikkodate/ehime/sc_imabari/nc_78784487/,■100坪以上で広々した裏庭つき5Kの物件です,298.0,2980000,愛媛県今治市菊間町浜1285,愛媛県,今治市 (しまなみ海道・大三島/伯方島/大島),34.0402853333521,132.842731017561,2.7,0,1,ＪＲ予讃線「菊間」徒歩12分,菊間,walk,徒歩12分,12,315,327,5K,,131.51,567.38,1977,1977年1月,residential,,,,https://img01.suumo.com/jj/resizeImage?src=gazo%2Fbukken%2F070%2FN010000%2Fimg%2F487%2F78784487%2F78784487_0001.jpg&w=192&h=144,22.0,5.0,-16.0,6.0,0.0,20.0,discovered,,2026-10-03T15:41:03.075709,2026-10-03T15:41:03.075709,0,,,1,,0,clear
suumo_77266133,suumo,https://suumo.jp/chukoikkodate/ehime/sc_imabari/nc_77266133/,部屋数多い2階建ての5DKです,350.0,3500000,愛媛県今治市大浜町３-4-46,愛媛県,今治市 (しまなみ海道・大三島/伯方島/大島),34.1006358266446,132.982096845084,2.2,0,1,ＪＲ予讃線「波止浜」徒歩23分,波止浜,walk,徒歩23分,23,315,338,5DK,,120.0,226.62,1955,1955年1月,residential,,,,https://img01.suumo.com/jj/resizeImage?src=gazo%2Fbukken%2F070%2FN010000%2Fimg%2F133%2F77266133%2F77266133_0001.jpg&w=192&h=144,22.0,5.0,-16.0,6.0,0.0,20.0,discovered,,2026-10-03T15:41:13.678521,2026-10-03T15:41:13.678521,0,,,1,,0,clear
suumo_78257495,suumo,https://suumo.jp/chukoikkodate/ehime/sc_imabari/nc_78257495/,閑静な住宅地に位置する、離れのある庭付きの物件です！,480.0,4800000,愛媛県今治市北鳥生町２-2-38,愛媛県,今治市 (しまなみ海道・大三島/伯方島/大島),34.0556282881779,133.008786668931,3.5,0,1,ＪＲ予讃線「今治」徒歩24分,今治,walk,徒歩24分,24,315,339,6K,,187.26,336.46,1977,1977年12月,residential,,南向き,,https://img01.suumo.com/jj/resizeImage?src=gazo%2Fbukken%2F070%2FN010000%2Fimg%2F495%2F78257495%2F78257495_0001.jpg&w=192&h=144,18.0,5.0,-16.0,10.0,0.0,20.0,discovered,,2026-10-03T15:42:09.268718,2026-10-03T15:42:09.268718,0,,,1,,0,clear
suumo_21831175,suumo,https://suumo.jp/chukoikkodate/hiroshima/sc_mihara/nc_21831175/,【見学会開催】平屋としてもお使いいただけるお家です。,449.0,4490000,広島県三原市沼田東町七宝142-23,広島県,三原市 (瀬戸内海沿岸・佐木島),34.3932320382398,133.034251348825,4.2,0,1,ＪＲ呉線「三原」徒歩71分,三原,walk,徒歩71分,71,230,301,6DK,,123.19,233.82,1969,1969年8月,residential,,"陽当り良好, 通風",,https://img01.suumo.com/jj/resizeImage?src=gazo%2Fbukken%2F080%2FN010000%2Fimg%2F175%2F21831175%2F21831175_0001.jpg&w=192&h=144,18.0,5.0,-16.0,10.0,0.0,20.0,discovered,,2026-10-03T15:43:29.777090,2026-10-03T15:43:29.777090,0,,,1,,0,clear
suumo_21739473,suumo,https://suumo.jp/chukoikkodate/shizuoka/sc_tagatagun/nc_21739473/,◇◆＼MIRAIE売主／◆◇落ち着いた住環境♪コンビニ徒歩圏内♪,280.0,2800000,静岡県田方郡函南町畑毛,静岡県,田方郡 (函南町/南箱根),35.0807146473127,138.967997553074,11.7,0,1,伊豆箱根鉄道駿豆線「伊豆仁田」徒歩41分,伊豆仁田,walk,徒歩41分,41,120,161,3DK,,74.52,141.57,1977,1977年3月,residential,,,,https://img01.suumo.com/jj/resizeImage?src=gazo%2Fbukken%2F050%2FN010000%2Fimg%2F473%2F21739473%2F21739473_0204.jpg&w=192&h=144,22.0,5.0,-16.0,1.0,4.0,19.0,discovered,,2026-10-01T23:01:50.440621,2026-10-01T23:38:18.579101,0,,,1,,0,clear
suumo_21774797,suumo,https://suumo.jp/chukoikkodate/chiba/sc_choseigun/nc_21774797/,牛込 780万円,780.0,7800000,千葉県長生郡白子町牛込,千葉県,長生郡 (一宮/白子/長南),35.4613729872169,140.404450643159,1.7,0,1,ＪＲ外房線「大網」バス18分停歩7分,大網,bus,バス18分,18,100,118,3LDK,,80.31,136.01,1995,1995年2月,residential,,"南向き, 陽当り良好, 採光, 通風, 開放感, バルコニー, 平坦地",,https://img01.suumo.com/jj/resizeImage?src=gazo%2Fbukken%2F030%2FN010000%2Fimg%2F797%2F21774797%2F21774797_0010.jpg&w=192&h=144,10.0,5.0,-16.0,11.0,6.0,19.0,discovered,,2026-10-01T23:28:59.389200,2026-10-01T23:38:18.579101,0,,,1,,0,clear
suumo_78785924,suumo,https://suumo.jp/chukoikkodate/ehime/sc_imabari/nc_78785924/,■コンパクトな平家が桜井エリアに出ました■陽当たり良好な4DKです,280.0,2800000,愛媛県今治市桜井４-10-23,愛媛県,今治市 (しまなみ海道・大三島/伯方島/大島),34.0172449637096,133.039317195384,2.1,0,1,ＪＲ予讃線「伊予桜井」徒歩10分,伊予桜井,walk,徒歩10分,10,315,325,4DK,,63.17,139.05,1973,1973年1月,residential,,"陽当り良好, 陽当たり良好",,https://img01.suumo.com/jj/resizeImage?src=gazo%2Fbukken%2F070%2FN010000%2Fimg%2F924%2F78785924%2F78785924_0001.jpg&w=192&h=144,22.0,5.0,-16.0,5.0,0.0,19.0,discovered,,2026-10-03T15:40:45.859018,2026-10-03T15:40:45.859018,0,,,1,,0,clear
suumo_20251253,suumo,https://suumo.jp/chukoikkodate/ehime/sc_imabari/nc_20251253/,菊間町川上ののどかな場所にある倉庫です！,490.0,4900000,愛媛県今治市菊間町川上,愛媛県,今治市 (しまなみ海道・大三島/伯方島/大島),34.016703265435,132.860461826546,62.0,1,0,ＪＲ予讃線「菊間」徒歩45分,菊間,walk,徒歩45分,45,315,360,ワンルーム,,87.53,350.69,1971,1971年8月,residential,,,,https://img01.suumo.com/jj/resizeImage?src=gazo%2Fbukken%2F070%2FN010000%2Fimg%2F253%2F20251253%2F20251253_0001.jpg&w=192&h=144,18.0,18.0,-24.0,4.0,0.0,19.0,discovered,,2026-10-03T15:42:24.414942,2026-10-03T15:42:24.414942,0,,,1,,0,compound
suumo_77796347,suumo,https://suumo.jp/chukoikkodate/hiroshima/sc_takehara/nc_77796347/,「屋久杉」天井を使用した延床面積39坪の平屋住宅です。100坪の土地は地盤面を1,550.0,5500000,広島県竹原市塩町２,広島県,竹原市 (安芸の小京都・瀬戸内海),34.3359498825162,132.904016790044,1.8,0,1,ＪＲ呉線「竹原」徒歩11分,竹原,walk,徒歩11分,11,260,271,4DK,,131.41,332.0,1973,1973年10月,residential,,"南向き, 平坦地",,https://img01.suumo.com/jj/resizeImage?src=gazo%2Fbukken%2F080%2FN010000%2Fimg%2F347%2F77796347%2F77796347_0016.jpg&w=192&h=144,14.0,5.0,-16.0,13.0,0.0,19.0,discovered,,2026-10-03T15:45:14.437778,2026-10-03T15:45:14.437778,0,,,1,,0,clear
suumo_20498442,suumo,https://suumo.jp/chukoikkodate/hiroshima/sc_takehara/nc_20498442/,竹原駅徒歩8分！車庫と庭付き6LDK。リノベに最適！すぐに住めます！,640.0,6400000,広島県竹原市塩町２,広島県,竹原市 (安芸の小京都・瀬戸内海),34.3372652683367,132.904672273175,1.8,0,1,ＪＲ呉線「竹原」徒歩8分,竹原,walk,徒歩8分,8,260,268,6LDK,,119.24,167.15,1973,1973年10月,residential,,"南向き, バルコニー, 平坦地",,https://img01.suumo.com/jj/resizeImage?src=gazo%2Fbukken%2F080%2FN010000%2Fimg%2F442%2F20498442%2F20498442_0001.jpg&w=192&h=144,14.0,5.0,-16.0,13.0,0.0,19.0,discovered,,2026-10-03T15:45:15.662950,2026-10-03T15:45:15.662950,0,,,1,,0,clear
suumo_20713476,suumo,https://suumo.jp/chukoikkodate/tochigi/sc_nasushiobara/nc_20713476/,那須塩原市板室　2階建て2LDK＋ロフト,328.0,3280000,栃木県那須塩原市板室１１７３－８９４,栃木県,那須塩原市 (那須高原・新幹線70分),37.0873140921859,139.944279188883,988.8,1,0,ＪＲ東北本線「黒磯」車22.3km,黒磯,drive,22.3km,51,80,131,2LDK,,84.87,499.26,1995,1995年4月,residential,,ウッドデッキ,,https://img01.suumo.com/jj/resizeImage?src=gazo%2Fbukken%2F030%2FN010000%2Fimg%2F476%2F20713476%2F20713476_0020.jpg&w=192&h=144,22.0,5.0,-17.0,6.0,6.0,19.0,discovered,,2026-10-03T15:47:11.138625,2026-10-03T15:47:11.138625,9350,"Maintenance: ¥9,350/mo (¥112,200/yr)",Likely Cliff Edge,1,がけ条例適用,0,steep_slope
suumo_77048283,suumo,https://suumo.jp/chukoikkodate/shizuoka/sc_ito/nc_77048283/,61段の階段先にある、静寂の隠れ家,350.0,3500000,静岡県伊東市赤沢,静岡県,伊東市,34.8684872362115,139.079030369475,243.6,1,0,伊豆急行「伊豆高原」徒歩65分,伊豆高原,walk,徒歩65分,65,120,185,3LDK,,91.92,497.27,1989,1989年6月,residential,,"陽当り良好, 開放感",,https://img01.suumo.com/jj/resizeImage?src=gazo%2Fbukken%2F050%2FN010000%2Fimg%2F283%2F77048283%2F77048283_0027.jpg&w=192&h=144,22.0,5.0,-20.0,8.0,0.0,18.0,discovered,,2026-09-29T23:15:32.193197,2026-10-01T23:38:18.579101,0,,,1,61段の階段,0,steep_slope
suumo_20973135,suumo,https://suumo.jp/chukoikkodate/chiba/sc_tateyama/nc_20973135/,南条 880万円,880.0,8800000,千葉県館山市南条,千葉県,館山市,34.9768528341262,139.87972284075,14.1,0,1,-,,walk,,10,100,110,3LDK+S（納戸）,,100.97,390.25,1981,1981年8月,residential,,"南向き, 陽当り良好, 採光, 通風",,https://img01.suumo.com/jj/resizeImage?src=gazo%2Fbukken%2F030%2FN010000%2Fimg%2F135%2F20973135%2F20973135_0001.jpg&w=192&h=144,10.0,5.0,-16.0,10.0,6.0,18.0,discovered,,2026-09-29T23:16:36.713622,2026-10-01T23:38:18.579101,0,,,1,,0,clear
suumo_78260138,suumo,https://suumo.jp/chukoikkodate/chiba/sc_kamogawa/nc_78260138/,自然を感じられる人気の鴨川市の戸建て♪高台で、海眺望できます♪八岡海水,90.0,900000,千葉県鴨川市貝渚,千葉県,鴨川市,35.0954110631909,140.104388000499,13.4,0,0,ＪＲ内房線「太海」バス3分停歩3分,太海,bus,バス3分,3,100,103,1K,,25.0,58.0,1975,1975年1月,residential,,,,https://img01.suumo.com/jj/resizeImage?src=gazo%2Fbukken%2F030%2FN010000%2Fimg%2F138%2F78260138%2F78260138_0001.jpg&w=192&h=144,25.0,25.0,-44.0,1.0,8.0,18.0,discovered,,2026-09-30T00:02:17.456626,2026-10-01T23:38:18.579101,0,,,1,,0,deep_landslide
suumo_78911716,suumo,https://suumo.jp/chukoikkodate/chiba/sc_katsuura/nc_78911716/,海好きの方におすすめ物件♪,188.0,1880000,千葉県勝浦市浜行川,千葉県,勝浦市,35.1223619811667,140.233649919215,4.6,0,0,ＪＲ外房線「行川アイランド」徒歩13分,行川アイランド,walk,徒歩13分,13,100,113,4LDK,,90.68,185.12,1965,1965年5月,ocean,海一望/オーシャンビュー,バルコニー,,https://img01.suumo.com/jj/resizeImage?src=gazo%2Fbukken%2F030%2FN010000%2Fimg%2F716%2F78911716%2F78911716_0026.jpg&w=192&h=144,25.0,30.0,-50.0,4.0,6.0,18.0,discovered,,2026-09-30T00:02:59.086533,2026-10-01T23:38:18.579101,0,,,1,急傾斜地,0,compound
suumo_21782948,suumo,https://suumo.jp/chukoikkodate/chiba/sc_choseigun/nc_21782948/,◆オープンキッチン ◆バス・トイレ別 ◆洗面所に窓 ◆洗面台 ◆一部フローリン,700.0,7000000,千葉県長生郡長南町豊原,千葉県,長生郡 (一宮/白子/長南),35.372957339151,140.292300032523,16.0,0,1,ＪＲ外房線「茂原」徒歩88分,茂原,walk,徒歩88分,88,55,143,4LDK,,125.25,321.0,1996,1996年2月,residential,,ウッドデッキ,,https://img01.suumo.com/jj/resizeImage?src=gazo%2Fbukken%2F030%2FN010000%2Fimg%2F948%2F21782948%2F21782948_0001.jpg&w=192&h=144,14.0,5.0,-16.0,8.0,4.0,18.0,discovered,,2026-10-01T23:28:52.781827,2026-10-01T23:38:18.579101,0,,,1,,0,clear
suumo_21417363,suumo,https://suumo.jp/chukoikkodate/chiba/sc_choseigun/nc_21417363/,関 780万円,780.0,7800000,千葉県長生郡白子町関,千葉県,長生郡 (一宮/白子/長南),35.4503461867796,140.363188223908,2.1,0,1,ＪＲ外房線「大網」車10.5km,大網,drive,10.5km,25,100,125,4LDK,,133.32,500.14,1990,1990年3月,residential,,陽当り良好,,https://img01.suumo.com/jj/resizeImage?src=gazo%2Fbukken%2F030%2FN010000%2Fimg%2F363%2F21417363%2F21417363_0001.jpg&w=192&h=144,10.0,5.0,-16.0,10.0,6.0,18.0,discovered,,2026-10-01T23:29:01.872117,2026-10-01T23:38:18.579101,0,,,1,,0,clear
suumo_20203138,suumo,https://suumo.jp/chukoikkodate/kanagawa/sc_miura/nc_20203138/,初声町入江 980万円,980.0,9800000,神奈川県三浦市初声町入江,神奈川県,三浦市,35.1882674124158,139.62619137704,2.7,0,1,京急久里浜線「三崎口」バス6分停歩4分,三崎口,bus,バス6分,6,75,81,4DK,,95.9,135.71,1983,1983年11月,residential,,"南向き, バルコニー",,https://img01.suumo.com/jj/resizeImage?src=gazo%2Fbukken%2F030%2FN010000%2Fimg%2F138%2F20203138%2F20203138_0001.jpg&w=192&h=144,10.0,5.0,-16.0,8.0,8.0,18.0,discovered,,2026-10-01T23:34:51.955730,2026-10-01T23:38:18.579101,0,,,1,,0,clear
suumo_21697814,suumo,https://suumo.jp/chukoikkodate/hiroshima/sc_onomichi/nc_21697814/,部屋数と収納の豊富さが魅力♪暮らしにゆとりが生まれる和の住まい！,500.0,5000000,広島県尾道市手崎町8-5,広島県,尾道市 (しまなみ海道・向島/因島/生口島),34.4012757893537,133.173621320295,1.7,0,1,ＪＲ山陽本線「尾道」バス11分停歩4分,尾道,bus,バス11分,11,235,246,5DK,,69.13,100.31,1968,1968年8月,residential,,"南向き, 陽当り良好, 開放感, バルコニー, 平坦地",,https://img01.suumo.com/jj/resizeImage?src=gazo%2Fbukken%2F080%2FN010000%2Fimg%2F814%2F21697814%2F21697814_0001.jpg&w=192&h=144,18.0,5.0,-16.0,8.0,0.0,18.0,discovered,,2026-10-03T15:38:22.193725,2026-10-03T15:39:33.197564,0,,,1,,0,clear
suumo_20800534,suumo,https://suumo.jp/chukoikkodate/hiroshima/sc_onomichi/nc_20800534/,尾道・福山・三原の不動産売却・購入のご相談は(株)タカハシへお任せくださ…,153.0,1530000,広島県尾道市山波町470-1,広島県,尾道市 (しまなみ海道・向島/因島/生口島),34.4185694203976,133.229673491815,9.9,0,1,ＪＲ山陽本線「東尾道」徒歩27分,東尾道,walk,徒歩27分,27,235,262,6DK,,49.58,119.0,1962,1962年12月,residential,,,,https://img01.suumo.com/jj/resizeImage?src=gazo%2Fbukken%2F080%2FN010000%2Fimg%2F534%2F20800534%2F20800534_0001.jpg&w=192&h=144,25.0,5.0,-16.0,1.0,0.0,18.0,discovered,,2026-10-03T15:39:03.635681,2026-10-03T15:39:46.230261,0,,,1,,0,clear
suumo_21242570,suumo,https://suumo.jp/chukoikkodate/hiroshima/sc_onomichi/nc_21242570/,日常の「あったら嬉しい」がギュッと詰まった、暮らしやすい周辺環境が魅力です,200.0,2000000,広島県尾道市東元町7-9,広島県,尾道市 (しまなみ海道・向島/因島/生口島),34.4003424850412,133.170329562428,2.6,0,1,ＪＲ山陽本線「尾道」車2.7km,尾道,drive,2.7km,7,235,242,5DK,,72.72,49.58,1971,1971年12月,residential,,,,https://img01.suumo.com/jj/resizeImage?src=gazo%2Fbukken%2F080%2FN010000%2Fimg%2F570%2F21242570%2F21242570_0001.jpg&w=192&h=144,25.0,5.0,-16.0,1.0,0.0,18.0,discovered,,2026-10-03T15:39:11.839345,2026-10-03T15:39:48.563171,0,,,1,,0,clear
suumo_78484453,suumo,https://suumo.jp/chukoikkodate/hiroshima/sc_onomichi/nc_78484453/,海を望むロケーションで、夏は住吉花火大会を間近に鑑賞できる住まい,230.0,2300000,広島県尾道市浦崎町4538-2,広島県,尾道市 (しまなみ海道・向島/因島/生口島),34.399019248881,133.251461735654,18.9,0,0,ＪＲ山陽本線「松永」バス14分停歩54分,松永,bus,バス14分,14,240,254,7DK,,90.99,554.9,1965,1965年11月,ocean,海一望/オーシャンビュー,"南向き, 陽当り良好, 採光, 通風, 開放感, 平坦地",,https://img01.suumo.com/jj/resizeImage?src=gazo%2Fbukken%2F080%2FN010000%2Fimg%2F453%2F78484453%2F78484453_0001.jpg&w=192&h=144,22.0,30.0,-48.0,11.0,0.0,18.0,discovered,,2026-10-03T15:39:50.860594,2026-10-03T15:39:50.860594,0,,,1,,0,steep_slope
suumo_77200063,suumo,https://suumo.jp/chukoikkodate/ehime/sc_imabari/nc_77200063/,閑静な住宅地の5DK+土間の中古住宅＼＾＾／,250.0,2500000,愛媛県今治市高部甲88-8,愛媛県,今治市 (しまなみ海道・大三島/伯方島/大島),34.1020987870905,132.975747055166,5.0,0,1,ＪＲ予讃線「波止浜」徒歩12分,波止浜,walk,徒歩12分,12,315,327,5DK,,91.42,132.0,1966,1966年1月,residential,,,,https://img01.suumo.com/jj/resizeImage?src=gazo%2Fbukken%2F070%2FN010000%2Fimg%2F063%2F77200063%2F77200063_0001.jpg&w=192&h=144,22.0,5.0,-16.0,4.0,0.0,18.0,discovered,,2026-10-03T15:40:37.490506,2026-10-03T15:40:37.490506,0,,,1,,0,clear
suumo_21305788,suumo,https://suumo.jp/chukoikkodate/ehime/sc_imabari/nc_21305788/,軽量鉄骨の閑静な住宅街にある中古住宅！,280.0,2800000,愛媛県今治市長沢甲1191-13,愛媛県,今治市 (しまなみ海道・大三島/伯方島/大島),34.0076949859878,133.037638843041,2.7,0,1,ＪＲ予讃線「伊予桜井」徒歩9分,伊予桜井,walk,徒歩9分,9,315,324,4LDK,,81.54,166.88,1975,1975年7月,residential,,開放感,,https://img01.suumo.com/jj/resizeImage?src=gazo%2Fbukken%2F070%2FN010000%2Fimg%2F788%2F21305788%2F21305788_0001.jpg&w=192&h=144,22.0,5.0,-16.0,4.0,0.0,18.0,discovered,,2026-10-03T15:40:56.763732,2026-10-03T15:40:56.763732,0,,,1,,0,clear
suumo_78303901,suumo,https://suumo.jp/chukoikkodate/ehime/sc_imabari/nc_78303901/,■人気の西中学校の地域！■静かな暮らしをしたい方におすすめです！,290.0,2900000,愛媛県今治市宅間2119-1,愛媛県,今治市 (しまなみ海道・大三島/伯方島/大島),34.0713703169085,132.942640951517,9.9,0,1,ＪＲ予讃線「大西」徒歩24分,大西,walk,徒歩24分,24,315,339,4DK,,86.01,277.34,1979,1979年1月,residential,,,,https://img01.suumo.com/jj/resizeImage?src=gazo%2Fbukken%2F070%2FN010000%2Fimg%2F901%2F78303901%2F78303901_0001.jpg&w=192&h=144,22.0,5.0,-16.0,4.0,0.0,18.0,discovered,,2026-10-03T15:41:00.221395,2026-10-03T15:41:00.221395,0,,,1,,0,clear
suumo_78219811,suumo,https://suumo.jp/chukoikkodate/ehime/sc_imabari/nc_78219811/,コンパクトな3DK一人、二人暮らしにピッタリのお家,330.0,3300000,愛媛県今治市広紹寺町２,愛媛県,今治市 (しまなみ海道・大三島/伯方島/大島),34.0529435248754,133.002140186895,4.3,0,1,ＪＲ予讃線「今治」徒歩20分,今治,walk,徒歩20分,20,315,335,3DK,,73.86,99.09,1975,1975年12月,residential,,平坦地,,https://img01.suumo.com/jj/resizeImage?src=gazo%2Fbukken%2F070%2FN010000%2Fimg%2F811%2F78219811%2F78219811_0021.jpg&w=192&h=144,22.0,5.0,-16.0,4.0,0.0,18.0,discovered,,2026-10-03T15:41:10.669078,2026-10-03T15:41:10.669078,0,,,1,,0,clear
suumo_21228011,suumo,https://suumo.jp/chukoikkodate/ehime/sc_imabari/nc_21228011/,～約57.68坪の敷地。リフォームのご相談も承ります～,380.0,3800000,愛媛県今治市別名,愛媛県,今治市 (しまなみ海道・大三島/伯方島/大島),34.0443883378515,132.978983368899,14.9,0,1,ＪＲ予讃線「今治」徒歩41分,今治,walk,徒歩41分,41,315,356,4DK,,50.16,190.68,1966,1966年10月,residential,,"陽当り良好, 平坦地",,https://img01.suumo.com/jj/resizeImage?src=gazo%2Fbukken%2F070%2FN010000%2Fimg%2F011%2F21228011%2F21228011_0001.jpg&w=192&h=144,18.0,5.0,-16.0,8.0,0.0,18.0,discovered,,2026-10-03T15:41:38.027942,2026-10-03T15:41:38.027942,0,,,1,,0,clear
suumo_20677102,suumo,https://suumo.jp/chukoikkodate/ehime/sc_imabari/nc_20677102/,閑静な住宅地に位置する5LDKの物件です。,400.0,4000000,愛媛県今治市山口甲355,愛媛県,今治市 (しまなみ海道・大三島/伯方島/大島),34.0047252822215,133.007168817596,31.2,0,1,ＪＲ予讃線「伊予桜井」徒歩50分,伊予桜井,walk,徒歩50分,50,315,365,5LDK,,89.47,151.75,1976,1976年9月,residential,,陽当り良好,,https://img01.suumo.com/jj/resizeImage?src=gazo%2Fbukken%2F070%2FN010000%2Fimg%2F102%2F20677102%2F20677102_0001.jpg&w=192&h=144,18.0,5.0,-16.0,8.0,0.0,18.0,discovered,,2026-10-03T15:41:41.409464,2026-10-03T15:41:41.409464,0,,,1,,0,clear
suumo_21557433,suumo,https://suumo.jp/chukoikkodate/ehime/sc_imabari/nc_21557433/,のどかな環境でゆっくり島時間を楽しめます！,530.0,5300000,愛媛県今治市伯方町木浦甲3940-3,愛媛県,今治市 (しまなみ海道・大三島/伯方島/大島),34.2130217584504,133.113579391178,3.0,0,1,ＪＲ予讃線「今治」バス85分停歩1分,今治,bus,バス85分,85,315,400,6DK,,123.2,112.91,1983,1983年4月,residential,,"陽当り良好, 通風, テラス",,https://img01.suumo.com/jj/resizeImage?src=gazo%2Fbukken%2F070%2FN010000%2Fimg%2F433%2F21557433%2F21557433_0001.jpg&w=192&h=144,14.0,5.0,-16.0,12.0,0.0,18.0,discovered,,2026-10-03T15:42:38.891955,2026-10-03T15:42:38.891955,0,,,1,,0,clear
suumo_21437114,suumo,https://suumo.jp/chukoikkodate/hiroshima/sc_mihara/nc_21437114/,アクセス＆住環境良好　国道・駅が近く生活利便施設も揃う糸崎6丁目,300.0,3000000,広島県三原市糸崎６-17-18,広島県,三原市 (瀬戸内海沿岸・佐木島),34.3899956551936,133.112398907776,24.0,0,1,ＪＲ山陽本線「糸崎」車0.8km,糸崎,drive,0.8km,3,240,243,5DK,,98.73,132.23,1966,1966年1月,residential,,,,https://img01.suumo.com/jj/resizeImage?src=gazo%2Fbukken%2F080%2FN010000%2Fimg%2F114%2F21437114%2F21437114_0001.jpg&w=192&h=144,22.0,5.0,-16.0,4.0,0.0,18.0,discovered,,2026-10-03T15:43:15.400654,2026-10-03T15:43:15.400654,0,,,1,,0,clear
suumo_20282418,suumo,https://suumo.jp/chukoikkodate/hiroshima/sc_mihara/nc_20282418/,【三原！中古戸建てをリノベーションして住みませんか？】＊福山不動産＊,350.0,3500000,広島県三原市幸崎町能地,広島県,三原市 (瀬戸内海沿岸・佐木島),34.3355368108007,133.034407178039,2.7,0,1,ＪＲ呉線「安芸幸崎」徒歩27分,安芸幸崎,walk,徒歩27分,27,240,267,5DK,,89.92,52.89,1980,1980年8月,residential,,,,https://img01.suumo.com/jj/resizeImage?src=gazo%2Fbukken%2F080%2FN010000%2Fimg%2F418%2F20282418%2F20282418_0213.jpg&w=192&h=144,22.0,5.0,-16.0,4.0,0.0,18.0,discovered,,2026-10-03T15:43:26.347739,2026-10-03T15:43:26.347739,0,,,1,,0,clear
suumo_75943810,suumo,https://suumo.jp/chukoikkodate/hiroshima/sc_fukuyama/nc_75943810/,◆南向きで日当たり良好◆住んで良し貸して良し◆駐車2台可,380.0,3800000,広島県福山市御幸町大字森脇,広島県,福山市 (鞆の浦・瀬戸内海沿岸),34.5339023482416,133.356239634548,9.6,0,1,中国バス「森脇」徒歩8分,森脇,bus,,10,240,250,4LDK,,72.43,111.59,1976,1976年9月,residential,,"南向き, 陽当り良好, 通風, 平坦地",,https://img01.suumo.com/jj/resizeImage?src=gazo%2Fbukken%2F080%2FN010000%2Fimg%2F810%2F75943810%2F75943810_0001.jpg&w=192&h=144,18.0,5.0,-16.0,8.0,0.0,18.0,discovered,,2026-10-03T15:44:28.820643,2026-10-03T15:44:28.820643,0,,,1,,0,clear
suumo_21370899,suumo,https://suumo.jp/chukoikkodate/hiroshima/sc_fukuyama/nc_21370899/,医療機関が周辺に点在！閑静な住宅街でスーパーや日用品など買い物に便利な立地,480.0,4800000,広島県福山市西深津町４-8-20-4,広島県,福山市 (鞆の浦・瀬戸内海沿岸),34.4978732420685,133.381683996276,2.5,0,1,ＪＲ山陽本線「福山」バス10分停歩2分,福山,bus,バス10分,10,215,225,4DK,,67.06,84.59,1967,1967年10月,residential,,"南向き, 陽当り良好, 採光, 開放感, バルコニー, 平坦地",,https://img01.suumo.com/jj/resizeImage?src=gazo%2Fbukken%2F080%2FN010000%2Fimg%2F899%2F21370899%2F21370899_0008.jpg&w=192&h=144,18.0,5.0,-16.0,8.0,0.0,18.0,discovered,,2026-10-03T15:44:35.577092,2026-10-03T15:44:35.577092,0,,,1,,0,clear
suumo_21228289,suumo,https://suumo.jp/chukoikkodate/chiba/sc_kimitsu/nc_21228289/,部屋数の充実した広々７ＳＬＤＫ緑に囲まれた敷地、田舎暮らしや別荘等にも,600.0,6000000,千葉県君津市折木沢,千葉県,君津市 (亀山湖/笹川渓谷・東京75分),35.2290113630725,140.107863630155,113.7,1,0,ＪＲ久留里線「上総亀山」車2.1km,上総亀山,drive,2.1km,6,100,106,7LDK+S（納戸）,,187.74,559.0,1965,1965年1月,residential,,"南向き, 採光",,https://img01.suumo.com/jj/resizeImage?src=gazo%2Fbukken%2F030%2FN010000%2Fimg%2F289%2F21228289%2F21228289_0001.jpg&w=192&h=144,14.0,5.0,-20.0,10.0,6.0,18.0,discovered,,2026-10-03T15:48:23.043913,2026-10-03T15:48:23.043913,0,,Likely Cliff Edge,1,がけ条例適用,0,steep_slope
suumo_77128876,suumo,https://suumo.jp/chukoikkodate/chiba/sc_choshi/nc_77128876/,長塚町２（松岸駅） 550万円,550.0,5500000,千葉県銚子市長塚町２,千葉県,銚子市 (屏風ヶ浦・犬吠埼オーシャンビュー),35.7392472433032,140.805017103941,4.3,0,1,ＪＲ総武本線「松岸」徒歩11分,松岸,walk,徒歩11分,11,100,111,6DK,,119.92,371.27,1977,1977年8月,residential,,,,https://img01.suumo.com/jj/resizeImage?src=gazo%2Fbukken%2F030%2FN010000%2Fimg%2F876%2F77128876%2F77128876_0001.jpg&w=192&h=144,14.0,5.0,-16.0,6.0,6.0,18.0,discovered,,2026-10-03T15:49:15.723512,2026-10-03T15:49:15.723512,0,,,1,,0,clear
suumo_79086561,suumo,https://suumo.jp/chukoikkodate/chiba/sc_choshi/nc_79086561/,小畑町（君ヶ浜駅） 798万円,798.0,7980000,千葉県銚子市小畑町,千葉県,銚子市 (屏風ヶ浦・犬吠埼オーシャンビュー),35.7213778914464,140.85275209528,23.0,0,1,銚子電気鉄道「君ヶ浜」徒歩13分,君ヶ浜,walk,徒歩13分,13,110,123,8LDK,,182.42,615.14,1955,1955年1月,residential,,"南向き, バルコニー",,https://img01.suumo.com/jj/resizeImage?src=gazo%2Fbukken%2F030%2FN010000%2Fimg%2F561%2F79086561%2F79086561_0001.jpg&w=192&h=144,10.0,5.0,-16.0,10.0,6.0,18.0,discovered,,2026-10-03T15:49:40.804369,2026-10-03T15:49:40.804369,0,,,1,,0,clear
suumo_21072586,suumo,https://suumo.jp/chukoikkodate/ibaraki/sc_hitachi/nc_21072586/,【赤羽緑地まで車12分×カスミまで車2分×周辺物件まとめてご案内！】,580.0,5800000,茨城県日立市大沼町１-11-9,茨城県,日立市 (太平洋オーシャンビュー断崖・特急95分),36.529177557144,140.618994847432,38.6,0,1,ＪＲ常磐線「大甕」徒歩36分,大甕,walk,徒歩36分,36,100,136,5DK,,93.34,195.35,1967,1967年9月,residential,,"南向き, 陽当り良好, バルコニー",,https://img01.suumo.com/jj/resizeImage?src=gazo%2Fbukken%2F030%2FN010000%2Fimg%2F586%2F21072586%2F21072586_0001.jpg&w=192&h=144,14.0,5.0,-16.0,8.0,4.0,18.0,discovered,,2026-10-03T15:50:27.754361,2026-10-03T15:50:27.754361,0,,,1,,0,clear
suumo_75024361,suumo,https://suumo.jp/chukoikkodate/shizuoka/sc_numazu/nc_75024361/,ららぽーとまで車で５分。南西角地日当たり良好です,650.0,6500000,静岡県沼津市東椎路,静岡県,沼津市 (戸田/駿河湾),35.126131012136,138.836215820878,16.9,0,1,ＪＲ東海道本線「片浜」徒歩34分,片浜,walk,徒歩34分,34,100,134,4DK,,60.3,88.36,1973,1973年11月,residential,,"南向き, 陽当り良好, 採光, 通風, バルコニー",,https://img01.suumo.com/jj/resizeImage?src=gazo%2Fbukken%2F050%2FN010000%2Fimg%2F361%2F75024361%2F75024361_0001.jpg&w=192&h=144,14.0,5.0,-16.0,5.0,6.0,17.0,discovered,,2026-10-01T23:28:04.858234,2026-10-01T23:38:18.579101,0,,,1,,0,clear
suumo_20205621,suumo,https://suumo.jp/chukoikkodate/shizuoka/sc_numazu/nc_20205621/,☆片浜小学校、徒歩1分。お子様の通学に安心の小学校目の前。,790.0,7900000,静岡県沼津市大諏訪,静岡県,沼津市 (戸田/駿河湾),35.1113058675478,138.828298929704,7.8,0,1,ＪＲ東海道本線「片浜」車1.3km,片浜,drive,1.3km,4,100,104,2LDK,,85.36,79.16,1995,1995年10月,residential,,"バルコニー, 平坦地",,https://img01.suumo.com/jj/resizeImage?src=gazo%2Fbukken%2F050%2FN010000%2Fimg%2F621%2F20205621%2F20205621_0002.jpg&w=192&h=144,10.0,5.0,-16.0,7.0,8.0,17.0,discovered,,2026-10-01T23:28:07.783647,2026-10-01T23:38:18.579101,0,,,1,,0,clear
suumo_21043851,suumo,https://suumo.jp/chukoikkodate/chiba/sc_choseigun/nc_21043851/,『やり取り無し2分で見学予約完了』リフォーム再生住宅■南向き日当たり良好！,680.0,6800000,千葉県長生郡白子町関,千葉県,長生郡 (一宮/白子/長南),35.4503461867796,140.363188223908,2.1,0,1,ＪＲ外房線「本納」徒歩81分,本納,walk,徒歩81分,81,100,181,4DK,,98.12,133.78,1992,1992年8月,residential,,"南向き, 陽当り良好, 通風, 平坦地",,https://img01.suumo.com/jj/resizeImage?src=gazo%2Fbukken%2F030%2FN010000%2Fimg%2F851%2F21043851%2F21043851_0012.jpg&w=192&h=144,14.0,5.0,-16.0,11.0,0.0,17.0,discovered,,2026-10-01T23:28:43.842990,2026-10-01T23:38:18.579101,0,,,1,,0,clear
suumo_21240721,suumo,https://suumo.jp/chukoikkodate/ehime/sc_imabari/nc_21240721/,～産業道路すぐ近く！スーパー、コンビニ徒歩圏内！～,430.0,4300000,愛媛県今治市東村３,愛媛県,今治市 (しまなみ海道・大三島/伯方島/大島),34.0403246420483,133.03256646143,2.0,0,1,ＪＲ予讃線「伊予富田」徒歩36分,伊予富田,walk,徒歩36分,36,315,351,4DK,,88.44,162.31,1980,1980年12月,residential,,平坦地,,https://img01.suumo.com/jj/resizeImage?src=gazo%2Fbukken%2F070%2FN010000%2Fimg%2F721%2F21240721%2F21240721_0001.jpg&w=192&h=144,18.0,5.0,-16.0,7.0,0.0,17.0,discovered,,2026-10-03T15:41:53.732427,2026-10-03T15:41:53.732427,0,,,1,,0,clear
suumo_98338218,suumo,https://suumo.jp/chukoikkodate/ehime/sc_imabari/nc_98338218/,即案内可能！リフォームの提案もできますので、お気軽に声を掛けて下さい！,480.0,4800000,愛媛県今治市桜井４,愛媛県,今治市 (しまなみ海道・大三島/伯方島/大島),34.0190966941607,133.040232399284,3.4,0,1,ＪＲ予讃線「伊予桜井」徒歩13分,伊予桜井,walk,徒歩13分,13,315,328,4DK,,91.19,186.0,1975,1975年12月,residential,,平坦地,,https://img01.suumo.com/jj/resizeImage?src=gazo%2Fbukken%2F070%2FN010000%2Fimg%2F218%2F98338218%2F98338218_0001.jpg&w=192&h=144,18.0,5.0,-16.0,7.0,0.0,17.0,discovered,,2026-10-03T15:42:15.673835,2026-10-03T15:42:15.673835,0,,,1,,0,clear
suumo_78812874,suumo,https://suumo.jp/chukoikkodate/shizuoka/sc_shimoda/nc_78812874/,旧岡方村 60万円,60.0,600000,静岡県下田市旧岡方村,静岡県,下田市 (南伊豆・白浜/吉佐美/外浦海岸),34.6779627320304,138.926846509006,94.9,1,0,伊豆急行「伊豆急下田」バス11分停歩3分,伊豆急下田,bus,バス11分,11,165,176,2K,,39.66,165.0,1972,1972年12月,residential,,南向き,,https://img01.suumo.com/jj/resizeImage?src=gazo%2Fbukken%2F050%2FN010000%2Fimg%2F874%2F78812874%2F78812874_0001.jpg&w=192&h=144,25.0,5.0,-22.0,5.0,4.0,17.0,discovered,,2026-10-03T15:45:37.412323,2026-10-03T15:45:37.412323,4000,"Town / Community: ¥2,000/mo (¥24,000/yr) / HOA / Fee: ¥2,000/mo (¥24,000/yr)",Likely Cliff Edge,1,50段。外に出かける事で体が鍛えられ、体力づくりができる家。毎日出かければ食欲増進、元気モリモリ。建物内は年数が経過しているため汚れ、キズはありますが、簡単なリフォームでまだまだ使えそうです。敷地内の木を少し整理すれば、心地よい空間に生まれ変わりそうです。下,0,steep_slope
suumo_20929156,suumo,https://suumo.jp/chukoikkodate/shizuoka/sc_shimoda/nc_20929156/,立野 820万円,820.0,8200000,静岡県下田市立野,静岡県,下田市 (南伊豆・白浜/吉佐美/外浦海岸),34.6959429218566,138.938323891089,8.5,0,1,伊豆急行「蓮台寺」バス3分停歩2分,蓮台寺,bus,バス3分,3,120,123,4LDK,,114.27,82.9,1972,1972年5月,residential,,"日当り良好, バルコニー, 平坦地",,https://img01.suumo.com/jj/resizeImage?src=gazo%2Fbukken%2F050%2FN010000%2Fimg%2F156%2F20929156%2F20929156_0001.jpg&w=192&h=144,10.0,5.0,-16.0,9.0,6.0,17.0,discovered,,2026-10-03T15:46:18.775651,2026-10-03T15:46:18.775651,0,,,1,,0,clear
suumo_72335463,suumo,https://suumo.jp/chukoikkodate/shizuoka/sc_tagatagun/nc_72335463/,平井 360万円,360.0,3600000,静岡県田方郡函南町平井,静岡県,田方郡 (函南町/南箱根),35.0892385696143,138.964847918779,40.8,1,0,東海道新幹線「熱海」車13km,熱海,drive,13.0km,30,45,75,2LDK,,104.31,310.0,1980,1980年1月,residential,,"採光, バルコニー, テラス",,https://img01.suumo.com/jj/resizeImage?src=gazo%2Fbukken%2F050%2FN010000%2Fimg%2F463%2F72335463%2F72335463_0001.jpg&w=192&h=144,18.0,5.0,-22.0,8.0,10.0,16.0,discovered,,2026-10-01T23:01:55.354739,2026-10-01T23:38:18.579101,8355,"HOA / Fee: ¥6,155/mo (¥73,865/yr) / Water Base: ¥2,200/mo",Likely Cliff Edge,1,階段アクセスあり,0,steep_slope
suumo_20980141,suumo,https://suumo.jp/chukoikkodate/shizuoka/sc_numazu/nc_20980141/,【再建築不可】和室中心の間取りが魅力の平屋住宅,350.0,3500000,静岡県沼津市大諏訪主要地,静岡県,沼津市 (戸田/駿河湾),35.1137762351193,138.827755304458,6.6,0,1,ＪＲ東海道本線「片浜」徒歩17分,片浜,walk,徒歩17分,17,100,117,2DK,,54.39,184.43,1967,1967年2月,residential,,平坦地,,https://img01.suumo.com/jj/resizeImage?src=gazo%2Fbukken%2F050%2FN010000%2Fimg%2F141%2F20980141%2F20980141_0001.jpg&w=192&h=144,22.0,5.0,-24.0,4.0,6.0,16.0,discovered,,2026-10-01T23:27:54.194843,2026-10-01T23:38:18.579101,0,,,1,,1,clear
suumo_78483194,suumo,https://suumo.jp/chukoikkodate/shizuoka/sc_numazu/nc_78483194/,車通り少なく閑静な環境！徒歩圏内スーパーやコンビニ有！２Fに広々LDK！,890.0,8900000,静岡県沼津市我入道江川,静岡県,沼津市 (戸田/駿河湾),35.0819516635001,138.863248208507,1.7,0,1,ＪＲ東海道本線「沼津」徒歩35分,沼津,walk,徒歩35分,35,60,95,6LDK,,135.8,111.66,1984,1984年6月,residential,,バルコニー,,https://img01.suumo.com/jj/resizeImage?src=gazo%2Fbukken%2F050%2FN010000%2Fimg%2F194%2F78483194%2F78483194_0016.jpg&w=192&h=144,10.0,5.0,-16.0,6.0,8.0,16.0,discovered,,2026-10-01T23:28:12.197275,2026-10-01T23:38:18.579101,0,,,1,,0,clear
suumo_21567814,suumo,https://suumo.jp/chukoikkodate/chiba/sc_choseigun/nc_21567814/,古所 780万円,780.0,7800000,千葉県長生郡白子町古所,千葉県,長生郡 (一宮/白子/長南),35.4442644380773,140.397912669174,1.6,0,1,ＪＲ外房線「本納」バス19分停歩1分,本納,bus,バス19分,19,100,119,3DK,,72.04,181.59,1999,1999年5月,residential,,"陽当り良好, 通風, 平坦地",,https://img01.suumo.com/jj/resizeImage?src=gazo%2Fbukken%2F030%2FN010000%2Fimg%2F814%2F21567814%2F21567814_0001.jpg&w=192&h=144,10.0,5.0,-16.0,8.0,6.0,16.0,discovered,,2026-10-01T23:29:07.697082,2026-10-01T23:38:18.579101,0,,,1,,0,clear
suumo_21472184,suumo,https://suumo.jp/chukoikkodate/chiba/sc_futtsu/nc_21472184/,◆天袋 ◆シャワー ◆ファミリー向け ◆庭 ◆土地70坪以上,798.0,7980000,千葉県富津市湊,千葉県,富津市,35.2162720010048,139.87068507397,5.4,0,1,ＪＲ内房線「上総湊」徒歩5分,上総湊,walk,徒歩5分,5,95,100,3LDK,,93.41,231.41,1968,1968年2月,residential,,"開放感, ウッドデッキ, バルコニー",,https://img01.suumo.com/jj/resizeImage?src=gazo%2Fbukken%2F030%2FN010000%2Fimg%2F184%2F21472184%2F21472184_0001.jpg&w=192&h=144,10.0,5.0,-16.0,6.0,8.0,16.0,discovered,,2026-10-01T23:35:21.981115,2026-10-01T23:38:18.579101,0,,,1,,0,clear
suumo_76856394,suumo,https://suumo.jp/chukoikkodate/chiba/sc_futtsu/nc_76856394/,落ち着いた雰囲気の住宅地内。雨の日も安心なサンルーム付。現況でのお引渡し。,800.0,8000000,千葉県富津市大堀３,千葉県,富津市,35.335642561909,139.862749555145,3.2,0,1,ＪＲ内房線「青堀」車1.1km,青堀,drive,1.1km,4,80,84,5DK,,100.6,170.0,1981,1981年2月,residential,,バルコニー,,https://img01.suumo.com/jj/resizeImage?src=gazo%2Fbukken%2F030%2FN010000%2Fimg%2F394%2F76856394%2F76856394_0001.jpg&w=192&h=144,10.0,5.0,-16.0,6.0,8.0,16.0,discovered,,2026-10-01T23:35:25.708401,2026-10-01T23:38:18.579101,0,,,1,,0,clear
suumo_20581249,suumo,https://suumo.jp/chukoikkodate/ehime/sc_imabari/nc_20581249/,スーパーまで車で約2分！生活に便利な立地で広々家庭菜園ができる古民家。,480.0,4800000,愛媛県今治市吉海町本庄1832,愛媛県,今治市 (しまなみ海道・大三島/伯方島/大島),34.1435938140864,133.036150667015,1.1,0,1,ＪＲ予讃線「波止浜」車11.5km,波止浜,drive,11.5km,27,315,342,6DK+2S（納戸）,,180.74,657.95,1965,1965年1月,residential,,"通風, 開放感",,https://img01.suumo.com/jj/resizeImage?src=gazo%2Fbukken%2F070%2FN010000%2Fimg%2F249%2F20581249%2F20581249_0001.jpg&w=192&h=144,18.0,5.0,-16.0,6.0,0.0,16.0,discovered,,2026-10-03T15:42:12.373534,2026-10-03T15:42:12.373534,0,,,1,,0,clear
suumo_20307116,suumo,https://suumo.jp/chukoikkodate/ehime/sc_imabari/nc_20307116/,利便性の良い立地に位置する建物2棟付き物件です。,530.0,5300000,愛媛県今治市蔵敷町１-14-8,愛媛県,今治市 (しまなみ海道・大三島/伯方島/大島),34.0576412804825,133.000116546681,4.9,0,1,ＪＲ予讃線「今治」徒歩13分,今治,walk,徒歩13分,13,315,328,4K,,108.39,314.44,1991,1991年5月,residential,,南向き,,https://img01.suumo.com/jj/resizeImage?src=gazo%2Fbukken%2F070%2FN010000%2Fimg%2F116%2F20307116%2F20307116_0001.jpg&w=192&h=144,14.0,5.0,-16.0,10.0,0.0,16.0,discovered,,2026-10-03T15:42:30.591492,2026-10-03T15:42:30.591492,0,,,1,,0,clear
suumo_79164642,suumo,https://suumo.jp/chukoikkodate/ehime/sc_imabari/nc_79164642/,駐車場が3台停められる、土地80坪の中古住宅が出ました！,550.0,5500000,愛媛県今治市町谷,愛媛県,今治市 (しまなみ海道・大三島/伯方島/大島),34.0227505029751,133.000308514911,17.2,0,1,ＪＲ予讃線「伊予桜井」徒歩42分,伊予桜井,walk,徒歩42分,42,315,357,6LDK,,155.93,265.78,1979,1979年10月,residential,,南西向き,,https://img01.suumo.com/jj/resizeImage?src=gazo%2Fbukken%2F070%2FN010000%2Fimg%2F642%2F79164642%2F79164642_0001.jpg&w=192&h=144,14.0,5.0,-16.0,10.0,0.0,16.0,discovered,,2026-10-03T15:42:46.075284,2026-10-03T15:42:46.075284,0,,,1,,0,clear
suumo_74935409,suumo,https://suumo.jp/chukoikkodate/chiba/sc_kimitsu/nc_74935409/,部屋数充実した５ＬＤＫの間取り。小糸小学校まで徒歩４分。おどやまで徒歩５分,880.0,8800000,千葉県君津市中島,千葉県,君津市 (亀山湖/笹川渓谷・東京75分),35.3031928232827,139.95708434612,23.0,0,1,ＪＲ内房線「君津」車7.3km,君津,drive,7.3km,18,70,88,5LDK,,106.86,297.17,1972,1972年12月,residential,,バルコニー,,https://img01.suumo.com/jj/resizeImage?src=gazo%2Fbukken%2F030%2FN010000%2Fimg%2F409%2F74935409%2F74935409_0009.jpg&w=192&h=144,10.0,5.0,-16.0,6.0,8.0,16.0,discovered,,2026-10-03T15:48:38.408960,2026-10-03T15:48:38.408960,0,,,1,,0,clear
suumo_20712757,suumo,https://suumo.jp/chukoikkodate/chiba/sc_kimitsu/nc_20712757/,安心・安全のオール電化仕様。敷地広々127坪、５台以上駐車可。,980.0,9800000,千葉県君津市大山野,千葉県,君津市 (亀山湖/笹川渓谷・東京75分),35.2844006988056,139.925398956056,29.5,0,1,ＪＲ内房線「君津」車6.8km,君津,drive,6.8km,16,70,86,5LDK+S（納戸）,,140.0,422.72,1965,1965年1月,residential,,,,https://img01.suumo.com/jj/resizeImage?src=gazo%2Fbukken%2F030%2FN010000%2Fimg%2F757%2F20712757%2F20712757_0001.jpg&w=192&h=144,10.0,5.0,-16.0,6.0,8.0,16.0,discovered,,2026-10-03T15:48:42.037202,2026-10-03T15:48:42.037202,0,,,1,,0,clear
suumo_21656498,suumo,https://suumo.jp/chukoikkodate/chiba/sc_kimitsu/nc_21656498/,国道127号線や充実した商業施設にアクセスの良い生活便利な好立地。,980.0,9800000,千葉県君津市内蓑輪,千葉県,君津市 (亀山湖/笹川渓谷・東京75分),35.3273032002288,139.93196590418,27.8,0,1,ＪＲ内房線「君津」車3.9km,君津,drive,3.9km,10,70,80,5LDK+S（納戸）,,129.72,265.33,1983,1983年6月,residential,,,,https://img01.suumo.com/jj/resizeImage?src=gazo%2Fbukken%2F030%2FN010000%2Fimg%2F498%2F21656498%2F21656498_0001.jpg&w=192&h=144,10.0,5.0,-16.0,6.0,8.0,16.0,discovered,,2026-10-03T15:48:46.105631,2026-10-03T15:48:46.105631,0,,,1,,0,clear
suumo_76672341,suumo,https://suumo.jp/chukoikkodate/shizuoka/sc_kamogun/nc_76672341/,手石 280万円,280.0,2800000,静岡県賀茂郡南伊豆町手石,静岡県,賀茂郡 (東伊豆/河津/南伊豆),34.6374664057296,138.884046051028,3.9,0,1,伊豆急行「伊豆急下田」バス30分停歩8分,伊豆急下田,bus,バス30分,30,170,200,5LDK,,57.95,330.0,1972,1972年7月,residential,,バルコニー,,https://img01.suumo.com/jj/resizeImage?src=gazo%2Fbukken%2F050%2FN010000%2Fimg%2F341%2F76672341%2F76672341_0001.jpg&w=192&h=144,22.0,5.0,-16.0,1.0,0.0,15.0,discovered,,2026-09-30T00:01:11.360939,2026-10-01T23:38:18.579101,0,,,1,,0,clear
suumo_21569114,suumo,https://suumo.jp/chukoikkodate/nagano/sc_suwagun/nc_21569114/,【見学会開催】自社売主物件につき随時内覧可能です。,649.0,6490000,長野県諏訪郡下諏訪町町屋敷2114-13,長野県,諏訪郡 (富士見町/原村・八ヶ岳高原),36.100572804748,138.093737563026,923.1,1,0,ＪＲ中央線「下諏訪」車4km,下諏訪,drive,4.0km,10,140,150,5DK+S（納戸）,,120.07,228.57,1987,1987年3月,residential,,,,https://img01.suumo.com/jj/resizeImage?src=gazo%2Fbukken%2F040%2FN010000%2Fimg%2F114%2F21569114%2F21569114_0001.jpg&w=192&h=144,14.0,5.0,-17.0,6.0,4.0,15.0,discovered,,2026-10-01T23:03:03.172782,2026-10-01T23:38:18.579101,0,,,1,,0,steep_slope
suumo_21168729,suumo,https://suumo.jp/chukoikkodate/shizuoka/sc_numazu/nc_21168729/,戸田 400万円,400.0,4000000,静岡県沼津市戸田,静岡県,沼津市 (戸田/駿河湾),34.9786540334706,138.7764694525,2.8,0,0,東海バス「戸田」徒歩10分,戸田,bus,,10,100,110,5DK,,100.94,67.35,1969,1969年9月,ocean,海一望/オーシャンビュー,"バルコニー, テラス",,https://img01.suumo.com/jj/resizeImage?src=gazo%2Fbukken%2F050%2FN010000%2Fimg%2F729%2F21168729%2F21168729_0001.jpg&w=192&h=144,18.0,30.0,-50.0,8.0,6.0,15.0,discovered,,2026-10-01T23:27:57.756683,2026-10-01T23:38:18.579101,0,,,1,,0,compound
suumo_21013623,suumo,https://suumo.jp/chukoikkodate/hiroshima/sc_onomichi/nc_21013623/,古き良き昭和の家を、自分好みに再生できる“素材物件”,250.0,2500000,広島県尾道市向東町1240-16,広島県,尾道市 (しまなみ海道・向島/因島/生口島),34.3974239351855,133.207264009492,2.7,0,1,ＪＲ山陽本線「尾道」徒歩67分,尾道,walk,徒歩67分,67,235,302,3DK,,47.5,154.77,1961,1961年2月,residential,,,,https://img01.suumo.com/jj/resizeImage?src=gazo%2Fbukken%2F080%2FN010000%2Fimg%2F623%2F21013623%2F21013623_0001.jpg&w=192&h=144,22.0,5.0,-16.0,1.0,0.0,15.0,discovered,,2026-10-03T15:40:02.766097,2026-10-03T15:40:02.766097,0,,,1,,0,clear
suumo_74051258,suumo,https://suumo.jp/chukoikkodate/ehime/sc_imabari/nc_74051258/,今治市河南町１丁目の中古住宅が出ました！！,250.0,2500000,愛媛県今治市河南町１-4-7,愛媛県,今治市 (しまなみ海道・大三島/伯方島/大島),34.0502633653371,132.995338521381,8.0,0,1,ＪＲ予讃線「今治」徒歩23分,今治,walk,徒歩23分,23,315,338,3DK,,55.5,334.36,1949,1949年1月,residential,,,,https://img01.suumo.com/jj/resizeImage?src=gazo%2Fbukken%2F070%2FN010000%2Fimg%2F258%2F74051258%2F74051258_0001.jpg&w=192&h=144,22.0,5.0,-16.0,1.0,0.0,15.0,discovered,,2026-10-03T15:40:34.557731,2026-10-03T15:40:34.557731,0,,,1,,0,clear
suumo_21444884,suumo,https://suumo.jp/chukoikkodate/ehime/sc_imabari/nc_21444884/,閑静な住宅街に位置する2階建ての中古住宅！,380.0,3800000,愛媛県今治市五十嵐140-36,愛媛県,今治市 (しまなみ海道・大三島/伯方島/大島),34.0272705313901,132.985963767134,18.1,0,1,ＪＲ予讃線「伊予富田」徒歩37分,伊予富田,walk,徒歩37分,37,315,352,4K,,67.23,132.26,1974,1974年11月,residential,,陽当り良好,,https://img01.suumo.com/jj/resizeImage?src=gazo%2Fbukken%2F070%2FN010000%2Fimg%2F884%2F21444884%2F21444884_0001.jpg&w=192&h=144,18.0,5.0,-16.0,5.0,0.0,15.0,discovered,,2026-10-03T15:41:21.645064,2026-10-03T15:41:21.645064,0,,,1,,0,clear
suumo_77608543,suumo,https://suumo.jp/chukoikkodate/ehime/sc_imabari/nc_77608543/,移住にもおすすめ！野菜を育て、海まで歩く。田舎暮らしを楽しみませんか？,380.0,3800000,愛媛県今治市大三島町口総,愛媛県,今治市 (しまなみ海道・大三島/伯方島/大島),34.2160742131211,132.970112985969,17.5,0,0,ＪＲ予讃線「今治」バス82分停歩5分,今治,bus,バス82分,82,315,397,4DK,,76.03,408.56,1971,1971年4月,residential,,通風,,https://img01.suumo.com/jj/resizeImage?src=gazo%2Fbukken%2F070%2FN010000%2Fimg%2F543%2F77608543%2F77608543_0001.jpg&w=192&h=144,18.0,25.0,-32.0,1.0,0.0,15.0,discovered,,2026-10-03T15:41:28.185301,2026-10-03T15:41:28.185301,0,,,1,,0,debris_flow
suumo_20214382,suumo,https://suumo.jp/chukoikkodate/hiroshima/sc_mihara/nc_20214382/,平成元年建築の本格和風の家！７LDKのゆったりとした間取りで快適生活！,880.0,8800000,広島県三原市本郷南１,広島県,三原市 (瀬戸内海沿岸・佐木島),34.4071863644385,133.011779386454,8.9,0,1,ＪＲ山陽本線「本郷」徒歩30分,本郷,walk,徒歩30分,30,240,270,7LDK,,204.6,384.0,1989,1989年11月,residential,,"南向き, 陽当り良好, 通風, 平坦地",,https://img01.suumo.com/jj/resizeImage?src=gazo%2Fbukken%2F080%2FN010000%2Fimg%2F382%2F20214382%2F20214382_0001.jpg&w=192&h=144,10.0,5.0,-16.0,13.0,0.0,15.0,discovered,,2026-10-03T15:43:05.038337,2026-10-03T15:43:05.038337,0,,,1,,0,clear
suumo_20951033,suumo,https://suumo.jp/chukoikkodate/hiroshima/sc_mihara/nc_20951033/,店舗付住宅♪部屋数多いです☆シャッター付ビルトインガレージ有♪,598.0,5980000,広島県三原市本郷南６,広島県,三原市 (瀬戸内海沿岸・佐木島),34.4101915526737,132.98282432116,8.5,0,1,ＪＲ山陽本線「本郷」徒歩5分,本郷,walk,徒歩5分,5,240,245,8DK+S（納戸）,,220.19,168.0,1990,1990年10月,residential,,"バルコニー, 平坦地",,https://img01.suumo.com/jj/resizeImage?src=gazo%2Fbukken%2F080%2FN010000%2Fimg%2F033%2F20951033%2F20951033_0002.jpg&w=192&h=144,14.0,5.0,-16.0,9.0,0.0,15.0,discovered,,2026-10-03T15:43:53.987290,2026-10-03T15:43:53.987290,0,,,1,,0,clear
suumo_78209340,suumo,https://suumo.jp/chukoikkodate/hiroshima/sc_takehara/nc_78209340/,陽だまりに広がる600坪、山と空を味わう暮らし　自然と街のバランスがちょうど,980.0,9800000,広島県竹原市吉名町,広島県,竹原市 (安芸の小京都・瀬戸内海),34.3242009138663,132.882339973724,-0.2,0,1,ＪＲ呉線「吉名」徒歩26分,吉名,walk,徒歩26分,26,240,266,5DK,,108.4,2077.17,1967,1967年6月,residential,,"南向き, 陽当り良好, 平坦地",,https://img01.suumo.com/jj/resizeImage?src=gazo%2Fbukken%2F080%2FN010000%2Fimg%2F340%2F78209340%2F78209340_0030.jpg&w=192&h=144,10.0,5.0,-16.0,13.0,0.0,15.0,discovered,,2026-10-03T15:45:21.444434,2026-10-03T15:45:21.444434,0,,,1,,0,clear
suumo_78638526,suumo,https://suumo.jp/chukoikkodate/shizuoka/sc_shimoda/nc_78638526/,須崎（伊豆急下田駅） 320万円,320.0,3200000,静岡県下田市須崎,静岡県,下田市 (南伊豆・白浜/吉佐美/外浦海岸),34.6593415075419,138.967875001896,35.3,0,0,伊豆急行「伊豆急下田」徒歩58分,伊豆急下田,walk,徒歩58分,58,165,223,5K,,92.68,93.06,1967,1967年10月,ocean,海一望/オーシャンビュー,"南向き, 陽当り良好",,https://img01.suumo.com/jj/resizeImage?src=gazo%2Fbukken%2F050%2FN010000%2Fimg%2F526%2F78638526%2F78638526_0001.jpg&w=192&h=144,22.0,30.0,-48.0,8.0,0.0,15.0,discovered,,2026-10-03T15:45:45.248923,2026-10-03T15:45:45.248923,0,,,1,,0,steep_slope
suumo_21081493,suumo,https://suumo.jp/chukoikkodate/chiba/sc_choseigun/nc_21081493/,◆給湯 ◆浴室に窓 ◆土地300坪以上 ◆寝室8帖以上 ◆一部フローリング,780.0,7800000,千葉県長生郡白子町北日当,千葉県,長生郡 (一宮/白子/長南),35.4697313626226,140.361960254823,4.2,0,1,ＪＲ外房線「本納」バス17分停歩19分,本納,bus,バス17分,17,100,117,5LDK,,115.93,991.94,1980,1980年8月,residential,,,,https://img01.suumo.com/jj/resizeImage?src=gazo%2Fbukken%2F030%2FN010000%2Fimg%2F493%2F21081493%2F21081493_0001.jpg&w=192&h=144,10.0,5.0,-16.0,6.0,6.0,14.0,discovered,,2026-10-01T23:29:14.370718,2026-10-01T23:38:18.579101,0,,,1,,0,clear
suumo_21079591,suumo,https://suumo.jp/chukoikkodate/ehime/sc_imabari/nc_21079591/,～閑静な住宅街で前面道路広め～,380.0,3800000,愛媛県今治市五十嵐,愛媛県,今治市 (しまなみ海道・大三島/伯方島/大島),34.0280326220312,132.985665462384,17.2,0,1,ＪＲ予讃線「伊予富田」徒歩38分,伊予富田,walk,徒歩38分,38,315,353,4DK,,67.23,132.26,1974,1974年11月,residential,,平坦地,,https://img01.suumo.com/jj/resizeImage?src=gazo%2Fbukken%2F070%2FN010000%2Fimg%2F591%2F21079591%2F21079591_0001.jpg&w=192&h=144,18.0,5.0,-16.0,4.0,0.0,14.0,discovered,,2026-10-03T15:41:24.309705,2026-10-03T15:41:24.309705,0,,,1,,0,clear
suumo_20724871,suumo,https://suumo.jp/chukoikkodate/ehime/sc_imabari/nc_20724871/,閑静な住宅地の中に両隣が密集していない物件が出ました！,480.0,4800000,愛媛県今治市町谷,愛媛県,今治市 (しまなみ海道・大三島/伯方島/大島),34.0227505029751,133.000308514911,17.2,0,1,ＪＲ予讃線「伊予桜井」徒歩44分,伊予桜井,walk,徒歩44分,44,315,359,4DK,,88.87,154.71,1978,1978年11月,residential,,,,https://img01.suumo.com/jj/resizeImage?src=gazo%2Fbukken%2F070%2FN010000%2Fimg%2F871%2F20724871%2F20724871_0001.jpg&w=192&h=144,18.0,5.0,-16.0,4.0,0.0,14.0,discovered,,2026-10-03T15:42:04.623675,2026-10-03T15:42:04.623675,0,,,1,,0,clear
suumo_77996972,suumo,https://suumo.jp/chukoikkodate/ehime/sc_imabari/nc_77996972/,今治市南鳥生町1丁目の中古住宅が出ました！！,500.0,5000000,愛媛県今治市南鳥生町１-２－１６,愛媛県,今治市 (しまなみ海道・大三島/伯方島/大島),34.0555021837842,133.012310285531,2.5,0,1,ＪＲ予讃線「今治」バス15分停歩10分,今治,bus,バス15分,15,315,330,7LDK+S（納戸）,,87.53,165.45,1974,1974年10月,residential,,通風,,https://img01.suumo.com/jj/resizeImage?src=gazo%2Fbukken%2F070%2FN010000%2Fimg%2F972%2F77996972%2F77996972_0001.jpg&w=192&h=144,18.0,5.0,-16.0,4.0,0.0,14.0,discovered,,2026-10-03T15:42:28.002680,2026-10-03T15:42:28.002680,0,,,1,,0,clear
suumo_21089950,suumo,https://suumo.jp/chukoikkodate/tochigi/sc_nasushiobara/nc_21089950/,板室（高久駅） 120万円,120.0,1200000,栃木県那須塩原市板室,栃木県,那須塩原市 (那須高原・新幹線70分),37.0668483649575,139.923713216503,537.3,1,0,ＪＲ東北本線「高久」徒歩99分,高久,walk,徒歩99分,99,100,199,2DK,,46.37,315.0,1974,1974年1月,residential,,"ウッドデッキ, バルコニー",,https://img01.suumo.com/jj/resizeImage?src=gazo%2Fbukken%2F030%2FN010000%2Fimg%2F950%2F21089950%2F21089950_0001.jpg&w=192&h=144,25.0,5.0,-22.0,3.0,0.0,14.0,discovered,,2026-10-03T15:46:46.971579,2026-10-03T15:46:46.971579,0,,,1,,0,compound
suumo_21287222,suumo,https://suumo.jp/chukoikkodate/chiba/sc_tateyama/nc_21287222/,犬石 800万円,800.0,8000000,千葉県館山市犬石,千葉県,館山市,34.9339377541219,139.838788458512,22.7,0,1,ＪＲ内房線「館山」車10km,館山,drive,10.0km,24,110,134,2LDK,,62.82,172.0,1977,1977年5月,residential,,"南向き, 陽当り良好",,https://img01.suumo.com/jj/resizeImage?src=gazo%2Fbukken%2F030%2FN010000%2Fimg%2F222%2F21287222%2F21287222_0001.jpg&w=192&h=144,10.0,5.0,-16.0,5.0,6.0,13.0,discovered,,2026-09-29T23:16:33.894721,2026-10-01T23:38:18.579101,0,,,1,,0,clear
suumo_77662452,suumo,https://suumo.jp/chukoikkodate/chiba/sc_kamogawa/nc_77662452/,海の見える物件♪眺望良好！海まで徒歩で約４分,680.0,6800000,千葉県鴨川市貝渚,千葉県,鴨川市,35.0954110631909,140.104388000499,13.4,0,0,ＪＲ外房線「安房鴨川」車1.8km,安房鴨川,drive,1.8km,5,120,125,4LDK,,96.04,218.43,1978,1978年5月,ocean,海一望/オーシャンビュー,バルコニー,,https://img01.suumo.com/jj/resizeImage?src=gazo%2Fbukken%2F030%2FN010000%2Fimg%2F452%2F77662452%2F77662452_0001.jpg&w=192&h=144,14.0,30.0,-44.0,4.0,6.0,13.0,discovered,,2026-09-30T00:02:48.253166,2026-10-01T23:38:18.579101,0,,,1,,0,deep_landslide
suumo_21201886,suumo,https://suumo.jp/chukoikkodate/shizuoka/sc_tagatagun/nc_21201886/,平井 290万円,290.0,2900000,静岡県田方郡函南町平井,静岡県,田方郡 (函南町/南箱根),35.0892385696143,138.964847918779,40.8,1,0,東海道新幹線「熱海」車13km,熱海,drive,13.0km,30,45,75,2DK,,49.68,378.0,1978,1978年3月,residential,,通風,,https://img01.suumo.com/jj/resizeImage?src=gazo%2Fbukken%2F050%2FN010000%2Fimg%2F886%2F21201886%2F21201886_0001.jpg&w=192&h=144,22.0,5.0,-22.0,1.0,10.0,13.0,discovered,,2026-10-01T23:01:54.006809,2026-10-01T23:38:18.579101,10924,"Hot Spring: ¥2,530/mo / HOA / Fee: ¥6,194/mo (¥74,327/yr) / Water Base: ¥2,200/mo",Likely Cliff Edge,1,階段アクセスあり,0,steep_slope
suumo_21379834,suumo,https://suumo.jp/chukoikkodate/chiba/sc_choseigun/nc_21379834/,◆エアコン ◆天袋 ◆土地70坪以上 ◆洗面台 ◆押入,680.0,6800000,千葉県長生郡白子町幸治,千葉県,長生郡 (一宮/白子/長南),35.4238866391374,140.391989332106,1.3,0,1,ＪＲ外房線「八積」バス10分停歩6分,八積,bus,バス10分,10,100,110,3LDK,,79.9,261.64,1994,1994年7月,residential,,バルコニー,,https://img01.suumo.com/jj/resizeImage?src=gazo%2Fbukken%2F030%2FN010000%2Fimg%2F834%2F21379834%2F21379834_0001.jpg&w=192&h=144,14.0,5.0,-16.0,1.0,6.0,13.0,discovered,,2026-10-01T23:28:46.954794,2026-10-01T23:38:18.579101,0,,,1,,0,clear
suumo_73209962,suumo,https://suumo.jp/chukoikkodate/shizuoka/sc_kamogun/nc_73209962/,☆　緑豊かな場所にあります。　　→自然を身近に感じる事が出来ます。,980.0,9800000,静岡県賀茂郡西伊豆町仁科,静岡県,賀茂郡 (東伊豆/河津/南伊豆),34.7770252078055,138.769144779594,3.0,0,1,伊豆急行「稲梓」バス40分停歩22分,稲梓,bus,バス40分,40,120,160,5LDK,,140.18,307.5,1993,1993年3月,residential,,バルコニー,,https://img01.suumo.com/jj/resizeImage?src=gazo%2Fbukken%2F050%2FN010000%2Fimg%2F962%2F73209962%2F73209962_0001.jpg&w=192&h=144,10.0,5.0,-16.0,6.0,4.0,12.0,discovered,,2026-09-30T00:01:53.336905,2026-10-01T23:38:18.579101,0,,,1,,0,clear
suumo_77219342,suumo,https://suumo.jp/chukoikkodate/ehime/sc_imabari/nc_77219342/,市街地に位置した前面道路が広い中古物件です！5DK＋店舗、車庫も併設♪,550.0,5500000,愛媛県今治市松本町２,愛媛県,今治市 (しまなみ海道・大三島/伯方島/大島),34.0637309301403,133.001221081678,2.9,0,1,ＪＲ予讃線「今治」徒歩14分,今治,walk,徒歩14分,14,315,329,5DK+S（納戸）,,128.85,119.0,1970,1970年10月,residential,,,,https://img01.suumo.com/jj/resizeImage?src=gazo%2Fbukken%2F070%2FN010000%2Fimg%2F342%2F77219342%2F77219342_0001.jpg&w=192&h=144,14.0,5.0,-16.0,6.0,0.0,12.0,discovered,,2026-10-03T15:42:41.394332,2026-10-03T15:42:41.394332,0,,,1,,0,clear
suumo_21780203,suumo,https://suumo.jp/chukoikkodate/hiroshima/sc_mihara/nc_21780203/,【見学会開催】9月30日まで現況販売／延床60坪超えの本格和風住宅。,949.0,9490000,広島県三原市本郷南１-15-1,広島県,三原市 (瀬戸内海沿岸・佐木島),34.4079745958798,133.0095404929,8.2,0,1,ＪＲ山陽本線「本郷」徒歩28分,本郷,walk,徒歩28分,28,240,268,7LDK,,204.6,384.0,1989,1989年11月,residential,,陽当り良好,,https://img01.suumo.com/jj/resizeImage?src=gazo%2Fbukken%2F080%2FN010000%2Fimg%2F203%2F21780203%2F21780203_0005.jpg&w=192&h=144,10.0,5.0,-16.0,10.0,0.0,12.0,discovered,,2026-10-03T15:44:04.115668,2026-10-03T15:44:04.115668,0,,,1,,0,clear
suumo_20619160,suumo,https://suumo.jp/chukoikkodate/hiroshima/sc_fukuyama/nc_20619160/,◆東向きで日当たり良好◆広々間取り◆駐車2台可,850.0,8500000,広島県福山市水呑町1037-1,広島県,福山市 (鞆の浦・瀬戸内海沿岸),34.4526214076241,133.37781279403,0.9,0,1,トモテツバス「水呑」徒歩10分,水呑,bus,,10,240,250,7LDK+S（納戸）,,135.93,207.06,1967,1967年3月,residential,,南向き,,https://img01.suumo.com/jj/resizeImage?src=gazo%2Fbukken%2F080%2FN010000%2Fimg%2F160%2F20619160%2F20619160_0027.jpg&w=192&h=144,10.0,5.0,-16.0,10.0,0.0,12.0,discovered,,2026-10-03T15:44:54.506880,2026-10-03T15:44:54.506880,0,,,1,,0,clear
suumo_20304987,suumo,https://suumo.jp/chukoikkodate/chiba/sc_choshi/nc_20304987/,名洗町 970万円,970.0,9700000,千葉県銚子市名洗町,千葉県,銚子市 (屏風ヶ浦・犬吠埼オーシャンビュー),35.7121697353103,140.837379175331,5.3,0,1,銚子電気鉄道「観音」バス9分停歩14分,観音,bus,バス9分,9,110,119,3LDK,,92.74,188.42,1973,1973年4月,residential,,,,https://img01.suumo.com/jj/resizeImage?src=gazo%2Fbukken%2F030%2FN010000%2Fimg%2F987%2F20304987%2F20304987_0001.jpg&w=192&h=144,10.0,5.0,-16.0,4.0,6.0,12.0,discovered,,2026-10-03T15:49:48.501114,2026-10-03T15:49:48.501114,0,,,1,,0,clear
suumo_21552915,suumo,https://suumo.jp/chukoikkodate/shizuoka/sc_kamogun/nc_21552915/,石廊崎 500万円,500.0,5000000,静岡県賀茂郡南伊豆町石廊崎,静岡県,賀茂郡 (東伊豆/河津/南伊豆),34.6105820490119,138.842775986362,4.0,0,0,伊豆急行「伊豆急下田」バス40分停歩1分,伊豆急下田,bus,バス40分,40,170,210,6DK,,190.79,580.37,1972,1972年1月,ocean,海一望/オーシャンビュー,"陽当り良好, 通風",,https://img01.suumo.com/jj/resizeImage?src=gazo%2Fbukken%2F050%2FN010000%2Fimg%2F915%2F21552915%2F21552915_0012.jpg&w=192&h=144,18.0,30.0,-50.0,10.0,0.0,11.0,discovered,,2026-09-30T00:01:33.496810,2026-10-01T23:38:18.579101,0,,,1,,0,compound
suumo_21436341,suumo,https://suumo.jp/chukoikkodate/chiba/sc_kamogawa/nc_21436341/,貝渚（太海駅） 590万円,590.0,5900000,千葉県鴨川市貝渚,千葉県,鴨川市,35.0954110631909,140.104388000499,13.4,0,0,ＪＲ内房線「太海」徒歩20分,太海,walk,徒歩20分,20,100,120,7LK,,100.19,185.11,1981,1981年1月,ocean,海一望/オーシャンビュー,バルコニー,,https://img01.suumo.com/jj/resizeImage?src=gazo%2Fbukken%2F030%2FN010000%2Fimg%2F341%2F21436341%2F21436341_0004.jpg&w=192&h=144,14.0,30.0,-48.0,6.0,6.0,11.0,discovered,,2026-09-30T00:02:43.788289,2026-10-01T23:38:18.579101,0,,,1,擁壁あり,0,steep_slope
suumo_20177427,suumo,https://suumo.jp/chukoikkodate/ehime/sc_imabari/nc_20177427/,閑静な住宅地に、4SDKの平屋建ての物件が出ました！高台で安心感。,450.0,4500000,愛媛県今治市桜井団地１-26-6,愛媛県,今治市 (しまなみ海道・大三島/伯方島/大島),34.0264920430011,133.018693137864,15.4,0,1,ＪＲ予讃線「伊予富田」徒歩22分,伊予富田,walk,徒歩22分,22,315,337,4DK+S（納戸）,,55.68,180.25,1969,1969年3月,residential,,,,https://img01.suumo.com/jj/resizeImage?src=gazo%2Fbukken%2F070%2FN010000%2Fimg%2F427%2F20177427%2F20177427_0001.jpg&w=192&h=144,18.0,5.0,-16.0,1.0,0.0,11.0,discovered,,2026-10-03T15:41:57.761643,2026-10-03T15:41:57.761643,0,,,1,,0,clear
suumo_77126702,suumo,https://suumo.jp/chukoikkodate/ehime/sc_imabari/nc_77126702/,部屋数の多い、平屋物件です！,450.0,4500000,愛媛県今治市桜井１,愛媛県,今治市 (しまなみ海道・大三島/伯方島/大島),34.0243961435428,133.040901760234,2.6,0,1,ＪＲ予讃線「伊予桜井」徒歩20分,伊予桜井,walk,徒歩20分,20,315,335,6DK,,77.28,476.03,1963,1963年3月,residential,,,,https://img01.suumo.com/jj/resizeImage?src=gazo%2Fbukken%2F070%2FN010000%2Fimg%2F702%2F77126702%2F77126702_0001.jpg&w=192&h=144,18.0,5.0,-16.0,1.0,0.0,11.0,discovered,,2026-10-03T15:42:01.443874,2026-10-03T15:42:01.443874,0,,,1,,0,clear
suumo_21161221,suumo,https://suumo.jp/chukoikkodate/hiroshima/sc_fukuyama/nc_21161221/,◆東向きで日当たり良好◆間取り広々6DK◆駐車2台可,650.0,6500000,広島県福山市神辺町大字上竹田,広島県,福山市 (鞆の浦・瀬戸内海沿岸),34.5421439201992,133.437635691048,23.9,0,1,衣笠バス「久熊」徒歩13分,久熊,bus,,10,240,250,6DK,,78.27,149.64,1974,1974年3月,residential,,陽当り良好,,https://img01.suumo.com/jj/resizeImage?src=gazo%2Fbukken%2F080%2FN010000%2Fimg%2F221%2F21161221%2F21161221_0001.jpg&w=192&h=144,14.0,5.0,-16.0,5.0,0.0,11.0,discovered,,2026-10-03T15:44:48.484657,2026-10-03T15:44:48.484657,0,,,1,,0,clear
suumo_21370753,suumo,https://suumo.jp/chukoikkodate/shizuoka/sc_shimoda/nc_21370753/,（伊豆急下田駅） 690万円,690.0,6900000,静岡県下田市１丁目,静岡県,下田市 (南伊豆・白浜/吉佐美/外浦海岸),34.678733552827,138.942796334877,2.2,0,1,伊豆急行「伊豆急下田」徒歩3分,伊豆急下田,walk,徒歩3分,3,165,168,ワンルーム,,40.35,16.58,1985,1985年8月,residential,,,,https://img01.suumo.com/jj/resizeImage?src=gazo%2Fbukken%2F050%2FN010000%2Fimg%2F753%2F21370753%2F21370753_0001.jpg&w=192&h=144,14.0,5.0,-16.0,1.0,4.0,11.0,discovered,,2026-10-03T15:46:07.981172,2026-10-03T15:46:07.981172,0,,,1,,0,clear
suumo_21216832,suumo,https://suumo.jp/chukoikkodate/chiba/sc_choseigun/nc_21216832/,小泉（八積駅） 780万円,780.0,7800000,千葉県長生郡長生村小泉,千葉県,長生郡 (一宮/白子/長南),35.4254583752506,140.369849138949,3.0,0,1,ＪＲ外房線「八積」徒歩58分,八積,walk,徒歩58分,58,100,158,4LDK,,85.49,106.53,1993,1993年10月,residential,,バルコニー,,https://img01.suumo.com/jj/resizeImage?src=gazo%2Fbukken%2F030%2FN010000%2Fimg%2F832%2F21216832%2F21216832_0001.jpg&w=192&h=144,10.0,5.0,-16.0,4.0,4.0,10.0,discovered,,2026-10-01T23:28:56.245402,2026-10-01T23:38:18.579101,0,,,1,,0,clear
suumo_21020712,suumo,https://suumo.jp/chukoikkodate/nagano/sc_chino/nc_21020712/,北山 600万円,600.0,6000000,長野県茅野市北山,長野県,茅野市 (白樺湖/蓼科),36.0854428360333,138.214845806134,1345.0,1,0,ＪＲ中央線「茅野」車15.6km,茅野,drive,15.6km,36,125,161,ワンルーム,,43.47,1015.0,1998,1998年12月,residential,,"南向き, 開放感, 吹抜, 吹抜け, ウッドデッキ, バルコニー",,https://img01.suumo.com/jj/resizeImage?src=gazo%2Fbukken%2F040%2FN010000%2Fimg%2F712%2F21020712%2F21020712_0026.jpg&w=192&h=144,14.0,5.0,-14.0,7.0,4.0,10.0,discovered,,2026-10-01T23:29:50.263171,2026-10-01T23:38:18.579101,17068,"Maintenance: ¥12,077/mo (¥144,922/yr) / Water Base: ¥2,200/mo (¥26,400/yr) / Land Lease: ¥2,791/mo (¥33,495/yr) / Title Transfer Fee: ¥22,000",,1,,0,steep_slope
suumo_21614413,suumo,https://suumo.jp/chukoikkodate/hiroshima/sc_onomichi/nc_21614413/,閑静な住宅街に佇む♪自然光と心地よい風を取り込み、ゆったりと暮らせる住環境,699.0,6990000,広島県尾道市栗原東２,広島県,尾道市 (しまなみ海道・向島/因島/生口島),34.4170689236233,133.193971878838,40.6,1,0,ＪＲ山陽本線「尾道」徒歩26分,尾道,walk,徒歩26分,26,235,261,8DK,,154.27,362.51,1973,1973年3月,residential,,"南向き, 陽当り良好, 採光, 通風, 開放感, バルコニー",,https://img01.suumo.com/jj/resizeImage?src=gazo%2Fbukken%2F080%2FN010000%2Fimg%2F413%2F21614413%2F21614413_0005.jpg&w=192&h=144,14.0,5.0,-22.0,10.0,0.0,10.0,discovered,,2026-10-03T15:38:25.562985,2026-10-03T15:39:34.689885,0,,Likely Cliff Edge,1,擁壁あり,0,steep_slope
suumo_21036474,suumo,https://suumo.jp/chukoikkodate/ehime/sc_imabari/nc_21036474/,閑静な住宅地に位置する4DK物件です。,550.0,5500000,愛媛県今治市郷本町２,愛媛県,今治市 (しまなみ海道・大三島/伯方島/大島),34.0485547037384,132.994532607942,8.0,0,1,ＪＲ予讃線「伊予富田」徒歩24分,伊予富田,walk,徒歩24分,24,315,339,4DK,,88.72,124.49,1968,1968年5月,residential,,バルコニー,,https://img01.suumo.com/jj/resizeImage?src=gazo%2Fbukken%2F070%2FN010000%2Fimg%2F474%2F21036474%2F21036474_0001.jpg&w=192&h=144,14.0,5.0,-16.0,4.0,0.0,10.0,discovered,,2026-10-03T15:42:44.297172,2026-10-03T15:42:44.297172,0,,,1,,0,clear
suumo_78232262,suumo,https://suumo.jp/chukoikkodate/hiroshima/sc_mihara/nc_78232262/,リノベーション向きな木造2階建４LDKです！角地のため解放感があります！,550.0,5500000,広島県三原市和田３,広島県,三原市 (瀬戸内海沿岸・佐木島),34.3856116560014,133.068680240331,1.1,0,1,ＪＲ呉線「須波」徒歩35分,須波,walk,徒歩35分,35,240,275,4DK,,97.87,127.55,1987,1987年6月,residential,,開放感,,https://img01.suumo.com/jj/resizeImage?src=gazo%2Fbukken%2F080%2FN010000%2Fimg%2F262%2F78232262%2F78232262_0001.jpg&w=192&h=144,14.0,5.0,-16.0,4.0,0.0,10.0,discovered,,2026-10-03T15:43:46.006060,2026-10-03T15:43:46.006060,0,,,1,,0,clear
suumo_21820853,suumo,https://suumo.jp/chukoikkodate/hiroshima/sc_mihara/nc_21820853/,宮沖４（三原駅） 980万円,980.0,9800000,広島県三原市宮沖４-7-12,広島県,三原市 (瀬戸内海沿岸・佐木島),34.3922626346814,133.073710846102,0.6,0,1,ＪＲ山陽本線「三原」徒歩21分,三原,walk,徒歩21分,21,230,251,2LDK+S（納戸）,,72.26,53.05,2002,2002年12月,residential,,"南向き, 陽当り良好, バルコニー, 平坦地",,https://img01.suumo.com/jj/resizeImage?src=gazo%2Fbukken%2F080%2FN010000%2Fimg%2F853%2F21820853%2F21820853_0001.jpg&w=192&h=144,10.0,5.0,-16.0,8.0,0.0,10.0,discovered,,2026-10-03T15:44:06.823963,2026-10-03T15:44:06.823963,0,,,1,,0,clear
suumo_20935460,suumo,https://suumo.jp/chukoikkodate/shizuoka/sc_tagatagun/nc_20935460/,平井 580万円,580.0,5800000,静岡県田方郡函南町平井,静岡県,田方郡 (函南町/南箱根),35.0813555158485,139.012856036972,496.1,1,0,ＪＲ東海道本線「熱海」車13km,熱海,drive,13.0km,30,45,75,ワンルーム,,34.99,269.0,1992,1992年1月,residential,,"開放感, 吹抜, 吹抜け, バルコニー",,https://img01.suumo.com/jj/resizeImage?src=gazo%2Fbukken%2F050%2FN010000%2Fimg%2F460%2F20935460%2F20935460_0001.jpg&w=192&h=144,14.0,5.0,-20.0,3.0,10.0,9.0,discovered,,2026-10-01T23:02:19.571642,2026-10-01T23:38:18.579101,10274,"Hot Spring: ¥2,530/mo / HOA / Fee: ¥5,544/mo (¥66,528/yr) / Water Base: ¥2,200/mo",Likely Cliff Edge,1,がけ条例適用,0,steep_slope
suumo_21847698,suumo,https://suumo.jp/chukoikkodate/hiroshima/sc_fukuyama/nc_21847698/,道上エリア♪駅徒歩約4分！駐車3台可能、子育て世帯にも暮らしやすい住環境,900.0,9000000,広島県福山市神辺町字道上707-8,広島県,福山市 (鞆の浦・瀬戸内海沿岸),34.5533838701019,133.359714940112,11.4,0,1,ＪＲ福塩線「道上」徒歩4分,道上,walk,徒歩4分,4,240,244,4DK,,90.48,146.07,1995,1995年3月,residential,,"開放感, バルコニー, 平坦地",,https://img01.suumo.com/jj/resizeImage?src=gazo%2Fbukken%2F080%2FN010000%2Fimg%2F698%2F21847698%2F21847698_0008.jpg&w=192&h=144,10.0,5.0,-16.0,7.0,0.0,9.0,discovered,,2026-10-03T15:45:01.488740,2026-10-03T15:45:01.488740,0,,,1,,0,clear
suumo_76581374,suumo,https://suumo.jp/chukoikkodate/shizuoka/sc_ito/nc_76581374/,宇佐美 490万円,490.0,4900000,静岡県伊東市宇佐美,静岡県,伊東市,35.0058929849277,139.08146361578,9.1,0,1,ＪＲ伊東線「宇佐美」車4.3km,宇佐美,drive,4.3km,11,95,106,3K,,45.53,319.0,1983,1983年11月,residential,,,,https://img01.suumo.com/jj/resizeImage?src=gazo%2Fbukken%2F050%2FN010000%2Fimg%2F374%2F76581374%2F76581374_0001.jpg&w=192&h=144,18.0,5.0,-16.0,1.0,6.0,8.0,discovered,,2026-09-29T23:15:54.309450,2026-10-01T23:38:18.579101,27720,"Hot Spring: ¥15,510/mo (¥186,120/yr) / Maintenance: ¥9,460/mo (¥113,520/yr) / Water Base: ¥2,750/mo (¥33,000/yr)",,1,,0,clear
suumo_20489854,suumo,https://suumo.jp/chukoikkodate/chiba/sc_minamiboso/nc_20489854/,■■■海の近くの日本家屋■■■,588.0,5880000,千葉県南房総市千倉町牧田,千葉県,南房総市,34.9752336405574,139.952879122013,25.4,0,0,ＪＲ内房線「千倉」徒歩7分,千倉,walk,徒歩7分,7,130,137,8LDK,,173.6,343.86,1971,1971年12月,residential,,"南向き, 陽当り良好, バルコニー",,https://img01.suumo.com/jj/resizeImage?src=gazo%2Fbukken%2F030%2FN010000%2Fimg%2F854%2F20489854%2F20489854_0023.jpg&w=192&h=144,14.0,25.0,-48.0,10.0,4.0,8.0,discovered,,2026-09-29T23:16:07.818386,2026-10-01T23:38:18.579101,0,,,1,擁壁あり,0,steep_slope
suumo_21782603,suumo,https://suumo.jp/chukoikkodate/shizuoka/sc_kamogun/nc_21782603/,妻良 850万円,850.0,8500000,静岡県賀茂郡南伊豆町妻良,静岡県,賀茂郡 (東伊豆/河津/南伊豆),34.6517778352823,138.806411477921,73.0,1,0,伊豆急行「伊豆急下田」バス41分停歩2分,伊豆急下田,bus,バス41分,41,170,211,3LDK,,112.54,377.0,1992,1992年8月,residential,,"南向き, 陽当り良好, ウッドデッキ",,https://img01.suumo.com/jj/resizeImage?src=gazo%2Fbukken%2F050%2FN010000%2Fimg%2F603%2F21782603%2F21782603_0001.jpg&w=192&h=144,10.0,5.0,-22.0,12.0,0.0,8.0,discovered,,2026-09-30T00:01:49.284397,2026-10-01T23:38:18.579101,0,,,1,,0,steep_slope
suumo_20338645,suumo,https://suumo.jp/chukoikkodate/hiroshima/sc_mihara/nc_20338645/,【角地×4LDK】角地のため解放感があります！日当たり良好な4LDK!,980.0,9800000,広島県三原市沼田東町末広315-284,広島県,三原市 (瀬戸内海沿岸・佐木島),34.3910383209597,133.011293968043,27.1,0,1,ＪＲ山陽本線「本郷」徒歩75分,本郷,walk,徒歩75分,75,240,315,4LDK,,141.94,271.0,1985,1985年9月,residential,,"通風, バルコニー",,https://img01.suumo.com/jj/resizeImage?src=gazo%2Fbukken%2F080%2FN010000%2Fimg%2F645%2F20338645%2F20338645_0001.jpg&w=192&h=144,10.0,5.0,-16.0,6.0,0.0,8.0,discovered,,2026-10-03T15:44:10.056305,2026-10-03T15:44:10.056305,0,,,1,,0,clear
suumo_76563853,suumo,https://suumo.jp/chukoikkodate/shizuoka/sc_shimoda/nc_76563853/,大賀茂 680万円,680.0,6800000,静岡県下田市大賀茂,静岡県,下田市 (南伊豆・白浜/吉佐美/外浦海岸),34.6764744551369,138.91682693704,23.8,0,1,伊豆急行「伊豆急下田」バス13分停歩6分,伊豆急下田,bus,バス13分,13,165,178,2LDK,,79.55,1204.03,1981,1981年11月,residential,,,,https://img01.suumo.com/jj/resizeImage?src=gazo%2Fbukken%2F050%2FN010000%2Fimg%2F853%2F76563853%2F76563853_0001.jpg&w=192&h=144,14.0,5.0,-16.0,1.0,4.0,8.0,discovered,,2026-10-03T15:46:04.547540,2026-10-03T15:46:04.547540,4583,"Maintenance: ¥4,583/mo (¥55,000/yr) / Membership Fee: ¥30,000",,1,,0,clear
suumo_77432555,suumo,https://suumo.jp/chukoikkodate/chiba/sc_choshi/nc_77432555/,春日町（銚子駅） 900万円,900.0,9000000,千葉県銚子市春日町,千葉県,銚子市 (屏風ヶ浦・犬吠埼オーシャンビュー),35.7217347797454,140.809653618599,47.1,1,0,ＪＲ総武本線「銚子」徒歩18分,銚子,walk,徒歩18分,18,110,128,6DKK,,142.42,472.57,1991,1991年7月,residential,,採光,,https://img01.suumo.com/jj/resizeImage?src=gazo%2Fbukken%2F030%2FN010000%2Fimg%2F555%2F77432555%2F77432555_0001.jpg&w=192&h=144,10.0,5.0,-22.0,6.0,6.0,8.0,discovered,,2026-10-03T15:49:42.499435,2026-10-03T15:49:42.499435,0,,Likely Cliff Edge,1,急傾斜地,0,steep_slope
suumo_74889310,suumo,https://suumo.jp/chukoikkodate/shizuoka/sc_kamogun/nc_74889310/,奈良本 980万円,980.0,9800000,静岡県賀茂郡東伊豆町奈良本,静岡県,賀茂郡 (東伊豆/河津/南伊豆),34.8165639825062,139.071273296995,16.2,0,1,伊豆急行「伊豆熱川」車3.3km,伊豆熱川,drive,3.3km,9,140,149,3LDK+S（納戸）,,131.72,614.68,1990,1990年8月,residential,,"南向き, 陽当り良好, バルコニー",,https://img01.suumo.com/jj/resizeImage?src=gazo%2Fbukken%2F050%2FN010000%2Fimg%2F310%2F74889310%2F74889310_0099.jpg&w=192&h=144,10.0,5.0,-16.0,10.0,4.0,7.0,discovered,,2026-09-30T00:01:56.522538,2026-10-01T23:38:18.579101,22000,"Town / Community: ¥6,600/mo / Hot Spring: ¥8,800/mo / Maintenance: ¥6,600/mo / Hot Spring Transfer Fee: ¥110,000",,1,,0,clear
suumo_20153688,suumo,https://suumo.jp/chukoikkodate/ehime/sc_imabari/nc_20153688/,利便性の良い立地に位置する整形地の角地物件です！,530.0,5300000,愛媛県今治市横田町２-1-14,愛媛県,今治市 (しまなみ海道・大三島/伯方島/大島),34.0445350682564,133.012089691789,3.7,0,1,ＪＲ予讃線「伊予富田」徒歩18分,伊予富田,walk,徒歩18分,18,315,333,3DK,,73.87,151.18,1974,1974年1月,residential,,開放感,,https://img01.suumo.com/jj/resizeImage?src=gazo%2Fbukken%2F070%2FN010000%2Fimg%2F688%2F20153688%2F20153688_0001.jpg&w=192&h=144,14.0,5.0,-16.0,1.0,0.0,7.0,discovered,,2026-10-03T15:42:34.673984,2026-10-03T15:42:34.673984,0,,,1,,0,clear
suumo_77802537,suumo,https://suumo.jp/chukoikkodate/ehime/sc_imabari/nc_77802537/,今治市野間の中古住宅が出ました！！,280.0,2800000,愛媛県今治市野間1129-9,愛媛県,今治市 (しまなみ海道・大三島/伯方島/大島),34.0645791538988,132.945529727081,17.8,0,0,ＪＲ予讃線「大西」徒歩30分,大西,walk,徒歩30分,30,315,345,5DK,,85.79,129.91,1971,1971年3月,residential,,"南向き, 陽当り良好",,https://img01.suumo.com/jj/resizeImage?src=gazo%2Fbukken%2F070%2FN010000%2Fimg%2F537%2F77802537%2F77802537_0001.jpg&w=192&h=144,22.0,5.0,-32.0,8.0,0.0,6.0,discovered,,2026-10-03T15:40:50.778933,2026-10-03T15:40:50.778933,0,,,1,,0,debris_flow
suumo_78095181,suumo,https://suumo.jp/chukoikkodate/hiroshima/sc_fukuyama/nc_78095181/,静かな住環境で、ゆったりとした暮らしを叶えたい方におすすめです！,890.0,8900000,広島県福山市幕山台４,広島県,福山市 (鞆の浦・瀬戸内海沿岸),34.5083551629683,133.443816762641,118.5,1,0,中国バス「幕山東公園」徒歩7分,幕山東公園,bus,,10,240,250,4DK,,85.29,207.23,1983,1983年5月,residential,,"陽当り良好, 通風, 開放感",,https://img01.suumo.com/jj/resizeImage?src=gazo%2Fbukken%2F080%2FN010000%2Fimg%2F181%2F78095181%2F78095181_0001.jpg&w=192&h=144,10.0,5.0,-20.0,8.0,0.0,6.0,discovered,,2026-10-03T15:44:58.614994,2026-10-03T15:44:58.614994,0,,,1,,0,steep_slope
suumo_75175166,suumo,https://suumo.jp/chukoikkodate/shizuoka/sc_atami/nc_75175166/,水口町は市営温泉の引込が可能エリアなので手続き次第で温泉が引込可能,400.0,4000000,静岡県熱海市水口町19-15,静岡県,熱海市,35.0945268347507,139.068102028161,24.7,0,0,ＪＲ伊東線「来宮」徒歩9分,来宮,walk,徒歩9分,9,100,109,7DK,,85.94,80.92,1970,1970年1月,residential,,,,https://img01.suumo.com/jj/resizeImage?src=gazo%2Fbukken%2F050%2FN010000%2Fimg%2F166%2F75175166%2F75175166_0001.jpg&w=192&h=144,18.0,5.0,-32.0,4.0,6.0,4.0,discovered,,2026-09-29T23:13:57.955399,2026-10-01T23:38:18.579101,0,"Water Rights: ¥473,000",,1,,0,debris_flow
suumo_90573378,suumo,https://suumo.jp/chukoikkodate/shizuoka/sc_ito/nc_90573378/,岡（南伊東駅） 480万円,480.0,4800000,静岡県伊東市岡,静岡県,伊東市,34.956340362009,139.093528569958,44.9,1,0,伊豆急行「南伊東」徒歩12分,南伊東,walk,徒歩12分,12,100,112,2LDK,,67.68,171.9,1966,1966年9月,residential,,"南向き, 陽当り良好, 通風, 駅徒歩圏",,https://img01.suumo.com/jj/resizeImage?src=gazo%2Fbukken%2F050%2FN010000%2Fimg%2F378%2F90573378%2F90573378_0001.jpg&w=192&h=144,18.0,5.0,-30.0,8.0,6.0,4.0,discovered,,2026-09-29T23:15:46.984785,2026-10-01T23:38:18.579101,13200,"Hot Spring: ¥13,200/mo / Hot Spring Transfer Fee: ¥550,000",,1,再建築制限あり,1,steep_slope
suumo_21471849,suumo,https://suumo.jp/chukoikkodate/shizuoka/sc_kamogun/nc_21471849/,加納 550万円,550.0,5500000,静岡県賀茂郡南伊豆町加納,静岡県,賀茂郡 (東伊豆/河津/南伊豆),34.6455217990066,138.850818269557,12.3,0,0,伊豆急行「伊豆急下田」バス30分停歩4分,伊豆急下田,bus,バス30分,30,170,200,3LDK,,91.8,231.09,1976,1976年1月,residential,,"陽当り良好, 通風, ウッドデッキ, バルコニー, 平坦地",,https://img01.suumo.com/jj/resizeImage?src=gazo%2Fbukken%2F050%2FN010000%2Fimg%2F849%2F21471849%2F21471849_0001.jpg&w=192&h=144,14.0,5.0,-32.0,13.0,0.0,3.0,discovered,,2026-09-30T00:01:42.163781,2026-10-01T23:38:18.579101,0,,,1,,0,debris_flow
suumo_21658139,suumo,https://suumo.jp/chukoikkodate/chiba/sc_kamogawa/nc_21658139/,2階から海がみえるおうち♪海まで徒歩5分♪,288.0,2880000,千葉県鴨川市貝渚2739-1,千葉県,鴨川市,35.0954110631909,140.104388000499,13.4,0,0,ＪＲ外房線「安房天津」徒歩93分,安房天津,walk,徒歩93分,93,100,193,6K,,93.28,99.28,1963,1963年1月,ocean,海一望/オーシャンビュー,,,https://img01.suumo.com/jj/resizeImage?src=gazo%2Fbukken%2F030%2FN010000%2Fimg%2F139%2F21658139%2F21658139_0018.jpg&w=192&h=144,22.0,30.0,-56.0,4.0,0.0,3.0,discovered,,2026-09-30T00:02:21.278032,2026-10-01T23:38:18.579101,0,,,1,再建築制限あり,1,steep_slope
suumo_21370901,suumo,https://suumo.jp/chukoikkodate/hiroshima/sc_mihara/nc_21370901/,ゆとりある戸建てと駐車スペースを備えた、リノベーションも楽しめる戸建住宅！,350.0,3500000,広島県三原市糸崎３-10-17,広島県,三原市 (瀬戸内海沿岸・佐木島),34.3977050239527,133.100174640376,27.2,0,0,ＪＲ山陽本線「糸崎」徒歩12分,糸崎,walk,徒歩12分,12,240,252,4LDK,,79.33,133.58,1962,1962年1月,residential,,"南向き, 陽当り良好, 通風, 開放感",,https://img01.suumo.com/jj/resizeImage?src=gazo%2Fbukken%2F080%2FN010000%2Fimg%2F901%2F21370901%2F21370901_0006.jpg&w=192&h=144,22.0,5.0,-32.0,5.0,0.0,3.0,discovered,,2026-10-03T15:43:01.926908,2026-10-03T15:43:01.926908,0,,,1,,0,debris_flow
suumo_77774423,suumo,https://suumo.jp/chukoikkodate/shizuoka/sc_atami/nc_77774423/,上多賀 330万円,330.0,3300000,静岡県熱海市上多賀,静岡県,熱海市,35.0605719402342,139.070126019454,9.1,0,0,ＪＲ東海道本線「熱海」車7.6km,熱海,drive,7.6km,18,45,63,1K,,31.44,228.88,1972,1972年12月,residential,,,,https://img01.suumo.com/jj/resizeImage?src=gazo%2Fbukken%2F050%2FN010000%2Fimg%2F423%2F77774423%2F77774423_0001.jpg&w=192&h=144,22.0,5.0,-50.0,1.0,10.0,0.0,discovered,,2026-09-29T23:13:47.752232,2026-10-01T23:38:18.579101,5005,"Maintenance: ¥5,005/mo",,1,がけ条例適用,0,compound
suumo_77774422,suumo,https://suumo.jp/chukoikkodate/shizuoka/sc_atami/nc_77774422/,上多賀 400万円,400.0,4000000,静岡県熱海市上多賀,静岡県,熱海市,35.0605719402342,139.070126019454,9.1,0,0,ＪＲ東海道本線「熱海」車9.1km,熱海,drive,9.1km,22,45,67,1LDK,,40.5,189.0,1984,1984年10月,residential,,バルコニー,,https://img01.suumo.com/jj/resizeImage?src=gazo%2Fbukken%2F050%2FN010000%2Fimg%2F422%2F77774422%2F77774422_0001.jpg&w=192&h=144,18.0,5.0,-50.0,1.0,10.0,0.0,discovered,,2026-09-29T23:13:54.362261,2026-10-01T23:38:18.579101,5005,"Maintenance: ¥5,005/mo",,1,急傾斜地,0,compound
suumo_21776234,suumo,https://suumo.jp/chukoikkodate/chiba/sc_minamiboso/nc_21776234/,千倉町瀬戸（千倉駅） 680万円,680.0,6800000,千葉県南房総市千倉町瀬戸2001-11,千葉県,南房総市,34.9761398772524,139.954884662476,23.6,0,0,ＪＲ内房線「千倉」徒歩10分,千倉,walk,徒歩10分,10,130,140,2LDK,,61.64,207.48,1978,1978年11月,ocean,海一望/オーシャンビュー,通風,,https://img01.suumo.com/jj/resizeImage?src=gazo%2Fbukken%2F030%2FN010000%2Fimg%2F234%2F21776234%2F21776234_0001.jpg&w=192&h=144,14.0,30.0,-56.0,1.0,4.0,0.0,discovered,,2026-09-29T23:16:16.328535,2026-10-01T23:38:18.579101,0,,,1,再建築制限あり,1,steep_slope
suumo_21481294,suumo,https://suumo.jp/chukoikkodate/kanagawa/sc_ashigarashimogun/nc_21481294/,◆浴室に窓 ◆洗面台 ◆オープンキッチン ◆シャワー ◆キッチンに窓,350.0,3500000,神奈川県足柄下郡真鶴町岩,神奈川県,足柄下郡 (湯河原/真鶴/箱根),35.1618093766726,139.138796727982,6.7,0,0,ＪＲ東海道本線「真鶴」バス11分停歩1分,真鶴,bus,バス11分,11,80,91,4DK,,72.69,115.0,1967,1967年1月,residential,,,,https://img01.suumo.com/jj/resizeImage?src=gazo%2Fbukken%2F030%2FN010000%2Fimg%2F294%2F21481294%2F21481294_0001.jpg&w=192&h=144,22.0,5.0,-56.0,1.0,8.0,0.0,discovered,,2026-09-29T23:17:39.612357,2026-10-01T23:38:18.579101,0,,,1,再建築制限あり,1,steep_slope
suumo_21782616,suumo,https://suumo.jp/chukoikkodate/shizuoka/sc_kamogun/nc_21782616/,宇久須 400万円,400.0,4000000,静岡県賀茂郡西伊豆町宇久須,静岡県,賀茂郡 (東伊豆/河津/南伊豆),34.8522444504395,138.797294003863,33.5,0,0,伊豆急行「蓮台寺」バス2分停歩2分,蓮台寺,bus,バス2分,2,120,122,4K,,67.9,247.93,1967,1967年7月,residential,,平坦地,,https://img01.suumo.com/jj/resizeImage?src=gazo%2Fbukken%2F050%2FN010000%2Fimg%2F616%2F21782616%2F21782616_0001.jpg&w=192&h=144,18.0,5.0,-48.0,4.0,6.0,0.0,discovered,,2026-09-30T00:01:26.550599,2026-10-01T23:38:18.579101,0,,,1,,0,steep_slope
suumo_21782604,suumo,https://suumo.jp/chukoikkodate/shizuoka/sc_kamogun/nc_21782604/,一條（伊豆急下田駅） 500万円,500.0,5000000,静岡県賀茂郡南伊豆町一條,静岡県,賀茂郡 (東伊豆/河津/南伊豆),34.6730246157249,138.869712193986,34.2,0,0,伊豆急行「伊豆急下田」徒歩99分,伊豆急下田,walk,徒歩99分,99,170,269,5DK,,69.88,497.42,2019,2019年12月,river,清流/渓流沿い,,,https://img01.suumo.com/jj/resizeImage?src=gazo%2Fbukken%2F050%2FN010000%2Fimg%2F604%2F21782604%2F21782604_0001.jpg&w=192&h=144,18.0,19.0,-48.0,1.0,0.0,0.0,discovered,,2026-09-30T00:01:38.063711,2026-10-01T23:38:18.579101,0,,,1,,0,steep_slope
suumo_77274634,suumo,https://suumo.jp/chukoikkodate/chiba/sc_kamogawa/nc_77274634/,内浦 450万円,450.0,4500000,千葉県鴨川市内浦,千葉県,鴨川市,35.1261226589099,140.195817038784,4.4,0,0,ＪＲ外房線「安房小湊」バス3分停歩1分,安房小湊,bus,バス3分,3,100,103,5DK,,101.85,128.92,1973,1973年12月,residential,,,,https://img01.suumo.com/jj/resizeImage?src=gazo%2Fbukken%2F030%2FN010000%2Fimg%2F634%2F77274634%2F77274634_0047.jpg&w=192&h=144,18.0,5.0,-48.0,6.0,8.0,0.0,discovered,,2026-09-30T00:02:31.995576,2026-10-01T23:38:18.579101,0,,,1,,0,steep_slope
suumo_76577329,suumo,https://suumo.jp/chukoikkodate/chiba/sc_kamogawa/nc_76577329/,駅から徒歩3分！別荘の用途にも！使いやすい平屋建て♪,780.0,7800000,千葉県鴨川市太海,千葉県,鴨川市,35.0806492862741,140.097619557326,11.8,0,0,ＪＲ内房線「太海」徒歩3分,太海,walk,徒歩3分,3,100,103,3LDK,,85.61,152.16,1975,1975年8月,residential,,,,https://img01.suumo.com/jj/resizeImage?src=gazo%2Fbukken%2F030%2FN010000%2Fimg%2F329%2F76577329%2F76577329_0001.jpg&w=192&h=144,10.0,5.0,-56.0,4.0,8.0,0.0,discovered,,2026-09-30T00:02:52.520370,2026-10-01T23:38:18.579101,0,,,1,急傾斜地 / 再建築制限あり,1,steep_slope
suumo_76150894,suumo,https://suumo.jp/chukoikkodate/chiba/sc_katsuura/nc_76150894/,徒歩10分圏内に駅のある物件です☆,700.0,7000000,千葉県勝浦市吉尾,千葉県,勝浦市,35.1378861992058,140.286175853926,5.9,0,0,ＪＲ外房線「鵜原」徒歩10分,鵜原,walk,徒歩10分,10,100,110,8LDK,,125.14,146.84,1970,1970年12月,residential,,,,https://img01.suumo.com/jj/resizeImage?src=gazo%2Fbukken%2F030%2FN010000%2Fimg%2F894%2F76150894%2F76150894_0001.jpg&w=192&h=144,14.0,5.0,-48.0,6.0,6.0,0.0,discovered,,2026-09-30T00:03:11.701059,2026-10-01T23:38:18.579101,0,,,1,,0,steep_slope
suumo_20703810,suumo,https://suumo.jp/chukoikkodate/chiba/sc_katori/nc_20703810/,【告知事項有り】陽当たり・通風・開放感のあるおすすめの一戸建て♪,770.0,7700000,千葉県香取市玉造３,千葉県,香取市 (佐原 / 水郷・伝統商家町),35.8853471303332,140.479914641491,17.4,0,0,ＪＲ成田線「佐原」徒歩24分,佐原,walk,徒歩24分,24,75,99,5DK,,105.15,265.0,1994,1994年6月,residential,,"採光, 通風, 開放感",,https://img01.suumo.com/jj/resizeImage?src=gazo%2Fbukken%2F030%2FN010000%2Fimg%2F810%2F20703810%2F20703810_0001.jpg&w=192&h=144,10.0,5.0,-48.0,6.0,8.0,0.0,discovered,,2026-10-01T23:02:43.994023,2026-10-01T23:38:18.579101,0,,,1,,0,steep_slope
suumo_20907481,suumo,https://suumo.jp/chukoikkodate/hiroshima/sc_onomichi/nc_20907481/,向島町道越 50万円,50.0,500000,広島県尾道市向島町道越11742-1,広島県,尾道市 (しまなみ海道・向島/因島/生口島),34.3878431056493,133.176494358345,0.8,0,0,ＪＲ山陽本線「尾道」車9km,尾道,drive,9.0km,21,235,256,4DK,,59.49,99.17,,1869年1月,residential,,バルコニー,,https://img01.suumo.com/jj/resizeImage?src=gazo%2Fbukken%2F080%2FN010000%2Fimg%2F481%2F20907481%2F20907481_0001.jpg&w=192&h=144,25.0,5.0,-48.0,1.0,0.0,0.0,discovered,,2026-10-03T15:38:43.960084,2026-10-03T15:39:41.637285,0,,,1,,0,steep_slope
suumo_20705514,suumo,https://suumo.jp/chukoikkodate/hiroshima/sc_onomichi/nc_20705514/,尾道・福山・三原の不動産売却・購入のご相談は(株)タカハシへお任せくださ…,160.0,1600000,広島県尾道市日比崎町10-34,広島県,尾道市 (しまなみ海道・向島/因島/生口島),34.406240577554,133.1860989424,14.3,0,0,ＪＲ山陽本線「尾道」徒歩15分,尾道,walk,徒歩15分,15,235,250,5K+S（納戸）,,87.43,175.2,1953,1953年1月,residential,,陽当り良好,,https://img01.suumo.com/jj/resizeImage?src=gazo%2Fbukken%2F080%2FN010000%2Fimg%2F514%2F20705514%2F20705514_0001.jpg&w=192&h=144,25.0,5.0,-56.0,8.0,0.0,0.0,discovered,,2026-10-03T15:39:08.492560,2026-10-03T15:39:47.602039,0,,,1,,1,steep_slope
suumo_78894059,suumo,https://suumo.jp/chukoikkodate/ehime/sc_imabari/nc_78894059/,1階に広い店舗スペースがあり、部屋数も十分な店舗併用住宅です！,360.0,3600000,愛媛県今治市波止浜２,愛媛県,今治市 (しまなみ海道・大三島/伯方島/大島),34.10783125839,132.96579789714,20.1,0,0,ＪＲ予讃線「波止浜」徒歩13分,波止浜,walk,徒歩13分,13,315,328,7K,,177.04,115.69,1977,1977年1月,residential,,,,https://img01.suumo.com/jj/resizeImage?src=gazo%2Fbukken%2F070%2FN010000%2Fimg%2F059%2F78894059%2F78894059_0001.jpg&w=192&h=144,18.0,5.0,-48.0,6.0,0.0,0.0,discovered,,2026-10-03T15:41:17.386006,2026-10-03T15:41:17.386006,0,,,1,,0,steep_slope
suumo_21506323,suumo,https://suumo.jp/chukoikkodate/ehime/sc_imabari/nc_21506323/,古民家の趣はそのままに、オール電化で快適生活。瀬戸内の島時間を楽しめます！,380.0,3800000,愛媛県今治市大三島町明日1975、1976,愛媛県,今治市 (しまなみ海道・大三島/伯方島/大島),34.253913124796,133.002361814384,15.3,0,0,ＪＲ予讃線「今治」バス85分停歩16分,今治,bus,バス85分,85,315,400,7DK,,104.35,480.99,1969,1969年3月,residential,,,,https://img01.suumo.com/jj/resizeImage?src=gazo%2Fbukken%2F070%2FN010000%2Fimg%2F323%2F21506323%2F21506323_0001.jpg&w=192&h=144,18.0,5.0,-50.0,6.0,0.0,0.0,discovered,,2026-10-03T15:41:31.791791,2026-10-03T15:41:31.791791,0,,,1,,0,compound
suumo_21744593,suumo,https://suumo.jp/chukoikkodate/hiroshima/sc_mihara/nc_21744593/,大家族で暮らせる2階建６DKをお好みにリノベーションしてみませんか？,590.0,5900000,広島県三原市中之町４,広島県,三原市 (瀬戸内海沿岸・佐木島),34.4123309939969,133.103569111168,20.5,0,0,ＪＲ山陽本線「糸崎」徒歩48分,糸崎,walk,徒歩48分,48,240,288,6DK,,174.71,198.64,1978,1978年4月,residential,,"陽当り良好, 通風, 平坦地",,https://img01.suumo.com/jj/resizeImage?src=gazo%2Fbukken%2F080%2FN010000%2Fimg%2F593%2F21744593%2F21744593_0001.jpg&w=192&h=144,14.0,5.0,-48.0,13.0,0.0,0.0,discovered,,2026-10-03T15:42:58.885907,2026-10-03T15:42:58.885907,0,,,1,,0,steep_slope
suumo_21267991,suumo,https://suumo.jp/chukoikkodate/hiroshima/sc_mihara/nc_21267991/,平地のリノベーション向きな木造2階建４DK！駐車2台可能なのは嬉しいです♪,980.0,9800000,広島県三原市明神４,広島県,三原市 (瀬戸内海沿岸・佐木島),34.3904747207283,133.048512639221,2.4,0,0,ＪＲ山陽本線「三原」徒歩50分,三原,walk,徒歩50分,50,230,280,4DK,,88.34,133.55,1990,1990年6月,residential,,平坦地,,https://img01.suumo.com/jj/resizeImage?src=gazo%2Fbukken%2F080%2FN010000%2Fimg%2F991%2F21267991%2F21267991_0001.jpg&w=192&h=144,10.0,5.0,-48.0,7.0,0.0,0.0,discovered,,2026-10-03T15:43:09.129850,2026-10-03T15:43:09.129850,0,,,1,,0,steep_slope
suumo_78625645,suumo,https://suumo.jp/chukoikkodate/hiroshima/sc_mihara/nc_78625645/,糸崎６（糸崎駅） 300万円,300.0,3000000,広島県三原市糸崎６,広島県,三原市 (瀬戸内海沿岸・佐木島),34.3913535878758,133.112025602911,20.3,0,0,ＪＲ山陽本線「糸崎」徒歩11分,糸崎,walk,徒歩11分,11,240,251,6DK,,79.33,357.01,1955,1955年1月,residential,,,,https://img01.suumo.com/jj/resizeImage?src=gazo%2Fbukken%2F080%2FN010000%2Fimg%2F645%2F78625645%2F78625645_0001.jpg&w=192&h=144,22.0,5.0,-32.0,1.0,0.0,0.0,discovered,,2026-10-03T15:43:18.117439,2026-10-03T15:43:18.117439,0,,,1,,0,debris_flow
suumo_21464380,suumo,https://suumo.jp/chukoikkodate/hiroshima/sc_mihara/nc_21464380/,西小学校がすぐ近くにある為子育て世帯にもおススメです！,300.0,3000000,広島県三原市西宮２,広島県,三原市 (瀬戸内海沿岸・佐木島),34.4068436793139,133.06678907649,21.4,0,0,ＪＲ山陽本線「三原」徒歩28分,三原,walk,徒歩28分,28,230,258,3K,,72.36,128.0,1966,1966年1月,residential,,採光,,https://img01.suumo.com/jj/resizeImage?src=gazo%2Fbukken%2F080%2FN010000%2Fimg%2F380%2F21464380%2F21464380_0001.jpg&w=192&h=144,22.0,5.0,-50.0,1.0,0.0,0.0,discovered,,2026-10-03T15:43:23.295392,2026-10-03T15:43:23.295392,0,,,1,,0,compound
suumo_21613234,suumo,https://suumo.jp/chukoikkodate/hiroshima/sc_mihara/nc_21613234/,尾道・福山の不動産売却・購入のご相談は『タカハシグループ』へお任せくださ…,460.0,4600000,広島県三原市糸崎４-19-16,広島県,三原市 (瀬戸内海沿岸・佐木島),34.3953871684589,133.105327622786,32.3,0,0,ＪＲ山陽本線「糸崎」徒歩5分,糸崎,walk,徒歩5分,5,240,245,5DK+S（納戸）,,82.64,481.52,1927,1927年1月,residential,,,,https://img01.suumo.com/jj/resizeImage?src=gazo%2Fbukken%2F080%2FN010000%2Fimg%2F234%2F21613234%2F21613234_0022.jpg&w=192&h=144,18.0,5.0,-32.0,4.0,0.0,0.0,discovered,,2026-10-03T15:43:34.452897,2026-10-03T15:43:34.452897,0,,,1,,0,debris_flow
suumo_21782605,suumo,https://suumo.jp/chukoikkodate/shizuoka/sc_shimoda/nc_21782605/,河内（蓮台寺駅） 500万円,500.0,5000000,静岡県下田市河内,静岡県,下田市 (南伊豆・白浜/吉佐美/外浦海岸),34.700368943955,138.943574057535,15.4,0,0,伊豆急行「蓮台寺」徒歩5分,蓮台寺,walk,徒歩5分,5,120,125,5DK,,93.3,307.43,1972,1972年11月,residential,,平坦地,,https://img01.suumo.com/jj/resizeImage?src=gazo%2Fbukken%2F050%2FN010000%2Fimg%2F605%2F21782605%2F21782605_0001.jpg&w=192&h=144,18.0,5.0,-50.0,7.0,6.0,0.0,discovered,,2026-10-03T15:45:53.647913,2026-10-03T15:45:53.647913,0,,,1,,0,compound
suumo_21172625,suumo,https://suumo.jp/chukoikkodate/chiba/sc_kimitsu/nc_21172625/,【総武線快速】始発駅にもなる君津駅徒歩圏内の中古戸建になります！,390.0,3900000,千葉県君津市大和田１,千葉県,君津市 (亀山湖/笹川渓谷・東京75分),35.3381035445161,139.877725820493,7.9,0,0,ＪＲ内房線「君津」徒歩25分,君津,walk,徒歩25分,25,70,95,4LDK,,89.56,191.73,1978,1978年8月,residential,,"バルコニー, 駅徒歩圏",,https://img01.suumo.com/jj/resizeImage?src=gazo%2Fbukken%2F030%2FN010000%2Fimg%2F625%2F21172625%2F21172625_0028.jpg&w=192&h=144,18.0,5.0,-48.0,7.0,8.0,0.0,discovered,,2026-10-03T15:48:13.858871,2026-10-03T15:48:13.858871,0,,Likely Cliff Edge,1,がけ条例適用,0,steep_slope
suumo_21664394,suumo,https://suumo.jp/chukoikkodate/ibaraki/sc_hitachi/nc_21664394/,■南向きの5DK物件！■カーポート付き駐車場1台分あり♪,380.0,3800000,茨城県日立市森山町２,茨城県,日立市 (太平洋オーシャンビュー断崖・特急95分),36.5229529400382,140.619858962381,25.5,0,0,ＪＲ常磐線「大甕」徒歩22分,大甕,walk,徒歩22分,22,100,122,5DK,,117.31,380.87,1977,1977年2月,residential,,南向き,,https://img01.suumo.com/jj/resizeImage?src=gazo%2Fbukken%2F030%2FN010000%2Fimg%2F394%2F21664394%2F21664394_0001.jpg&w=192&h=144,18.0,5.0,-48.0,10.0,6.0,0.0,discovered,,2026-10-03T15:50:17.318527,2026-10-03T15:50:17.318527,0,,Likely Cliff Edge,1,がけ条例適用,0,steep_slope
